concept,aliases_used,iter1_group,iter1_home,t0,iter1_status,joined,join_on,openalex_id,oa_label,level,provisional_group,n_events,events,sources_checked
zinc finger nuclease,zinc finger nuclease,BGM,"Biochemistry, Genetics and Molecular Biology",2005.0,dev,True,label_norm,C35802184,Zinc finger nuclease,5.0,BGM,2,2006:wikipedia_en:wikipedia_page_created_estimated; 2018:mesh:mesh_descriptor_introduced,"{""wikidata"": ""not_found"", ""wikipedia_en"": ""found_estimated"", ""mesh"": ""found"", ""acm_ccs"": ""not_applicable"", ""msc"": ""not_applicable"", ""pacs_physh"": ""not_applicable"", ""jel"": ""not_applicable"", ""nature_methods_moty"": ""not_found"", ""science_boty"": ""not_found"", ""physics_world_boty"": ""not_applicable"", ""mit_tr10"": ""not_found"", ""gartner_hype_cycle"": ""not_found"", ""research_fronts"": ""not_found""}"
Web 2.0,Web 2.0,,Social Sciences,2006.0,sealed_home_dropped,True,label_norm,C136699151,Web 2.0,3.0,CS,6,2005:wikipedia_en:wikipedia_page_created_estimated; 2006:gartner_hype_cycle:gartner_hype_cycle_emerging_tech_entry; 2007:gartner_hype_cycle:gartner_hype_cycle_emerging_tech_entry(narrower); 2007:gartner_hype_cycle:gartner_hype_cycle_emerging_tech_entry; 2008:gartner_hype_cycle:gartner_hype_cycle_emerging_tech_entry; 2009:gartner_hype_cycle:gartner_hype_cycle_emerging_tech_entry,"{""wikidata"": ""not_found"", ""wikipedia_en"": ""found_estimated"", ""mesh"": ""not_applicable"", ""acm_ccs"": ""not_found"", ""msc"": ""not_applicable"", ""pacs_physh"": ""not_applicable"", ""jel"": ""not_applicable"", ""nature_methods_moty"": ""not_applicable"", ""science_boty"": ""not_found"", ""physics_world_boty"": ""not_applicable"", ""mit_tr10"": ""not_found"", ""gartner_hype_cycle"": ""found"", ""research_fronts"": ""not_found""}"
sentiment analysis,sentiment analysis,CS,Computer Science,2007.0,dev,True,label_norm,C66402592,Sentiment analysis,2.0,CS,4,2006:wikipedia_en:wikipedia_page_created_estimated; 2012:acm_ccs:taxonomy_added_between; 2012:acm_ccs:taxonomy_in_version; 2022:mesh:mesh_descriptor_introduced,"{""wikidata"": ""not_found"", ""wikipedia_en"": ""found_estimated"", ""mesh"": ""found"", ""acm_ccs"": ""found"", ""msc"": ""not_applicable"", ""pacs_physh"": ""not_applicable"", ""jel"": ""not_applicable"", ""nature_methods_moty"": ""not_applicable"", ""science_boty"": ""not_found"", ""physics_world_boty"": ""not_applicable"", ""mit_tr10"": ""not_found"", ""gartner_hype_cycle"": ""not_found"", ""research_fronts"": ""not_found""}"
biosimilar,biosimilar,Med,Medicine,2006.0,dev,True,label_norm,C59491497,Biosimilar,2.0,BGM,2,2007:wikipedia_en:wikipedia_page_created_estimated; 2012:mesh:mesh_descriptor_introduced,"{""wikidata"": ""not_found"", ""wikipedia_en"": ""found_estimated"", ""mesh"": ""found"", ""acm_ccs"": ""not_applicable"", ""msc"": ""not_applicable"", ""pacs_physh"": ""not_applicable"", ""jel"": ""not_applicable"", ""nature_methods_moty"": ""not_found"", ""science_boty"": ""not_found"", ""physics_world_boty"": ""not_applicable"", ""mit_tr10"": ""not_found"", ""gartner_hype_cycle"": ""not_found"", ""research_fronts"": ""not_found""}"
smart grid,smart grid,Eng,Engineering,2008.0,dev,True,label_norm,C10558101,Smart grid,2.0,unassigned_multi,5,2004:mit_tr10:mit_tr10_breakthrough_technology(narrower); 2007:wikipedia_en:wikipedia_page_created_estimated; 2011:mit_tr10:mit_tr10_breakthrough_technology(narrower); 2012:acm_ccs:taxonomy_added_between; 2012:acm_ccs:taxonomy_in_version,"{""wikidata"": ""not_found"", ""wikipedia_en"": ""found_estimated"", ""mesh"": ""not_found"", ""acm_ccs"": ""found"", ""msc"": ""not_applicable"", ""pacs_physh"": ""not_applicable"", ""jel"": ""not_applicable"", ""nature_methods_moty"": ""not_found"", ""science_boty"": ""not_found"", ""physics_world_boty"": ""not_applicable"", ""mit_tr10"": ""found"", ""gartner_hype_cycle"": ""not_found"", ""research_fronts"": ""not_found""}"
cancer stem cell,cancer stem cell,Med,"Biochemistry, Genetics and Molecular Biology;Medicine",2003.0,dev,True,label_norm,C55427017,Cancer stem cell,3.0,BGM,3,1986:mesh:mesh_descriptor_introduced; 2005:wikipedia_en:wikipedia_page_created_estimated; 2010:mit_tr10:mit_tr10_breakthrough_technology(narrower),"{""wikidata"": ""not_found"", ""wikipedia_en"": ""found_estimated"", ""mesh"": ""found"", ""acm_ccs"": ""not_applicable"", ""msc"": ""not_applicable"", ""pacs_physh"": ""not_applicable"", ""jel"": ""not_applicable"", ""nature_methods_moty"": ""not_found"", ""science_boty"": ""not_found"", ""physics_world_boty"": ""not_applicable"", ""mit_tr10"": ""found"", ""gartner_hype_cycle"": ""not_found"", ""research_fronts"": ""not_found""}"
cardiac resynchronization therapy,cardiac resynchronization therapy,,,2002.0,t0_out_of_dev,True,label_norm,C2776034619,Cardiac resynchronization therapy,4.0,Med,2,2009:wikipedia_en:wikipedia_page_created_estimated; 2011:mesh:mesh_descriptor_introduced,"{""wikidata"": ""not_found"", ""wikipedia_en"": ""found_estimated"", ""mesh"": ""found"", ""acm_ccs"": ""not_applicable"", ""msc"": ""not_applicable"", ""pacs_physh"": ""not_applicable"", ""jel"": ""not_applicable"", ""nature_methods_moty"": ""not_found"", ""science_boty"": ""not_found"", ""physics_world_boty"": ""not_applicable"", ""mit_tr10"": ""not_found"", ""gartner_hype_cycle"": ""not_found"", ""research_fronts"": ""not_found""}"
crowdsourcing,crowdsourcing,,Social Sciences,2008.0,sealed_home_dropped,True,label_norm,C62230096,Crowdsourcing,2.0,unassigned_multi,5,2006:wikipedia_en:wikipedia_page_created_estimated; 2012:acm_ccs:taxonomy_added_between; 2012:acm_ccs:taxonomy_in_version; 2012:gartner_hype_cycle:gartner_hype_cycle_emerging_tech_entry; 2013:mesh:mesh_descriptor_introduced,"{""wikidata"": ""not_found"", ""wikipedia_en"": ""found_estimated"", ""mesh"": ""found"", ""acm_ccs"": ""found"", ""msc"": ""not_applicable"", ""pacs_physh"": ""not_applicable"", ""jel"": ""not_applicable"", ""nature_methods_moty"": ""not_applicable"", ""science_boty"": ""not_found"", ""physics_world_boty"": ""not_applicable"", ""mit_tr10"": ""not_found"", ""gartner_hype_cycle"": ""found"", ""research_fronts"": ""not_found""}"
mashup,mashup,CS,Computer Science,2007.0,dev,True,label_norm,C196126337,Mashup,4.0,CS,5,2005:wikipedia_en:wikipedia_page_created_estimated; 2006:gartner_hype_cycle:gartner_hype_cycle_emerging_tech_entry; 2007:gartner_hype_cycle:gartner_hype_cycle_emerging_tech_entry; 2012:acm_ccs:taxonomy_added_between; 2012:acm_ccs:taxonomy_in_version,"{""wikidata"": ""not_found"", ""wikipedia_en"": ""found_estimated"", ""mesh"": ""not_applicable"", ""acm_ccs"": ""found"", ""msc"": ""not_applicable"", ""pacs_physh"": ""not_applicable"", ""jel"": ""not_applicable"", ""nature_methods_moty"": ""not_applicable"", ""science_boty"": ""not_found"", ""physics_world_boty"": ""not_applicable"", ""mit_tr10"": ""not_found"", ""gartner_hype_cycle"": ""found"", ""research_fronts"": ""not_found""}"
dictionary learning,dictionary learning,,,2011.0,cohort_2010_2014,True,label_norm,C2988886741,Dictionary learning,3.0,CS,1,2015:wikipedia_en:wikipedia_page_created_estimated,"{""wikidata"": ""not_found"", ""wikipedia_en"": ""found_estimated"", ""mesh"": ""not_applicable"", ""acm_ccs"": ""not_found"", ""msc"": ""not_found"", ""pacs_physh"": ""not_applicable"", ""jel"": ""not_applicable"", ""nature_methods_moty"": ""not_applicable"", ""science_boty"": ""not_found"", ""physics_world_boty"": ""not_applicable"", ""mit_tr10"": ""not_found"", ""gartner_hype_cycle"": ""not_found"", ""research_fronts"": ""not_found""}"
drug-eluting stent,drug-eluting stent,,,2001.0,t0_out_of_dev,True,label_norm,C2777546689,Drug-eluting stent,4.0,Med,2,2006:wikipedia_en:wikipedia_page_created_estimated; 2008:mesh:mesh_descriptor_introduced,"{""wikidata"": ""not_found"", ""wikipedia_en"": ""found_estimated"", ""mesh"": ""found"", ""acm_ccs"": ""not_applicable"", ""msc"": ""not_applicable"", ""pacs_physh"": ""not_applicable"", ""jel"": ""not_applicable"", ""nature_methods_moty"": ""not_found"", ""science_boty"": ""not_found"", ""physics_world_boty"": ""not_applicable"", ""mit_tr10"": ""not_found"", ""gartner_hype_cycle"": ""not_found"", ""research_fronts"": ""not_found""}"
H5N1,H5N1,,,2000.0,t0_out_of_dev,False,,,,,,0,,
microbial fuel cell,microbial fuel cell,BGM,"Biochemistry, Genetics and Molecular Biology",2003.0,dev,True,label_norm,C165337572,Microbial fuel cell,4.0,Physical,2,2006:wikipedia_en:wikipedia_page_created_estimated; 2018:research_fronts:research_front_listed,"{""wikidata"": ""not_found"", ""wikipedia_en"": ""found_estimated"", ""mesh"": ""not_found"", ""acm_ccs"": ""not_applicable"", ""msc"": ""not_applicable"", ""pacs_physh"": ""not_found"", ""jel"": ""not_applicable"", ""nature_methods_moty"": ""not_found"", ""science_boty"": ""not_found"", ""physics_world_boty"": ""not_found"", ""mit_tr10"": ""not_found"", ""gartner_hype_cycle"": ""not_found"", ""research_fronts"": ""found""}"
DNA barcoding,DNA barcoding,BGM,"Biochemistry, Genetics and Molecular Biology",2005.0,dev,True,label_norm,C141732470,DNA barcoding,2.0,LifeEnv,2,2004:wikipedia_en:wikipedia_article_created; 2011:mesh:mesh_descriptor_introduced,"{""wikidata"": ""not_found"", ""wikipedia_en"": ""found"", ""mesh"": ""found"", ""acm_ccs"": ""not_applicable"", ""msc"": ""not_applicable"", ""pacs_physh"": ""not_applicable"", ""jel"": ""not_applicable"", ""nature_methods_moty"": ""not_found"", ""science_boty"": ""not_found"", ""physics_world_boty"": ""not_applicable"", ""mit_tr10"": ""not_found"", ""gartner_hype_cycle"": ""not_found"", ""research_fronts"": ""not_found""}"
demand response,demand response,,,2002.0,t0_out_of_dev,True,label_norm,C2779438525,Demand response,3.0,unassigned_multi,1,2005:wikipedia_en:wikipedia_page_created_estimated,"{""wikidata"": ""not_found"", ""wikipedia_en"": ""found_estimated"", ""mesh"": ""not_applicable"", ""acm_ccs"": ""not_applicable"", ""msc"": ""not_applicable"", ""pacs_physh"": ""not_found"", ""jel"": ""not_applicable"", ""nature_methods_moty"": ""not_applicable"", ""science_boty"": ""not_found"", ""physics_world_boty"": ""not_found"", ""mit_tr10"": ""not_found"", ""gartner_hype_cycle"": ""not_found"", ""research_fronts"": ""not_found""}"
pandemic H1N1,pandemic H1N1|swine flu,Med,Medicine,2009.0,dev,False,,,,,,0,,
genome-wide association study,genome-wide association study|GWAS,,,2000.0,t0_out_of_dev,True,label_norm,C106208931,Genome-wide association study,5.0,BGM,2,2007:wikipedia_en:wikipedia_page_created_estimated; 2009:mesh:mesh_descriptor_introduced,"{""wikidata"": ""not_found"", ""wikipedia_en"": ""found_estimated"", ""mesh"": ""found"", ""acm_ccs"": ""not_applicable"", ""msc"": ""not_applicable"", ""pacs_physh"": ""not_applicable"", ""jel"": ""not_applicable"", ""nature_methods_moty"": ""not_found"", ""science_boty"": ""not_found"", ""physics_world_boty"": ""not_applicable"", ""mit_tr10"": ""not_found"", ""gartner_hype_cycle"": ""not_found"", ""research_fronts"": ""not_found""}"
WiMAX,WiMAX,,Social Sciences,2004.0,sealed_home_dropped,True,label_norm,C113950482,WiMAX,3.0,CS,3,2004:gartner_hype_cycle:gartner_hype_cycle_emerging_tech_entry(narrower); 2004:wikipedia_en:wikipedia_page_created_estimated; 2005:gartner_hype_cycle:gartner_hype_cycle_emerging_tech_entry(narrower),"{""wikidata"": ""not_found"", ""wikipedia_en"": ""found_estimated"", ""mesh"": ""not_applicable"", ""acm_ccs"": ""not_found"", ""msc"": ""not_applicable"", ""pacs_physh"": ""not_applicable"", ""jel"": ""not_applicable"", ""nature_methods_moty"": ""not_applicable"", ""science_boty"": ""not_found"", ""physics_world_boty"": ""not_applicable"", ""mit_tr10"": ""not_found"", ""gartner_hype_cycle"": ""found"", ""research_fronts"": ""not_found""}"
latent Dirichlet allocation,latent Dirichlet allocation,CS,Computer Science,2007.0,dev,True,label_norm,C500882744,Latent Dirichlet allocation,3.0,CS,5,2000:wikidata:wikidata_inception; 2003:wikidata:wikidata_inception; 2006:wikipedia_en:wikipedia_page_created_estimated; 2012:acm_ccs:taxonomy_added_between; 2012:acm_ccs:taxonomy_in_version,"{""wikidata"": ""found"", ""wikipedia_en"": ""found_estimated"", ""mesh"": ""not_applicable"", ""acm_ccs"": ""found"", ""msc"": ""not_applicable"", ""pacs_physh"": ""not_applicable"", ""jel"": ""not_applicable"", ""nature_methods_moty"": ""not_applicable"", ""science_boty"": ""not_found"", ""physics_world_boty"": ""not_applicable"", ""mit_tr10"": ""not_found"", ""gartner_hype_cycle"": ""not_found"", ""research_fronts"": ""not_found""}"
microblog,microblog,,Social Sciences,2009.0,sealed_home_dropped,False,,,,,,0,,
social tagging,social tagging,CS,Computer Science,2006.0,dev,True,alias_norm,C2778431730,Folksonomy,2.0,CS,4,2004:wikipedia_en:wikipedia_article_created; 2006:gartner_hype_cycle:gartner_hype_cycle_emerging_tech_entry; 2012:acm_ccs:taxonomy_added_between; 2012:acm_ccs:taxonomy_in_version,"{""wikidata"": ""not_found"", ""wikipedia_en"": ""found"", ""mesh"": ""not_applicable"", ""acm_ccs"": ""found"", ""msc"": ""not_applicable"", ""pacs_physh"": ""not_applicable"", ""jel"": ""not_applicable"", ""nature_methods_moty"": ""not_applicable"", ""science_boty"": ""not_found"", ""physics_world_boty"": ""not_applicable"", ""mit_tr10"": ""not_found"", ""gartner_hype_cycle"": ""found"", ""research_fronts"": ""not_found""}"
synthetic biology,synthetic biology,BGM,"Biochemistry, Genetics and Molecular Biology",2005.0,dev,True,label_norm,C191908910,Synthetic biology,2.0,BGM,5,2004:mit_tr10:mit_tr10_breakthrough_technology; 2004:wikipedia_en:wikipedia_article_created; 2011:mesh:mesh_descriptor_introduced; 2011:mit_tr10:mit_tr10_breakthrough_technology(narrower); 2019:research_fronts:research_front_listed(narrower),"{""wikidata"": ""not_found"", ""wikipedia_en"": ""found"", ""mesh"": ""found"", ""acm_ccs"": ""not_applicable"", ""msc"": ""not_applicable"", ""pacs_physh"": ""not_applicable"", ""jel"": ""not_applicable"", ""nature_methods_moty"": ""not_found"", ""science_boty"": ""not_found"", ""physics_world_boty"": ""not_applicable"", ""mit_tr10"": ""found"", ""gartner_hype_cycle"": ""not_found"", ""research_fronts"": ""found""}"
long noncoding RNA,long noncoding RNA|lncRNA,BGM,"Biochemistry, Genetics and Molecular Biology",2008.0,dev,True,alias_norm,C62203573,Long non-coding RNA,4.0,BGM,5,2008:wikipedia_en:wikipedia_page_created_estimated; 2013:mesh:mesh_descriptor_introduced; 2017:research_fronts:research_front_listed; 2018:research_fronts:research_front_listed; 2020:research_fronts:research_front_listed,"{""wikidata"": ""not_found"", ""wikipedia_en"": ""found_estimated"", ""mesh"": ""found"", ""acm_ccs"": ""not_applicable"", ""msc"": ""not_applicable"", ""pacs_physh"": ""not_applicable"", ""jel"": ""not_applicable"", ""nature_methods_moty"": ""not_found"", ""science_boty"": ""not_found"", ""physics_world_boty"": ""not_applicable"", ""mit_tr10"": ""not_found"", ""gartner_hype_cycle"": ""not_found"", ""research_fronts"": ""found""}"
comparative effectiveness research,comparative effectiveness research,Med,Medicine,2009.0,dev,True,label_norm,C2778111679,Comparative effectiveness research,3.0,Social,2,2009:wikipedia_en:wikipedia_page_created_estimated; 2010:mesh:mesh_descriptor_introduced,"{""wikidata"": ""not_found"", ""wikipedia_en"": ""found_estimated"", ""mesh"": ""found"", ""acm_ccs"": ""not_applicable"", ""msc"": ""not_applicable"", ""pacs_physh"": ""not_applicable"", ""jel"": ""not_found"", ""nature_methods_moty"": ""not_found"", ""science_boty"": ""not_found"", ""physics_world_boty"": ""not_applicable"", ""mit_tr10"": ""not_found"", ""gartner_hype_cycle"": ""not_found"", ""research_fronts"": ""not_found""}"
virtual power plant,virtual power plant,,,2011.0,cohort_2010_2014,True,label_norm,C2776033628,Virtual power plant,4.0,unassigned_multi,1,2006:wikipedia_en:wikipedia_page_created_estimated,"{""wikidata"": ""not_found"", ""wikipedia_en"": ""found_estimated"", ""mesh"": ""not_found"", ""acm_ccs"": ""not_applicable"", ""msc"": ""not_applicable"", ""pacs_physh"": ""not_found"", ""jel"": ""not_applicable"", ""nature_methods_moty"": ""not_found"", ""science_boty"": ""not_found"", ""physics_world_boty"": ""not_found"", ""mit_tr10"": ""not_found"", ""gartner_hype_cycle"": ""not_found"", ""research_fronts"": ""not_found""}"
exome sequencing,exome sequencing,,,2010.0,cohort_2010_2014,True,label_norm,C16671776,Exome sequencing,4.0,BGM,3,2010:wikipedia_en:wikipedia_page_created_estimated; 2017:research_fronts:research_front_listed(narrower); 2018:mesh:mesh_descriptor_introduced,"{""wikidata"": ""not_found"", ""wikipedia_en"": ""found_estimated"", ""mesh"": ""found"", ""acm_ccs"": ""not_applicable"", ""msc"": ""not_applicable"", ""pacs_physh"": ""not_applicable"", ""jel"": ""not_applicable"", ""nature_methods_moty"": ""not_found"", ""science_boty"": ""not_found"", ""physics_world_boty"": ""not_applicable"", ""mit_tr10"": ""not_found"", ""gartner_hype_cycle"": ""not_found"", ""research_fronts"": ""found""}"
sirtuin,sirtuin,BGM,"Biochemistry, Genetics and Molecular Biology",2003.0,dev,True,label_norm,C2780561631,Sirtuin,4.0,unassigned_multi,2,2003:mesh:mesh_descriptor_introduced; 2006:wikipedia_en:wikipedia_page_created_estimated,"{""wikidata"": ""not_found"", ""wikipedia_en"": ""found_estimated"", ""mesh"": ""found"", ""acm_ccs"": ""not_applicable"", ""msc"": ""not_applicable"", ""pacs_physh"": ""not_found"", ""jel"": ""not_applicable"", ""nature_methods_moty"": ""not_found"", ""science_boty"": ""not_found"", ""physics_world_boty"": ""not_found"", ""mit_tr10"": ""not_found"", ""gartner_hype_cycle"": ""not_found"", ""research_fronts"": ""not_found""}"
next-generation sequencing,next-generation sequencing,Med,Medicine,2005.0,dev,True,alias_norm,C192800701,Massive parallel sequencing,4.0,BGM,3,2007:nature_methods_moty:nature_methods_method_of_the_year(narrower); 2011:mesh:mesh_descriptor_introduced(narrower); 2011:wikipedia_en:wikipedia_page_created_estimated,"{""wikidata"": ""not_found"", ""wikipedia_en"": ""found_estimated"", ""mesh"": ""found"", ""acm_ccs"": ""not_applicable"", ""msc"": ""not_applicable"", ""pacs_physh"": ""not_applicable"", ""jel"": ""not_applicable"", ""nature_methods_moty"": ""found"", ""science_boty"": ""not_found"", ""physics_world_boty"": ""not_applicable"", ""mit_tr10"": ""not_found"", ""gartner_hype_cycle"": ""not_found"", ""research_fronts"": ""not_found""}"
vehicle-to-grid,vehicle-to-grid,,,2010.0,cohort_2010_2014,True,label_norm,C2780068603,Vehicle-to-grid,4.0,Physical,1,2005:wikipedia_en:wikipedia_page_created_estimated,"{""wikidata"": ""not_found"", ""wikipedia_en"": ""found_estimated"", ""mesh"": ""not_applicable"", ""acm_ccs"": ""not_applicable"", ""msc"": ""not_applicable"", ""pacs_physh"": ""not_found"", ""jel"": ""not_applicable"", ""nature_methods_moty"": ""not_applicable"", ""science_boty"": ""not_found"", ""physics_world_boty"": ""not_found"", ""mit_tr10"": ""not_found"", ""gartner_hype_cycle"": ""not_found"", ""research_fronts"": ""not_found""}"
takotsubo cardiomyopathy,takotsubo cardiomyopathy,Med,Medicine,2004.0,dev,True,alias_norm,C2910792892,Takotsubo syndrome,4.0,Med,2,2006:wikipedia_en:wikipedia_page_created_estimated; 2008:mesh:mesh_descriptor_introduced,"{""wikidata"": ""not_found"", ""wikipedia_en"": ""found_estimated"", ""mesh"": ""found"", ""acm_ccs"": ""not_applicable"", ""msc"": ""not_applicable"", ""pacs_physh"": ""not_applicable"", ""jel"": ""not_applicable"", ""nature_methods_moty"": ""not_found"", ""science_boty"": ""not_found"", ""physics_world_boty"": ""not_applicable"", ""mit_tr10"": ""not_found"", ""gartner_hype_cycle"": ""not_found"", ""research_fronts"": ""not_found""}"
energy harvesting,energy harvesting,Eng,Engineering,2004.0,dev,True,label_norm,C101518730,Energy harvesting,3.0,Physical,4,2005:wikipedia_en:wikipedia_page_created_estimated; 2012:physics_world_boty:physics_world_breakthrough_of_the_year(narrower); 2016:pacs_physh:taxonomy_added_between(narrower); 2016:pacs_physh:taxonomy_in_version(narrower),"{""wikidata"": ""not_found"", ""wikipedia_en"": ""found_estimated"", ""mesh"": ""not_applicable"", ""acm_ccs"": ""not_applicable"", ""msc"": ""not_found"", ""pacs_physh"": ""found"", ""jel"": ""not_applicable"", ""nature_methods_moty"": ""not_applicable"", ""science_boty"": ""not_found"", ""physics_world_boty"": ""found"", ""mit_tr10"": ""not_found"", ""gartner_hype_cycle"": ""not_found"", ""research_fronts"": ""not_found""}"
ZigBee,ZigBee,,Social Sciences,2004.0,sealed_home_dropped,False,,,,,,0,,
extreme learning machine,extreme learning machine,CS,Computer Science,2008.0,dev,True,label_norm,C2780150128,Extreme learning machine,3.0,CS,2,2015:wikipedia_en:wikipedia_page_created_estimated; 2025:mesh:mesh_descriptor_introduced,"{""wikidata"": ""not_found"", ""wikipedia_en"": ""found_estimated"", ""mesh"": ""found"", ""acm_ccs"": ""not_found"", ""msc"": ""not_applicable"", ""pacs_physh"": ""not_applicable"", ""jel"": ""not_applicable"", ""nature_methods_moty"": ""not_applicable"", ""science_boty"": ""not_found"", ""physics_world_boty"": ""not_applicable"", ""mit_tr10"": ""not_found"", ""gartner_hype_cycle"": ""not_found"", ""research_fronts"": ""not_found""}"
chronic traumatic encephalopathy,chronic traumatic encephalopathy,,,2010.0,cohort_2010_2014,True,label_norm,C2911139526,Chronic traumatic encephalopathy,5.0,Med,2,2006:wikipedia_en:wikipedia_page_created_estimated; 2017:mesh:mesh_descriptor_introduced,"{""wikidata"": ""not_found"", ""wikipedia_en"": ""found_estimated"", ""mesh"": ""found"", ""acm_ccs"": ""not_applicable"", ""msc"": ""not_applicable"", ""pacs_physh"": ""not_applicable"", ""jel"": ""not_applicable"", ""nature_methods_moty"": ""not_found"", ""science_boty"": ""not_found"", ""physics_world_boty"": ""not_applicable"", ""mit_tr10"": ""not_found"", ""gartner_hype_cycle"": ""not_found"", ""research_fronts"": ""not_found""}"
wireless body area network,wireless body area network,Eng,Engineering,2008.0,dev,True,alias_norm,C88737568,Body area network,3.0,CS,1,2011:wikipedia_en:wikipedia_page_created_estimated,"{""wikidata"": ""not_found"", ""wikipedia_en"": ""found_estimated"", ""mesh"": ""not_applicable"", ""acm_ccs"": ""not_found"", ""msc"": ""not_applicable"", ""pacs_physh"": ""not_applicable"", ""jel"": ""not_applicable"", ""nature_methods_moty"": ""not_applicable"", ""science_boty"": ""not_found"", ""physics_world_boty"": ""not_applicable"", ""mit_tr10"": ""not_found"", ""gartner_hype_cycle"": ""not_found"", ""research_fronts"": ""not_found""}"
learning to rank,learning to rank,CS,Computer Science,2009.0,dev,True,label_norm,C86037889,Learning to rank,3.0,CS,3,2009:wikipedia_en:wikipedia_page_created_estimated; 2012:acm_ccs:taxonomy_added_between; 2012:acm_ccs:taxonomy_in_version,"{""wikidata"": ""not_found"", ""wikipedia_en"": ""found_estimated"", ""mesh"": ""not_applicable"", ""acm_ccs"": ""found"", ""msc"": ""not_applicable"", ""pacs_physh"": ""not_applicable"", ""jel"": ""not_applicable"", ""nature_methods_moty"": ""not_applicable"", ""science_boty"": ""not_found"", ""physics_world_boty"": ""not_applicable"", ""mit_tr10"": ""not_found"", ""gartner_hype_cycle"": ""not_found"", ""research_fronts"": ""not_found""}"
service-oriented architecture,service-oriented architecture,CS,Computer Science,2003.0,dev,True,label_norm,C57041688,Service-oriented architecture,3.0,unassigned_multi,9,2004:gartner_hype_cycle:gartner_hype_cycle_emerging_tech_entry; 2004:wikipedia_en:wikipedia_page_created_estimated; 2005:gartner_hype_cycle:gartner_hype_cycle_emerging_tech_entry; 2007:gartner_hype_cycle:gartner_hype_cycle_emerging_tech_entry; 2008:gartner_hype_cycle:gartner_hype_cycle_emerging_tech_entry(narrower); 2008:gartner_hype_cycle:gartner_hype_cycle_emerging_tech_entry; 2009:gartner_hype_cycle:gartner_hype_cycle_emerging_tech_entry; 2012:acm_ccs:taxonomy_added_between; 2012:acm_ccs:taxonomy_in_version,"{""wikidata"": ""not_found"", ""wikipedia_en"": ""found_estimated"", ""mesh"": ""not_applicable"", ""acm_ccs"": ""found"", ""msc"": ""not_applicable"", ""pacs_physh"": ""not_applicable"", ""jel"": ""not_applicable"", ""nature_methods_moty"": ""not_applicable"", ""science_boty"": ""not_found"", ""physics_world_boty"": ""not_applicable"", ""mit_tr10"": ""not_found"", ""gartner_hype_cycle"": ""found"", ""research_fronts"": ""not_found""}"
piRNA,piRNA,BGM,"Biochemistry, Genetics and Molecular Biology",2007.0,dev,True,alias_norm,C188172738,RasiRNA,5.0,BGM,2,2006:wikipedia_en:wikipedia_page_created_estimated; 2023:mesh:mesh_descriptor_introduced,"{""wikidata"": ""not_found"", ""wikipedia_en"": ""found_estimated"", ""mesh"": ""found"", ""acm_ccs"": ""not_applicable"", ""msc"": ""not_applicable"", ""pacs_physh"": ""not_applicable"", ""jel"": ""not_applicable"", ""nature_methods_moty"": ""not_found"", ""science_boty"": ""not_found"", ""physics_world_boty"": ""not_applicable"", ""mit_tr10"": ""not_found"", ""gartner_hype_cycle"": ""not_found"", ""research_fronts"": ""not_found""}"
lipidomics,lipidomics,BGM,"Biochemistry, Genetics and Molecular Biology",2004.0,dev,True,label_norm,C58017582,Lipidomics,2.0,BGM,2,2004:wikipedia_en:wikipedia_article_created; 2020:mesh:mesh_descriptor_introduced,"{""wikidata"": ""not_found"", ""wikipedia_en"": ""found"", ""mesh"": ""found"", ""acm_ccs"": ""not_applicable"", ""msc"": ""not_applicable"", ""pacs_physh"": ""not_applicable"", ""jel"": ""not_applicable"", ""nature_methods_moty"": ""not_found"", ""science_boty"": ""not_found"", ""physics_world_boty"": ""not_applicable"", ""mit_tr10"": ""not_found"", ""gartner_hype_cycle"": ""not_found"", ""research_fronts"": ""not_found""}"
network coding,network coding,Eng,Computer Science;Engineering,2004.0,dev,False,,,,,,0,,
severe acute respiratory syndrome,severe acute respiratory syndrome|SARS coronavirus,Med,Medicine,2003.0,dev,True,label_norm,C2778859668,Severe acute respiratory syndrome,5.0,Med,2,2003:mesh:mesh_descriptor_introduced; 2003:wikipedia_en:wikipedia_page_created_estimated,"{""wikidata"": ""not_found"", ""wikipedia_en"": ""found_estimated"", ""mesh"": ""found"", ""acm_ccs"": ""not_applicable"", ""msc"": ""not_applicable"", ""pacs_physh"": ""not_applicable"", ""jel"": ""not_applicable"", ""nature_methods_moty"": ""not_found"", ""science_boty"": ""not_found"", ""physics_world_boty"": ""not_applicable"", ""mit_tr10"": ""not_found"", ""gartner_hype_cycle"": ""not_found"", ""research_fronts"": ""not_found""}"
cognitive radio,cognitive radio,Eng,Engineering,2005.0,dev,True,label_norm,C149946192,Cognitive radio,3.0,CS,4,2004:wikipedia_en:wikipedia_page_created_estimated; 2006:mit_tr10:mit_tr10_breakthrough_technology; 2012:acm_ccs:taxonomy_added_between; 2012:acm_ccs:taxonomy_in_version,"{""wikidata"": ""not_found"", ""wikipedia_en"": ""found_estimated"", ""mesh"": ""not_applicable"", ""acm_ccs"": ""found"", ""msc"": ""not_applicable"", ""pacs_physh"": ""not_applicable"", ""jel"": ""not_applicable"", ""nature_methods_moty"": ""not_applicable"", ""science_boty"": ""not_found"", ""physics_world_boty"": ""not_applicable"", ""mit_tr10"": ""found"", ""gartner_hype_cycle"": ""not_found"", ""research_fronts"": ""not_found""}"
structural health monitoring,structural health monitoring,,,2000.0,t0_out_of_dev,True,label_norm,C2776247918,Structural health monitoring,2.0,Eng,1,2005:wikipedia_en:wikipedia_page_created_estimated,"{""wikidata"": ""not_found"", ""wikipedia_en"": ""found_estimated"", ""mesh"": ""not_applicable"", ""acm_ccs"": ""not_applicable"", ""msc"": ""not_applicable"", ""pacs_physh"": ""not_found"", ""jel"": ""not_applicable"", ""nature_methods_moty"": ""not_applicable"", ""science_boty"": ""not_found"", ""physics_world_boty"": ""not_found"", ""mit_tr10"": ""not_found"", ""gartner_hype_cycle"": ""not_found"", ""research_fronts"": ""not_found""}"
MapReduce,MapReduce,CS,Computer Science,2008.0,dev,True,alias_norm,C3019257732,Map reduce,3.0,CS,1,2005:wikipedia_en:wikipedia_page_created_estimated,"{""wikidata"": ""not_found"", ""wikipedia_en"": ""found_estimated"", ""mesh"": ""not_applicable"", ""acm_ccs"": ""not_found"", ""msc"": ""not_applicable"", ""pacs_physh"": ""not_applicable"", ""jel"": ""not_applicable"", ""nature_methods_moty"": ""not_applicable"", ""science_boty"": ""not_found"", ""physics_world_boty"": ""not_applicable"", ""mit_tr10"": ""not_found"", ""gartner_hype_cycle"": ""not_found"", ""research_fronts"": ""not_found""}"
differential privacy,differential privacy,,,2010.0,cohort_2010_2014,True,label_norm,C23130292,Differential privacy,2.0,CS,3,2009:wikipedia_en:wikipedia_page_created_estimated; 2020:gartner_hype_cycle:gartner_hype_cycle_emerging_tech_entry; 2020:mit_tr10:mit_tr10_breakthrough_technology,"{""wikidata"": ""not_found"", ""wikipedia_en"": ""found_estimated"", ""mesh"": ""not_applicable"", ""acm_ccs"": ""not_found"", ""msc"": ""not_found"", ""pacs_physh"": ""not_applicable"", ""jel"": ""not_applicable"", ""nature_methods_moty"": ""not_applicable"", ""science_boty"": ""not_found"", ""physics_world_boty"": ""not_applicable"", ""mit_tr10"": ""found"", ""gartner_hype_cycle"": ""found"", ""research_fronts"": ""not_found""}"
cyber-physical system,cyber-physical system,CS,Computer Science,2008.0,dev,True,label_norm,C179768478,Cyber-physical system,2.0,CS,3,2008:wikipedia_en:wikipedia_page_created_estimated; 2012:acm_ccs:taxonomy_added_between; 2012:acm_ccs:taxonomy_in_version,"{""wikidata"": ""not_found"", ""wikipedia_en"": ""found_estimated"", ""mesh"": ""not_applicable"", ""acm_ccs"": ""found"", ""msc"": ""not_applicable"", ""pacs_physh"": ""not_applicable"", ""jel"": ""not_applicable"", ""nature_methods_moty"": ""not_applicable"", ""science_boty"": ""not_found"", ""physics_world_boty"": ""not_applicable"", ""mit_tr10"": ""not_found"", ""gartner_hype_cycle"": ""not_found"", ""research_fronts"": ""not_found""}"
ultra-wideband,ultra-wideband,,,2000.0,t0_out_of_dev,True,label_norm,C21916231,Ultra-wideband,2.0,Eng,2,2003:gartner_hype_cycle:gartner_hype_cycle_emerging_tech_entry; 2003:wikipedia_en:wikipedia_article_created,"{""wikidata"": ""not_found"", ""wikipedia_en"": ""found"", ""mesh"": ""not_applicable"", ""acm_ccs"": ""not_found"", ""msc"": ""not_applicable"", ""pacs_physh"": ""not_applicable"", ""jel"": ""not_applicable"", ""nature_methods_moty"": ""not_applicable"", ""science_boty"": ""not_found"", ""physics_world_boty"": ""not_applicable"", ""mit_tr10"": ""not_found"", ""gartner_hype_cycle"": ""found"", ""research_fronts"": ""not_found""}"
induced pluripotent stem cell,induced pluripotent stem cell,BGM,"Biochemistry, Genetics and Molecular Biology",2007.0,dev,True,label_norm,C107459253,Induced pluripotent stem cell,4.0,BGM,4,2007:wikipedia_en:wikipedia_page_created_estimated; 2008:science_boty:science_breakthrough_of_the_year(narrower); 2009:nature_methods_moty:nature_methods_method_of_the_year; 2010:mesh:mesh_descriptor_introduced,"{""wikidata"": ""not_found"", ""wikipedia_en"": ""found_estimated"", ""mesh"": ""found"", ""acm_ccs"": ""not_applicable"", ""msc"": ""not_applicable"", ""pacs_physh"": ""not_applicable"", ""jel"": ""not_applicable"", ""nature_methods_moty"": ""found"", ""science_boty"": ""found"", ""physics_world_boty"": ""not_applicable"", ""mit_tr10"": ""not_found"", ""gartner_hype_cycle"": ""not_found"", ""research_fronts"": ""not_found""}"
carbon capture and storage,carbon capture and storage,Eng,Engineering,2006.0,dev,True,alias_norm,C2778379663,Carbon capture and storage (timeline),3.0,unassigned_multi,3,2008:wikipedia_en:wikipedia_page_created_estimated; 2019:mit_tr10:mit_tr10_breakthrough_technology(narrower); 2022:mit_tr10:mit_tr10_breakthrough_technology(narrower),"{""wikidata"": ""not_found"", ""wikipedia_en"": ""found_estimated"", ""mesh"": ""not_found"", ""acm_ccs"": ""not_applicable"", ""msc"": ""not_applicable"", ""pacs_physh"": ""not_applicable"", ""jel"": ""not_applicable"", ""nature_methods_moty"": ""not_found"", ""science_boty"": ""not_found"", ""physics_world_boty"": ""not_applicable"", ""mit_tr10"": ""found"", ""gartner_hype_cycle"": ""not_found"", ""research_fronts"": ""not_found""}"
vehicular ad hoc network,vehicular ad hoc network|VANET,Eng,Engineering,2006.0,dev,True,label_norm,C192448918,Vehicular ad hoc network,4.0,CS,1,2006:wikipedia_en:wikipedia_article_created,"{""wikidata"": ""not_found"", ""wikipedia_en"": ""found"", ""mesh"": ""not_applicable"", ""acm_ccs"": ""not_found"", ""msc"": ""not_applicable"", ""pacs_physh"": ""not_applicable"", ""jel"": ""not_applicable"", ""nature_methods_moty"": ""not_applicable"", ""science_boty"": ""not_found"", ""physics_world_boty"": ""not_applicable"", ""mit_tr10"": ""not_found"", ""gartner_hype_cycle"": ""not_found"", ""research_fronts"": ""not_found""}"
compressed sensing,compressed sensing|compressive sensing,Med,Medicine,2007.0,dev,True,label_norm,C124851039,Compressed sensing,2.0,CS,1,2007:wikipedia_en:wikipedia_page_created_estimated,"{""wikidata"": ""not_found"", ""wikipedia_en"": ""found_estimated"", ""mesh"": ""not_applicable"", ""acm_ccs"": ""not_found"", ""msc"": ""not_found"", ""pacs_physh"": ""not_applicable"", ""jel"": ""not_applicable"", ""nature_methods_moty"": ""not_applicable"", ""science_boty"": ""not_found"", ""physics_world_boty"": ""not_applicable"", ""mit_tr10"": ""not_found"", ""gartner_hype_cycle"": ""not_found"", ""research_fronts"": ""not_found""}"
capsule endoscopy,capsule endoscopy,,,2002.0,t0_out_of_dev,True,label_norm,C2777333622,Capsule endoscopy,2.0,Med,3,2000:wikidata:wikidata_inception; 2007:mesh:mesh_descriptor_introduced; 2007:wikipedia_en:wikipedia_page_created_estimated,"{""wikidata"": ""found"", ""wikipedia_en"": ""found_estimated"", ""mesh"": ""found"", ""acm_ccs"": ""not_applicable"", ""msc"": ""not_applicable"", ""pacs_physh"": ""not_applicable"", ""jel"": ""not_applicable"", ""nature_methods_moty"": ""not_found"", ""science_boty"": ""not_found"", ""physics_world_boty"": ""not_applicable"", ""mit_tr10"": ""not_found"", ""gartner_hype_cycle"": ""not_found"", ""research_fronts"": ""not_found""}"
internet of things,internet of things,CS,Computer Science,2005.0,dev,True,label_norm,C81860439,Internet of Things,2.0,CS,10,2007:wikipedia_en:wikipedia_page_created_estimated; 2011:gartner_hype_cycle:gartner_hype_cycle_emerging_tech_entry; 2012:gartner_hype_cycle:gartner_hype_cycle_emerging_tech_entry; 2013:gartner_hype_cycle:gartner_hype_cycle_emerging_tech_entry; 2014:gartner_hype_cycle:gartner_hype_cycle_emerging_tech_entry; 2015:gartner_hype_cycle:gartner_hype_cycle_emerging_tech_entry; 2016:gartner_hype_cycle:gartner_hype_cycle_emerging_tech_entry(broader); 2017:gartner_hype_cycle:gartner_hype_cycle_emerging_tech_entry(broader); 2018:gartner_hype_cycle:gartner_hype_cycle_emerging_tech_entry(broader); 2020:mesh:mesh_descriptor_introduced,"{""wikidata"": ""not_found"", ""wikipedia_en"": ""found_estimated"", ""mesh"": ""found"", ""acm_ccs"": ""not_found"", ""msc"": ""not_applicable"", ""pacs_physh"": ""not_applicable"", ""jel"": ""not_applicable"", ""nature_methods_moty"": ""not_applicable"", ""science_boty"": ""not_found"", ""physics_world_boty"": ""not_applicable"", ""mit_tr10"": ""not_found"", ""gartner_hype_cycle"": ""found"", ""research_fronts"": ""not_found""}"
ribotype 027,ribotype 027,Med,Medicine,2007.0,dev,False,,,,,,0,,
HPV vaccine,HPV vaccine,,,2000.0,t0_out_of_dev,True,label_norm,C2780009117,HPV vaccines,5.0,unassigned_multi,3,2005:wikipedia_en:wikipedia_page_created_estimated; 2007:mesh:mesh_descriptor_introduced; 2016:mesh:mesh_descriptor_introduced,"{""wikidata"": ""not_found"", ""wikipedia_en"": ""found_estimated"", ""mesh"": ""found"", ""acm_ccs"": ""not_applicable"", ""msc"": ""not_applicable"", ""pacs_physh"": ""not_applicable"", ""jel"": ""not_applicable"", ""nature_methods_moty"": ""not_found"", ""science_boty"": ""not_found"", ""physics_world_boty"": ""not_applicable"", ""mit_tr10"": ""not_found"", ""gartner_hype_cycle"": ""not_found"", ""research_fronts"": ""not_found""}"
folksonomy,folksonomy,CS,Computer Science,2006.0,dev,True,label_norm,C2778431730,Folksonomy,2.0,CS,4,2004:wikipedia_en:wikipedia_article_created; 2006:gartner_hype_cycle:gartner_hype_cycle_emerging_tech_entry; 2012:acm_ccs:taxonomy_added_between; 2012:acm_ccs:taxonomy_in_version,"{""wikidata"": ""not_found"", ""wikipedia_en"": ""found"", ""mesh"": ""not_applicable"", ""acm_ccs"": ""found"", ""msc"": ""not_applicable"", ""pacs_physh"": ""not_applicable"", ""jel"": ""not_applicable"", ""nature_methods_moty"": ""not_applicable"", ""science_boty"": ""not_found"", ""physics_world_boty"": ""not_applicable"", ""mit_tr10"": ""not_found"", ""gartner_hype_cycle"": ""found"", ""research_fronts"": ""not_found""}"
patient-centered medical home,patient-centered medical home,,Health Professions;Medicine,2008.0,sealed_home_dropped,True,alias_norm,C2778804116,Medical home,3.0,unassigned_multi,1,2007:wikipedia_en:wikipedia_page_created_estimated,"{""wikidata"": ""not_found"", ""wikipedia_en"": ""found_estimated"", ""mesh"": ""not_found"", ""acm_ccs"": ""not_applicable"", ""msc"": ""not_applicable"", ""pacs_physh"": ""not_applicable"", ""jel"": ""not_found"", ""nature_methods_moty"": ""not_found"", ""science_boty"": ""not_found"", ""physics_world_boty"": ""not_applicable"", ""mit_tr10"": ""not_found"", ""gartner_hype_cycle"": ""not_found"", ""research_fronts"": ""not_found""}"
human microbiome,human microbiome,Med,Medicine,2008.0,dev,True,label_norm,C91478284,Human microbiome,3.0,unassigned_multi,2,2008:wikipedia_en:wikipedia_page_created_estimated; 2025:research_fronts:research_front_listed(narrower),"{""wikidata"": ""not_found"", ""wikipedia_en"": ""found_estimated"", ""mesh"": ""not_found"", ""acm_ccs"": ""not_applicable"", ""msc"": ""not_applicable"", ""pacs_physh"": ""not_applicable"", ""jel"": ""not_applicable"", ""nature_methods_moty"": ""not_found"", ""science_boty"": ""not_found"", ""physics_world_boty"": ""not_applicable"", ""mit_tr10"": ""not_found"", ""gartner_hype_cycle"": ""not_found"", ""research_fronts"": ""found""}"
natural orifice transluminal endoscopic surgery,natural orifice transluminal endoscopic surgery|natural orifice translumenal endoscopic surgery,Med,Medicine,2006.0,dev,True,label_norm,C2780201146,Natural orifice transluminal endoscopic surgery,3.0,Med,2,2006:wikipedia_en:wikipedia_page_created_estimated; 2011:mesh:mesh_descriptor_introduced,"{""wikidata"": ""not_found"", ""wikipedia_en"": ""found_estimated"", ""mesh"": ""found"", ""acm_ccs"": ""not_applicable"", ""msc"": ""not_applicable"", ""pacs_physh"": ""not_applicable"", ""jel"": ""not_applicable"", ""nature_methods_moty"": ""not_found"", ""science_boty"": ""not_found"", ""physics_world_boty"": ""not_applicable"", ""mit_tr10"": ""not_found"", ""gartner_hype_cycle"": ""not_found"", ""research_fronts"": ""not_found""}"
transcatheter aortic valve implantation,transcatheter aortic valve implantation|TAVI,,Physics and Astronomy,2006.0,sealed_home_dropped,False,,,,,,0,,
RNA-seq,RNA-seq,BGM,"Biochemistry, Genetics and Molecular Biology",2009.0,dev,True,label_norm,C107397762,RNA-Seq,5.0,BGM,3,1993:mesh:mesh_descriptor_introduced; 2009:wikipedia_en:wikipedia_page_created_estimated; 2020:mesh:mesh_descriptor_introduced,"{""wikidata"": ""not_found"", ""wikipedia_en"": ""found_estimated"", ""mesh"": ""found"", ""acm_ccs"": ""not_applicable"", ""msc"": ""not_applicable"", ""pacs_physh"": ""not_applicable"", ""jel"": ""not_applicable"", ""nature_methods_moty"": ""not_found"", ""science_boty"": ""not_found"", ""physics_world_boty"": ""not_applicable"", ""mit_tr10"": ""not_found"", ""gartner_hype_cycle"": ""not_found"", ""research_fronts"": ""not_found""}"
memristor,memristor,Eng,Engineering,2008.0,dev,True,label_norm,C150072547,Memristor,2.0,Eng,4,2007:wikipedia_en:wikipedia_page_created_estimated; 2016:pacs_physh:taxonomy_added_between; 2016:pacs_physh:taxonomy_in_version; 2024:research_fronts:research_front_listed(narrower),"{""wikidata"": ""not_found"", ""wikipedia_en"": ""found_estimated"", ""mesh"": ""not_applicable"", ""acm_ccs"": ""not_applicable"", ""msc"": ""not_applicable"", ""pacs_physh"": ""found"", ""jel"": ""not_applicable"", ""nature_methods_moty"": ""not_applicable"", ""science_boty"": ""not_found"", ""physics_world_boty"": ""not_found"", ""mit_tr10"": ""not_found"", ""gartner_hype_cycle"": ""not_found"", ""research_fronts"": ""found""}"
optogenetics,optogenetics,,Neuroscience,2009.0,sealed_home_dropped,True,label_norm,C50738837,Optogenetics,2.0,LifeEnv,3,2007:wikipedia_en:wikipedia_page_created_estimated; 2010:nature_methods_moty:nature_methods_method_of_the_year; 2013:mesh:mesh_descriptor_introduced,"{""wikidata"": ""not_found"", ""wikipedia_en"": ""found_estimated"", ""mesh"": ""found"", ""acm_ccs"": ""not_applicable"", ""msc"": ""not_applicable"", ""pacs_physh"": ""not_applicable"", ""jel"": ""not_applicable"", ""nature_methods_moty"": ""found"", ""science_boty"": ""not_found"", ""physics_world_boty"": ""not_applicable"", ""mit_tr10"": ""not_found"", ""gartner_hype_cycle"": ""not_found"", ""research_fronts"": ""not_found""}"
metagenomics,metagenomics,BGM,"Biochemistry, Genetics and Molecular Biology",2004.0,dev,True,label_norm,C15151743,Metagenomics,3.0,BGM,4,2005:wikipedia_en:wikipedia_page_created_estimated; 2010:mesh:mesh_descriptor_introduced; 2016:pacs_physh:taxonomy_added_between; 2016:pacs_physh:taxonomy_in_version,"{""wikidata"": ""not_found"", ""wikipedia_en"": ""found_estimated"", ""mesh"": ""found"", ""acm_ccs"": ""not_applicable"", ""msc"": ""not_applicable"", ""pacs_physh"": ""found"", ""jel"": ""not_applicable"", ""nature_methods_moty"": ""not_found"", ""science_boty"": ""not_found"", ""physics_world_boty"": ""not_applicable"", ""mit_tr10"": ""not_found"", ""gartner_hype_cycle"": ""not_found"", ""research_fronts"": ""not_found""}"
LTE-Advanced,LTE-Advanced,,Social Sciences,2008.0,sealed_home_dropped,False,,,,,,0,,
cloud computing,cloud computing,,Social Sciences,2005.0,sealed_home_dropped,True,label_norm,C79974875,Cloud computing,2.0,unassigned_multi,24,2007:wikipedia_en:wikipedia_article_created; 2008:gartner_hype_cycle:gartner_hype_cycle_emerging_tech_entry; 2009:gartner_hype_cycle:gartner_hype_cycle_emerging_tech_entry; 2010:gartner_hype_cycle:gartner_hype_cycle_emerging_tech_entry(narrower); 2010:gartner_hype_cycle:gartner_hype_cycle_emerging_tech_entry; 2010:gartner_hype_cycle:gartner_hype_cycle_emerging_tech_entry(broader); 2011:gartner_hype_cycle:gartner_hype_cycle_emerging_tech_entry(narrower); 2011:gartner_hype_cycle:gartner_hype_cycle_emerging_tech_entry; 2011:gartner_hype_cycle:gartner_hype_cycle_emerging_tech_entry(broader); 2012:acm_ccs:taxonomy_added_between; 2012:acm_ccs:taxonomy_in_version; 2012:gartner_hype_cycle:gartner_hype_cycle_emerging_tech_entry(broader); 2012:gartner_hype_cycle:gartner_hype_cycle_emerging_tech_entry(narrower); 2012:gartner_hype_cycle:gartner_hype_cycle_emerging_tech_entry; 2013:gartner_hype_cycle:gartner_hype_cycle_emerging_tech_entry; 2014:gartner_hype_cycle:gartner_hype_cycle_emerging_tech_entry(broader); 2014:gartner_hype_cycle:gartner_hype_cycle_emerging_tech_entry; 2015:gartner_hype_cycle:gartner_hype_cycle_emerging_tech_entry(broader); 2016:mesh:mesh_descriptor_introduced; 2022:gartner_hype_cycle:gartner_hype_cycle_emerging_tech_entry(broader); 2022:gartner_hype_cycle:gartner_hype_cycle_emerging_tech_entry(narrower); 2023:gartner_hype_cycle:gartner_hype_cycle_emerging_tech_entry(broader); 2023:gartner_hype_cycle:gartner_hype_cycle_emerging_tech_entry(broader); 2023:gartner_hype_cycle:gartner_hype_cycle_emerging_tech_entry(narrower),"{""wikidata"": ""not_found"", ""wikipedia_en"": ""found"", ""mesh"": ""found"", ""acm_ccs"": ""found"", ""msc"": ""not_applicable"", ""pacs_physh"": ""not_applicable"", ""jel"": ""not_applicable"", ""nature_methods_moty"": ""not_applicable"", ""science_boty"": ""not_found"", ""physics_world_boty"": ""not_applicable"", ""mit_tr10"": ""not_found"", ""gartner_hype_cycle"": ""found"", ""research_fronts"": ""not_found""}"
nanopore sequencing,nanopore sequencing,,,2012.0,cohort_2010_2014,True,label_norm,C126513998,Nanopore sequencing,4.0,BGM,4,2004:wikipedia_en:wikipedia_page_created_estimated; 2012:mit_tr10:mit_tr10_breakthrough_technology(narrower); 2020:mesh:mesh_descriptor_introduced; 2022:nature_methods_moty:nature_methods_method_of_the_year(broader),"{""wikidata"": ""not_found"", ""wikipedia_en"": ""found_estimated"", ""mesh"": ""found"", ""acm_ccs"": ""not_applicable"", ""msc"": ""not_applicable"", ""pacs_physh"": ""not_applicable"", ""jel"": ""not_applicable"", ""nature_methods_moty"": ""found"", ""science_boty"": ""not_found"", ""physics_world_boty"": ""not_applicable"", ""mit_tr10"": ""found"", ""gartner_hype_cycle"": ""not_found"", ""research_fronts"": ""not_found""}"
mHealth,mHealth,,,2010.0,cohort_2010_2014,True,label_norm,C2779363104,mHealth,3.0,unassigned_multi,3,2008:wikipedia_en:wikipedia_page_created_estimated; 2013:gartner_hype_cycle:gartner_hype_cycle_emerging_tech_entry(narrower); 2014:gartner_hype_cycle:gartner_hype_cycle_emerging_tech_entry(narrower),"{""wikidata"": ""not_found"", ""wikipedia_en"": ""found_estimated"", ""mesh"": ""not_found"", ""acm_ccs"": ""not_applicable"", ""msc"": ""not_applicable"", ""pacs_physh"": ""not_applicable"", ""jel"": ""not_found"", ""nature_methods_moty"": ""not_found"", ""science_boty"": ""not_found"", ""physics_world_boty"": ""not_applicable"", ""mit_tr10"": ""not_found"", ""gartner_hype_cycle"": ""found"", ""research_fronts"": ""not_found""}"
single-incision laparoscopic surgery,single-incision laparoscopic surgery,Med,Medicine,2009.0,dev,False,,,,,,0,,
ChIP-seq,ChIP-seq,BGM,"Biochemistry, Genetics and Molecular Biology",2008.0,dev,True,alias_norm,C67258246,ChIA-PET,5.0,BGM,2,2010:wikipedia_en:wikipedia_page_created_estimated; 2020:mesh:mesh_descriptor_introduced,"{""wikidata"": ""not_found"", ""wikipedia_en"": ""found_estimated"", ""mesh"": ""found"", ""acm_ccs"": ""not_applicable"", ""msc"": ""not_applicable"", ""pacs_physh"": ""not_applicable"", ""jel"": ""not_applicable"", ""nature_methods_moty"": ""not_found"", ""science_boty"": ""not_found"", ""physics_world_boty"": ""not_applicable"", ""mit_tr10"": ""not_found"", ""gartner_hype_cycle"": ""not_found"", ""research_fronts"": ""not_found""}"
microgrid,microgrid,,,2002.0,t0_out_of_dev,True,label_norm,C2776784348,Microgrid,3.0,unassigned_multi,2,2005:wikipedia_en:wikipedia_page_created_estimated; 2012:mit_tr10:mit_tr10_breakthrough_technology(narrower),"{""wikidata"": ""not_found"", ""wikipedia_en"": ""found_estimated"", ""mesh"": ""not_found"", ""acm_ccs"": ""not_found"", ""msc"": ""not_found"", ""pacs_physh"": ""not_found"", ""jel"": ""not_found"", ""nature_methods_moty"": ""not_found"", ""science_boty"": ""not_found"", ""physics_world_boty"": ""not_found"", ""mit_tr10"": ""found"", ""gartner_hype_cycle"": ""not_found"", ""research_fronts"": ""not_found""}"
copy number variation,copy number variation,BGM,"Biochemistry, Genetics and Molecular Biology",2005.0,dev,True,alias_norm,C120821319,Copy-number variation,4.0,BGM,1,2005:wikipedia_en:wikipedia_page_created_estimated,"{""wikidata"": ""not_found"", ""wikipedia_en"": ""found_estimated"", ""mesh"": ""not_found"", ""acm_ccs"": ""not_applicable"", ""msc"": ""not_applicable"", ""pacs_physh"": ""not_applicable"", ""jel"": ""not_applicable"", ""nature_methods_moty"": ""not_found"", ""science_boty"": ""not_found"", ""physics_world_boty"": ""not_applicable"", ""mit_tr10"": ""not_found"", ""gartner_hype_cycle"": ""not_found"", ""research_fronts"": ""not_found""}"
interactome,interactome,BGM,"Biochemistry, Genetics and Molecular Biology",2004.0,dev,True,label_norm,C9760119,Interactome,3.0,BGM,2,2004:wikipedia_en:wikipedia_page_created_estimated; 2006:mit_tr10:mit_tr10_breakthrough_technology(narrower),"{""wikidata"": ""not_found"", ""wikipedia_en"": ""found_estimated"", ""mesh"": ""not_found"", ""acm_ccs"": ""not_applicable"", ""msc"": ""not_applicable"", ""pacs_physh"": ""not_applicable"", ""jel"": ""not_applicable"", ""nature_methods_moty"": ""not_found"", ""science_boty"": ""not_found"", ""physics_world_boty"": ""not_applicable"", ""mit_tr10"": ""found"", ""gartner_hype_cycle"": ""not_found"", ""research_fronts"": ""not_found""}"
NoSQL,NoSQL,,,2011.0,cohort_2010_2014,True,label_norm,C2779599972,NoSQL,3.0,CS,1,2009:wikipedia_en:wikipedia_page_created_estimated,"{""wikidata"": ""not_found"", ""wikipedia_en"": ""found_estimated"", ""mesh"": ""not_applicable"", ""acm_ccs"": ""not_found"", ""msc"": ""not_applicable"", ""pacs_physh"": ""not_applicable"", ""jel"": ""not_applicable"", ""nature_methods_moty"": ""not_applicable"", ""science_boty"": ""not_found"", ""physics_world_boty"": ""not_applicable"", ""mit_tr10"": ""not_found"", ""gartner_hype_cycle"": ""not_found"", ""research_fronts"": ""not_found""}"
plug-in hybrid electric vehicle,plug-in hybrid electric vehicle,Eng,Engineering,2007.0,dev,False,,,,,,0,,
deep belief network,deep belief network,,,2010.0,cohort_2010_2014,True,label_norm,C97385483,Deep belief network,3.0,CS,5,2012:acm_ccs:taxonomy_added_between; 2012:acm_ccs:taxonomy_in_version; 2013:mit_tr10:mit_tr10_breakthrough_technology(narrower); 2013:wikipedia_en:wikipedia_page_created_estimated; 2017:gartner_hype_cycle:gartner_hype_cycle_emerging_tech_entry(narrower),"{""wikidata"": ""not_found"", ""wikipedia_en"": ""found_estimated"", ""mesh"": ""not_applicable"", ""acm_ccs"": ""found"", ""msc"": ""not_applicable"", ""pacs_physh"": ""not_applicable"", ""jel"": ""not_applicable"", ""nature_methods_moty"": ""not_applicable"", ""science_boty"": ""not_found"", ""physics_world_boty"": ""not_applicable"", ""mit_tr10"": ""found"", ""gartner_hype_cycle"": ""found"", ""research_fronts"": ""not_found""}"
piezoelectric nanogenerator,piezoelectric nanogenerator,,,2012.0,cohort_2010_2014,False,,,,,,0,,
pay for performance,pay for performance,,,2000.0,t0_out_of_dev,True,label_norm,C2776204158,Pay for performance,3.0,Social,2,1991:mesh:mesh_descriptor_introduced; 2005:wikipedia_en:wikipedia_page_created_estimated,"{""wikidata"": ""not_found"", ""wikipedia_en"": ""found_estimated"", ""mesh"": ""found"", ""acm_ccs"": ""not_applicable"", ""msc"": ""not_applicable"", ""pacs_physh"": ""not_applicable"", ""jel"": ""not_found"", ""nature_methods_moty"": ""not_applicable"", ""science_boty"": ""not_found"", ""physics_world_boty"": ""not_applicable"", ""mit_tr10"": ""not_found"", ""gartner_hype_cycle"": ""not_found"", ""research_fronts"": ""not_found""}"
