measure,age,median_RAPID,median_GRADUAL,median_LOCAL,median_DIFFUSING,median_TRANSIENT,kruskal_H,kruskal_p_descriptive,diff_minus_local_pooled_sd,frame_dev_spearman_O2r_resid,looked_meaningful
n_c,2,158.5,37.5,38.0,58.5,51.0,24.198148727416992,7.289191853487864e-05,1.1703733205795288,0.05467959547281437,True
H,2,1.326416015625,0.9051695466041565,0.7671099901199341,0.9922093152999878,0.872505784034729,11.795806884765625,0.01893608458340168,1.5349191427230835,0.749112165890776,True
n_ent_off,2,6.0,2.0,2.0,4.5,1.5,12.421205520629883,0.014479083009064198,1.1731845140457153,0.7001711690563516,True
n_ret,2,2.0,2.0,1.0,1.0,1.0,8.767111778259277,0.06719161570072174,0.5584068298339844,0.6238911728643143,True
n_lost,2,0.0,0.0,0.0,0.0,0.0,4.127141952514648,0.3890724182128906,-0.1860521137714386,0.17933697502150367,False
home_share,2,0.5517181158065796,0.7824074029922485,0.695652186870575,0.7150537967681885,0.6630929112434387,6.804405212402344,0.1465926468372345,0.09043622761964798,-0.6842502187871121,False
comm_span,2,2.0,2.0,2.0,2.0,2.0,4.842896461486816,0.30380040407180786,0.5643929839134216,0.40978422958983435,True
ret_share,2,1.0,1.0,1.0,0.9285714626312256,1.0,4.78672456741333,0.309889018535614,-0.021429937332868576,0.24654687618709112,False
frontier,2,1.0,0.0,0.0,0.1666666716337204,0.5,5.957372188568115,0.20235444605350494,0.6748472452163696,0.11534549139261303,True
n_c,5,309.5,57.0,48.0,101.5,48.0,22.815711975097656,0.00013782494352199137,,,
H,5,1.388575792312622,0.8844930529594421,0.8542453646659851,1.1100094318389893,0.9892901182174683,16.236907958984375,0.0027171990368515253,,,
n_ent_off,5,10.5,3.0,3.0,7.5,3.5,21.01810073852539,0.00031406310154125094,,,
n_ret,5,7.5,2.0,2.0,4.5,1.5,16.266860961914062,0.0026812045834958553,,,
n_lost,5,0.0,0.5,0.0,0.0,0.0,9.398427963256836,0.05187669023871422,,,
home_share,5,0.3954433500766754,0.7327703237533569,0.6557376980781555,0.664997398853302,0.638847291469574,7.843101501464844,0.09749764204025269,,,
comm_span,5,4.0,2.0,2.0,3.0,2.0,15.781033515930176,0.0033275079913437366,,,
ret_share,5,1.0,0.5833333730697632,1.0,0.875,1.0,6.836920738220215,0.14476130902767181,,,
frontier,5,0.1666666716337204,0.0,0.0,0.22499999403953552,0.0,5.240855693817139,0.2634647786617279,,,
n_c,8,340.0,77.5,62.0,119.0,24.0,21.40624237060547,0.00026302391779609025,,,
H,8,1.3308305740356445,0.9788137674331665,0.7481935620307922,1.2793350219726562,0.8915483951568604,18.120559692382812,0.0011689085513353348,,,
n_ent_off,8,11.5,5.0,3.0,11.0,4.0,24.38746452331543,6.678778299828991e-05,,,
n_ret,8,8.5,2.0,2.0,8.0,2.0,23.949596405029297,8.175452967407182e-05,,,
n_lost,8,1.0,0.0,0.0,0.0,1.0,5.3214240074157715,0.2558780312538147,,,
home_share,8,0.39037853479385376,0.7272977828979492,0.7083333134651184,0.6524931192398071,0.7218096256256104,7.154975891113281,0.12792161107063293,,,
comm_span,8,4.0,2.0,2.0,4.0,2.0,21.90107536315918,0.00020971492631360888,,,
ret_share,8,0.817460298538208,0.6666666865348816,0.6666666865348816,0.894444465637207,0.550000011920929,9.135117530822754,0.057809505611658096,,,
frontier,8,0.0,0.5,0.0,0.1339285671710968,0.0,10.947563171386719,0.02715969644486904,,,
degree_W3,2,58.0,9.0,8.0,26.5,15.0,18.828220530510293,0.000849426941432869,1.8629753415391364,,False
new_nb_W3,2,45.5,4.0,5.0,10.5,6.5,13.103506261180696,0.010780962933563263,1.2422614752355043,,False
n_comm_W3,2,10.0,2.5,2.0,6.0,3.0,21.460671287851167,0.00025655759734101295,2.4729445091741438,,False
ego_density_W3,2,0.3329986653930316,0.5833333333333333,0.7777777777777778,0.5551939324116744,0.6698412698412699,11.028733997155072,0.02624297477614608,-0.6493249780648848,,False
new_edge_rate_all,2,1.2755028735632186,0.2826086956521739,0.5,0.5,0.45833333333333337,16.18466880341881,0.0027811167686023447,0.48086422424190334,0.20419861178228754,False
n_comm_W3_all,2,10.0,2.5,2.0,6.0,3.0,21.460671287851167,0.00025655759734101295,2.4729445091741438,0.32994881443416424,True
participation_all,2,0.5764685453689186,0.39087369850611126,0.24489795918367352,0.552712760735125,0.33129272523211917,9.944615749525624,0.04137102826973301,1.2575762521429203,0.30911400925256455,True
NOV_res_all,2,-0.4212168957788722,-0.8011090075079867,-0.6719260417349661,-0.50982928829912,-0.5200144825003741,2.596088193456623,0.6275162397012757,0.040507016881812394,0.22673689689746782,False
ego_density_W3_all,2,0.3329986653930316,0.5833333333333333,0.7777777777777778,0.5551939324116744,0.6698412698412699,10.832432432432455,0.028513214095573013,-0.6493249780648848,-0.25104494822062823,True
edge_persistence_all,2,0.2816777998680984,0.2968873517786561,0.3375,0.3368464052287582,0.3088345864661654,0.4683499288762505,0.9765080718569301,0.3445500874667463,-0.15563221321068835,False
OPEN_all,2,2.3163919629146,0.03988132639355237,-0.22292913071522583,0.7244559385745556,0.22184396991554028,13.796159317211973,0.00797486937407945,1.2649724222858856,0.38226907968119767,True
OPEN_home,2,1.7646270724550206,-0.37981407600654127,-0.2249195218238075,0.5952919207791794,-0.011122988168989678,18.777311522048393,0.0008691964946530868,1.0159792591290102,0.19826194281950668,True
