concept,group,field,n_W3,n_A,n_B,share_W3,n_outcome,share_outcome,R,log_n_W3,growth_j,gateway_j,phi_home_j,density_j,log_field_size
zinc finger nuclease,BGM,Medicine,6,4,2,0.11764705882352941,106,0.2541966426858513,1,1.9459101490553132,0.0,0.29972250305054576,0.6178356081929336,0.11292415899156216,14.928784175499496
sentiment analysis,CS,Social Sciences,7,6,1,0.1590909090909091,44,0.0831758034026465,1,2.0794415416798357,-0.6931471805599453,0.028155336899590985,0.0,0.061776856635881956,15.210535942527653
biosimilar,Med,"Biochemistry, Genetics and Molecular Biology",10,5,5,0.09259259259259259,62,0.10580204778156997,1,2.3978952727983707,0.5389965007326869,0.4190233151107485,0.6178356081929336,0.10574811895317059,14.170419643692725
smart grid,Eng,Social Sciences,80,29,51,0.1228878648233487,62,0.02350265352539803,0,4.394449154672439,1.2104036946562264,0.028155336899590985,0.485633402675643,0.6144610599399316,15.210535942527653
smart grid,Eng,"Business, Management and Accounting",6,4,2,0.009216589861751152,0,0.0,0,1.9459101490553132,0.0,0.07711565487979828,0.0,0.034673719970139696,13.021725028081832
smart grid,Eng,Environmental Science,8,3,5,0.01228878648233487,10,0.0037907505686125853,0,2.1972245773362196,0.8754687373538999,0.29450596382149474,0.0,0.0,13.757684391815603
smart grid,Eng,Computer Science,35,8,27,0.053763440860215055,398,0.1508718726307809,1,3.58351893845611,1.7227665977411035,0.09720895637939932,0.01543785887767766,0.02077344014793741,13.606041828610847
mashup,CS,"Business, Management and Accounting",9,6,3,0.05,6,0.03125,0,2.302585092994046,0.0,0.07711565487979828,0.045651258947685576,0.034673719970139696,13.021725028081832
mashup,CS,Social Sciences,59,30,29,0.3277777777777778,40,0.20833333333333334,1,4.0943445622221,0.6286086594223741,0.028155336899590985,0.0,0.8749677156797969,15.210535942527653
mashup,CS,Engineering,13,5,8,0.07222222222222222,16,0.08333333333333333,1,2.639057329615259,0.9444616088408515,0.2427178906876991,0.01543785887767766,0.2592336156045269,15.146167465644371
mashup,CS,Arts and Humanities,6,2,4,0.03333333333333333,12,0.0625,1,1.9459101490553132,0.9162907318741551,0.025349103034112738,0.0,0.5985057754205226,13.934745871887221
microbial fuel cell,BGM,Environmental Science,25,7,18,0.36231884057971014,159,0.28342245989304815,1,3.258096538021482,1.4403615823901663,0.29450596382149474,0.0,0.0,13.757684391815603
microbial fuel cell,BGM,Engineering,14,7,7,0.2028985507246377,212,0.3778966131907308,1,2.70805020110221,0.5753641449035618,0.2427178906876991,0.0,0.0,15.146167465644371
DNA barcoding,BGM,Environmental Science,38,22,16,0.2261904761904762,100,0.13003901170351106,1,3.6635616461296463,0.3483066942682158,0.29450596382149474,0.0,0.23637159313848188,13.757684391815603
DNA barcoding,BGM,Agricultural and Biological Sciences,47,22,25,0.27976190476190477,369,0.4798439531859558,1,3.8712010109078907,0.7731898882334817,0.28409988122313307,0.8187026537960718,0.3912902899727196,13.751281322326346
DNA barcoding,BGM,Medicine,6,2,4,0.03571428571428571,18,0.02340702210663199,1,1.9459101490553132,0.9162907318741551,0.29972250305054576,0.6178356081929336,0.11292415899156216,14.928784175499496
pandemic H1N1,Med,Health Professions,161,152,9,0.11459074733096085,6,0.019933554817275746,0,5.087596335232384,-2.0412203288596382,0.11430136139653603,0.32354340779672425,0.5924108197764248,13.348767208226777
pandemic H1N1,Med,"Biochemistry, Genetics and Molecular Biology",61,31,30,0.04341637010676157,40,0.132890365448505,1,4.127134385045092,0.6306268235786113,0.4190233151107485,0.6178356081929336,0.2965148991409128,14.170419643692725
pandemic H1N1,Med,"Economics, Econometrics and Finance",6,6,0,0.004270462633451958,2,0.006644518272425249,0,1.9459101490553132,-1.3862943611198906,0.14304487803021942,0.0,0.1296315554724609,13.300194868925418
pandemic H1N1,Med,Immunology and Microbiology,8,5,3,0.0056939501779359435,18,0.059800664451827246,1,2.1972245773362196,0.13353139262452257,0.2764936642372434,1.011613291875562,0.48909730432671894,12.600726185359997
pandemic H1N1,Med,Dentistry,12,9,3,0.008540925266903915,4,0.013289036544850499,0,2.5649493574615367,-0.3184537311185346,0.11433273705696058,0.8766510228771948,0.8851056805099354,11.12815964086497
pandemic H1N1,Med,Social Sciences,32,20,12,0.022775800711743774,7,0.023255813953488372,0,3.4965075614664802,0.16705408466316624,0.028155336899590985,0.0,0.34638775003252203,15.210535942527653
synthetic biology,BGM,Medicine,13,7,6,0.08074534161490683,28,0.030534351145038167,0,2.639057329615259,0.44183275227903923,0.29972250305054576,0.6178356081929336,0.11292415899156216,14.928784175499496
synthetic biology,BGM,Social Sciences,6,2,4,0.037267080745341616,17,0.018538713195201745,0,1.9459101490553132,0.9162907318741551,0.028155336899590985,0.0,0.5526842033040498,15.210535942527653
synthetic biology,BGM,Chemistry,6,1,5,0.037267080745341616,21,0.022900763358778626,1,1.9459101490553132,1.3862943611198906,1.0,0.5590303710714284,0.1839171089261495,13.32442873623488
long noncoding RNA,BGM,Neuroscience,7,3,4,0.07865168539325842,29,0.01051867972433805,0,2.0794415416798357,0.6931471805599453,0.17564306575659852,0.9026083016952744,0.42325086547217666,12.910785188710774
long noncoding RNA,BGM,Medicine,22,10,12,0.24719101123595505,535,0.19405150525933987,1,3.1354942159291497,0.7731898882334817,0.29972250305054576,0.6178356081929336,0.4206919002238796,14.928784175499496
comparative effectiveness research,Med,"Economics, Econometrics and Finance",98,71,27,0.17043478260869566,72,0.17647058823529413,1,4.59511985013459,-0.26510775041324197,0.14304487803021942,0.0,0.09951054092234783,13.300194868925418
comparative effectiveness research,Med,Health Professions,55,37,18,0.09565217391304348,22,0.05392156862745098,1,4.02535169073515,-0.025975486403260677,0.11430136139653603,0.32354340779672425,0.6282151367327814,13.348767208226777
comparative effectiveness research,Med,Mathematics,13,8,5,0.022608695652173914,8,0.0196078431372549,0,2.639057329615259,0.1823215567939546,0.17001340383278957,0.0,0.0,12.426075269291816
comparative effectiveness research,Med,Psychology,6,3,3,0.010434782608695653,4,0.00980392156862745,0,1.9459101490553132,0.47000362924573563,0.07011426393398373,0.0,0.3045954281054748,13.168483313017882
comparative effectiveness research,Med,"Biochemistry, Genetics and Molecular Biology",11,9,2,0.019130434782608695,10,0.024509803921568627,1,2.4849066497880004,-0.6061358035703156,0.4190233151107485,0.6178356081929336,0.1259019074091068,14.170419643692725
comparative effectiveness research,Med,Social Sciences,9,3,6,0.01565217391304348,16,0.0392156862745098,1,2.302585092994046,1.0296194171811581,0.028155336899590985,0.0,0.12503228432020308,15.210535942527653
sirtuin,BGM,Medicine,29,13,16,0.31868131868131866,213,0.39371534195933455,1,3.4011973816621555,0.8183103235139513,0.29972250305054576,0.6178356081929336,0.235795499474409,14.928784175499496
next-generation sequencing,Med,"Biochemistry, Genetics and Molecular Biology",14,4,10,0.2641509433962264,2079,0.673033344124312,1,2.70805020110221,1.2992829841302609,0.4190233151107485,0.6178356081929336,0.26023764462969157,14.170419643692725
energy harvesting,Eng,Computer Science,7,6,1,0.0625,27,0.025116279069767444,0,2.0794415416798357,-0.6931471805599453,0.09720895637939932,0.01543785887767766,0.00524966555131023,13.606041828610847
energy harvesting,Eng,Medicine,6,5,1,0.05357142857142857,13,0.012093023255813953,0,1.9459101490553132,-0.5596157879354228,0.29972250305054576,0.0,0.11292415899156216,14.928784175499496
energy harvesting,Eng,"Biochemistry, Genetics and Molecular Biology",5,2,3,0.044642857142857144,8,0.0074418604651162795,0,1.791759469228055,0.6931471805599453,0.4190233151107485,0.0,0.3415595125786154,14.170419643692725
energy harvesting,Eng,Materials Science,9,5,4,0.08035714285714286,79,0.07348837209302325,1,2.302585092994046,0.3566749439387324,0.9592210826637103,0.5217987992617263,0.47783199352570405,13.512295131884505
energy harvesting,Eng,Physics and Astronomy,5,2,3,0.044642857142857144,40,0.037209302325581395,1,1.791759469228055,0.6931471805599453,0.4858337648309395,0.1678122609793912,0.4952490199620516,13.508763905792184
extreme learning machine,CS,Engineering,19,14,5,0.2159090909090909,327,0.34027055150884494,1,2.995732273553991,-0.2876820724517809,0.2427178906876991,0.01543785887767766,0.007986911805012702,15.146167465644371
wireless body area network,Eng,Computer Science,27,14,13,0.25961538461538464,207,0.44420600858369097,1,3.332204510175204,0.5596157879354227,0.09720895637939932,0.01543785887767766,0.00524966555131023,13.606041828610847
wireless body area network,Eng,Social Sciences,15,12,3,0.14423076923076922,13,0.027896995708154508,0,2.772588722239781,-0.5596157879354228,0.028155336899590985,0.485633402675643,0.5526842033040498,15.210535942527653
service-oriented architecture,CS,Engineering,26,10,16,0.16455696202531644,173,0.2578241430700447,1,3.295836866004329,1.0414538748281612,0.2427178906876991,0.01543785887767766,0.2592336156045269,15.146167465644371
service-oriented architecture,CS,Social Sciences,13,4,9,0.08227848101265822,25,0.037257824143070044,0,2.639057329615259,1.2039728043259361,0.028155336899590985,0.0,0.6144610599399316,15.210535942527653
service-oriented architecture,CS,"Business, Management and Accounting",5,1,4,0.03164556962025317,39,0.05812220566318927,1,1.791759469228055,1.2039728043259361,0.07711565487979828,0.045651258947685576,0.034673719970139696,13.021725028081832
piRNA,BGM,Medicine,15,10,5,0.09090909090909091,50,0.12755102040816327,1,2.772588722239781,0.0,0.29972250305054576,0.6178356081929336,0.2978205597410328,14.928784175499496
piRNA,BGM,Social Sciences,9,6,3,0.05454545454545454,10,0.025510204081632654,0,2.302585092994046,0.0,0.028155336899590985,0.0,0.26050665573986526,15.210535942527653
lipidomics,BGM,Medicine,24,10,14,0.1951219512195122,146,0.3348623853211009,1,3.2188758248682006,0.9162907318741551,0.29972250305054576,0.6178356081929336,0.4206919002238796,14.928784175499496
lipidomics,BGM,Chemistry,14,5,9,0.11382113821138211,48,0.11009174311926606,1,2.70805020110221,1.0498221244986776,1.0,0.5590303710714284,0.08295594379480684,13.32442873623488
severe acute respiratory syndrome,Med,"Biochemistry, Genetics and Molecular Biology",262,156,106,0.13540051679586562,77,0.16594827586206898,1,5.572154032177765,0.3033809819948846,0.4190233151107485,0.6178356081929336,0.5323262927663576,14.170419643692725
severe acute respiratory syndrome,Med,Social Sciences,70,52,18,0.03617571059431524,5,0.010775862068965518,0,4.2626798770413155,-0.3513978868378886,0.028155336899590985,0.0,0.9382231433641182,15.210535942527653
severe acute respiratory syndrome,Med,Earth and Planetary Sciences,18,18,0,0.009302325581395349,0,0.0,0,2.9444389791664403,-2.3025850929940455,0.2047677761595473,0.0,0.6009274231920316,12.934890977766399
severe acute respiratory syndrome,Med,Health Professions,24,17,7,0.012403100775193798,11,0.023706896551724137,1,3.2188758248682006,-0.17185025692665928,0.11430136139653603,0.32354340779672425,0.7785114778735267,13.348767208226777
severe acute respiratory syndrome,Med,Psychology,12,9,3,0.006201550387596899,2,0.004310344827586207,0,2.5649493574615367,-0.3184537311185346,0.07011426393398373,0.0,0.5164699339746461,13.168483313017882
severe acute respiratory syndrome,Med,"Economics, Econometrics and Finance",9,9,0,0.004651162790697674,1,0.0021551724137931034,0,2.302585092994046,-1.7047480922384253,0.14304487803021942,0.0,0.09951054092234783,13.300194868925418
severe acute respiratory syndrome,Med,Immunology and Microbiology,23,12,11,0.011886304909560724,13,0.028017241379310345,1,3.1780538303479458,0.5389965007326869,0.2764936642372434,1.011613291875562,0.5545004079102035,12.600726185359997
severe acute respiratory syndrome,Med,Dentistry,7,7,0,0.0036175710594315244,0,0.0,0,2.0794415416798357,-1.5040773967762742,0.11433273705696058,0.8766510228771948,0.8851056805099354,11.12815964086497
severe acute respiratory syndrome,Med,Engineering,8,4,4,0.004134366925064599,1,0.0021551724137931034,0,2.1972245773362196,0.5108256237659907,0.2427178906876991,0.0,0.5212038929853159,15.146167465644371
cognitive radio,Eng,Social Sciences,73,35,38,0.26071428571428573,85,0.030886627906976744,0,4.304065093204169,0.7457909140453672,0.028155336899590985,0.485633402675643,0.5526842033040498,15.210535942527653
cognitive radio,Eng,Computer Science,59,20,39,0.21071428571428572,902,0.32776162790697677,1,4.0943445622221,1.2909841813155658,0.09720895637939932,0.01543785887767766,0.00524966555131023,13.606041828610847
MapReduce,CS,Social Sciences,19,5,14,0.1623931623931624,39,0.03494623655913978,0,2.995732273553991,1.455287232606842,0.028155336899590985,0.0,0.5526842033040498,15.210535942527653
MapReduce,CS,"Biochemistry, Genetics and Molecular Biology",7,2,5,0.05982905982905983,17,0.015232974910394265,0,2.0794415416798357,1.0986122886681098,0.4190233151107485,0.0,0.0,14.170419643692725
MapReduce,CS,Engineering,9,1,8,0.07692307692307693,161,0.1442652329749104,1,2.302585092994046,1.791759469228055,0.2427178906876991,0.01543785887767766,0.3460527618904266,15.146167465644371
cyber-physical system,CS,Engineering,10,2,8,0.19230769230769232,422,0.5275,1,2.3978952727983707,1.5040773967762742,0.2427178906876991,0.01543785887767766,0.3460527618904266,15.146167465644371
induced pluripotent stem cell,BGM,Medicine,190,50,140,0.39832285115303984,1167,0.45461628359953254,1,5.25227342804663,1.6906633523566863,0.29972250305054576,0.6178356081929336,0.4206919002238796,14.928784175499496
induced pluripotent stem cell,BGM,Neuroscience,14,5,9,0.029350104821802937,123,0.04791585508375536,1,2.70805020110221,1.0498221244986776,0.17564306575659852,0.9026083016952744,0.42325086547217666,12.910785188710774
induced pluripotent stem cell,BGM,Immunology and Microbiology,5,2,3,0.010482180293501049,0,0.0,0,1.791759469228055,0.6931471805599453,0.2764936642372434,0.9968099910970173,0.5545004079102035,12.600726185359997
induced pluripotent stem cell,BGM,Social Sciences,13,5,8,0.027253668763102725,26,0.01012855473315154,0,2.639057329615259,0.9444616088408515,0.028155336899590985,0.0,0.0,15.210535942527653
carbon capture and storage,Eng,Social Sciences,13,6,7,0.12149532710280374,8,0.014545454545454545,0,2.639057329615259,0.6931471805599453,0.028155336899590985,0.485633402675643,0.7003421542325885,15.210535942527653
carbon capture and storage,Eng,Environmental Science,19,10,9,0.17757009345794392,97,0.17636363636363636,1,2.995732273553991,0.5108256237659907,0.29450596382149474,0.0,0.37508986487738816,13.757684391815603
carbon capture and storage,Eng,"Economics, Econometrics and Finance",9,5,4,0.08411214953271028,17,0.03090909090909091,0,2.302585092994046,0.3566749439387324,0.14304487803021942,0.0,0.40866140838553944,13.300194868925418
vehicular ad hoc network,Eng,Computer Science,54,17,37,0.36,634,0.5350210970464135,1,4.007333185232471,1.3862943611198906,0.09720895637939932,0.01543785887767766,0.00524966555131023,13.606041828610847
vehicular ad hoc network,Eng,Social Sciences,28,6,22,0.18666666666666668,74,0.06244725738396625,0,3.367295829986474,1.749199854809259,0.028155336899590985,0.485633402675643,0.5526842033040498,15.210535942527653
compressed sensing,Med,Computer Science,81,19,62,0.37327188940092165,753,0.3354120267260579,1,4.406719247264253,1.791759469228055,0.09720895637939932,0.0,0.5417675527378886,13.606041828610847
compressed sensing,Med,Mathematics,19,10,9,0.08755760368663594,25,0.011135857461024499,0,2.995732273553991,0.5108256237659907,0.17001340383278957,0.0,0.6234728908539373,12.426075269291816
compressed sensing,Med,Physics and Astronomy,12,6,6,0.055299539170506916,69,0.030734966592427616,1,2.5649493574615367,0.5596157879354227,0.4858337648309395,0.0,0.4870390118883053,13.508763905792184
compressed sensing,Med,Engineering,40,7,33,0.18433179723502305,1037,0.4619153674832962,1,3.713572066704308,2.0222831278398874,0.2427178906876991,0.0,0.3460527618904266,15.146167465644371
compressed sensing,Med,Social Sciences,15,1,14,0.06912442396313365,53,0.023608017817371936,0,2.772588722239781,2.302585092994046,0.028155336899590985,0.0,0.5526842033040498,15.210535942527653
internet of things,CS,Engineering,10,6,4,0.2857142857142857,1098,0.571875,1,2.3978952727983707,0.22314355131420976,0.2427178906876991,0.01543785887767766,0.2592336156045269,15.146167465644371
