indicator,family,outcome,n,pooled_spearman,meta_spearman,meta_ci95_low,meta_ci95_high,I2,sign_consistency_k_of_4,raw_CS,raw_Eng,raw_BGM,raw_Med,pooled_raw_auc,meta_oriented_auc,oriented_CS,oriented_Eng,oriented_BGM,oriented_Med
log_count_W3,reference,O2r_m30,34,0.12972725226950743,0.1303253716638056,-0.29309185567726587,0.5110035196093977,0.012175525517070625,3,0.10334394242561099,-0.5,0.18333333333333335,0.5714285714285715,,,,,,
log_count_W3,reference,O1,46,,,0.5401979379849621,0.8905193736952731,0.0,3,0.17857142857142858,0.2857142857142857,0.6153846153846154,0.16666666666666663,0.23776223776223776,0.755580144273421,0.8214285714285714,0.7142857142857143,0.3846153846153846,0.8333333333333334
log_count_W3,reference,O3,46,,,,,,1,,,,0.6,0.7954545454545454,0.6,,,,0.6
share_W3,reference,O2r_m30,34,0.13216195569136746,0.10721469131558083,-0.35608318072071593,0.5282032462955798,0.18938273323072655,3,0.04242424242424241,-0.5714285714285715,0.25,0.5714285714285715,,,,,,
share_W3,reference,O1,46,,,0.4984056691676685,0.9354198314880928,0.22599711625332916,3,0.03571428571428571,0.2857142857142857,0.6153846153846154,0.1111111111111111,0.23310023310023312,0.791395109593719,0.9642857142857143,0.7142857142857143,0.3846153846153846,0.8888888888888888
share_W3,reference,O3,46,,,,,,1,,,,0.65,0.75,0.65,,,,0.65
growth_W3,reference,O2r_m30,34,-0.3576776165011459,-0.34898849509884833,-0.6656493811832149,0.07417059817769321,0.03592910983289953,3,0.006060606060606061,-0.7857142857142859,-0.16666666666666669,-0.5000000000000001,,,,,,
growth_W3,reference,O1,46,,,0.41194234068348645,0.8469147609841519,0.1937032468835473,3,0.6428571428571428,0.2857142857142857,0.9230769230769231,0.7222222222222223,0.6806526806526807,0.6631429179398164,0.6428571428571428,0.2857142857142857,0.9230769230769231,0.7222222222222223
growth_W3,reference,O3,46,,,,,,1,,,,0.6,0.3977272727272727,0.6,,,,0.6
accel_W3,reference,O2r_m30,34,0.00015278838808250572,-0.09239750529832058,-0.4799265198151029,0.3253019753338506,0.0,1,0.24848484848484845,0.0,0.0,-0.6428571428571429,,,,,,
accel_W3,reference,O1,46,,,0.48362309410793836,0.8490041596882331,0.0,4,0.75,0.5714285714285714,0.5384615384615384,0.7777777777777778,0.7086247086247086,0.6964903148756253,0.75,0.5714285714285714,0.5384615384615384,0.7777777777777778
accel_W3,reference,O3,46,,,,,,0,,,,0.0,0.011363636363636354,0.010000000000000002,,,,0.0
burst_W3,reference,O2r_m30,34,0.053174421424957104,0.039679921037565784,-0.4401087668961301,0.5018435375295388,0.285197608636038,3,0.05454545454545454,-0.642857142857143,0.08333333333333334,0.5714285714285715,,,,,,
burst_W3,reference,O1,46,,,0.5905748371047846,0.9255425240186406,0.0,3,0.10714285714285714,0.21428571428571427,0.6153846153846154,0.1111111111111111,0.2424242424242424,0.8089569749905754,0.8928571428571429,0.7857142857142857,0.3846153846153846,0.8888888888888888
burst_W3,reference,O3,46,,,,,,1,,,,0.65,0.8295454545454545,0.65,,,,0.65
log_count_W5,reference,O2r_m30,34,-0.009931245225362872,0.01802626135824841,-0.41549187080927985,0.4448708900353649,0.12086336396479468,2,0.05454545454545454,-0.5714285714285715,-0.06666666666666667,0.5476190476190477,,,,,,
log_count_W5,reference,O1,46,,,0.5001357791024504,0.8681439278955151,0.0,3,0.17857142857142855,0.35714285714285715,0.6923076923076923,0.2222222222222222,0.3216783216783217,0.7196235036801822,0.8214285714285714,0.6428571428571428,0.3076923076923077,0.7777777777777778
log_count_W5,reference,O3,46,,,,,,1,,,,0.55,0.6704545454545454,0.55,,,,0.55
share_W5,reference,O2r_m30,34,0.01665393430099312,0.0497271382253239,-0.3710667840843087,0.4535781003294708,0.039389300223633336,2,-0.006060606060606061,-0.5714285714285715,0.16666666666666669,0.5000000000000001,,,,,,
share_W5,reference,O1,46,,,0.47326965831202733,0.8579523996069837,0.0,3,0.17857142857142855,0.42857142857142855,0.8461538461538461,0.25,0.33799533799533793,0.6996604546661099,0.8214285714285714,0.5714285714285714,0.15384615384615385,0.75
share_W5,reference,O3,46,,,,,,0,,,,0.5,0.6363636363636364,0.5,,,,0.5
growth_W5,reference,O2r_m30,34,-0.44965622612681433,-0.4860261760552953,-0.7447543207709806,-0.10027907510822975,0.0,4,-0.28484848484848485,-0.7500000000000002,-0.3666666666666667,-0.5952380952380953,,,,,,
growth_W5,reference,O1,46,,,0.48127853927474074,0.9353584505744442,0.309748956220782,3,0.8214285714285714,0.4285714285714286,1.0,0.888888888888889,0.8018648018648019,0.7855951926746385,0.8214285714285714,0.4285714285714286,1.0,0.888888888888889
growth_W5,reference,O3,46,,,,,,0,,,,0.35,0.17045454545454541,0.35,,,,0.35
accel_W5,reference,O2r_m30,34,0.02857142857142857,-0.02905684143987146,-0.4412092683566893,0.39321833862075195,0.06084921298528283,2,0.006060606060606061,0.5714285714285715,-0.06666666666666667,-0.523809523809524,,,,,,
accel_W5,reference,O1,46,,,0.6135613422994518,0.9471762140541108,0.0797186529912121,3,0.8928571428571428,0.9285714285714286,0.38461538461538464,0.888888888888889,0.7622377622377622,0.8421636127961044,0.8928571428571428,0.9285714285714286,0.38461538461538464,0.888888888888889
accel_W5,reference,O3,46,,,,,,0,,,,0.0,0.03409090909090906,0.010000000000000002,,,,0.0
burst_W5,reference,O2r_m30,34,-0.12391138273491215,-0.14564293210971987,-0.5204181350393127,0.2761791562780815,0.0,3,-0.22424242424242422,-0.5714285714285715,-0.08333333333333334,0.28571428571428575,,,,,,
burst_W5,reference,O1,46,,,0.3010452716593396,0.7219133800297058,0.0,2,0.42857142857142855,0.2857142857142857,1.0,0.36111111111111116,0.44522144522144524,0.5139522763610359,0.5714285714285714,0.7142857142857143,0.0,0.36111111111111116
burst_W5,reference,O3,46,,,,,,0,,,,0.5,0.5909090909090909,0.5,,,,0.5
growth_W5_B5,reference,O2r_m30,34,-0.44965622612681433,-0.4860261760552953,-0.7447543207709806,-0.10027907510822975,0.0,4,-0.28484848484848485,-0.7500000000000002,-0.3666666666666667,-0.5952380952380953,,,,,,
growth_W5_B5,reference,O1,46,,,0.48127853927474074,0.9353584505744442,0.309748956220782,3,0.8214285714285714,0.4285714285714286,1.0,0.888888888888889,0.8018648018648019,0.7855951926746385,0.8214285714285714,0.4285714285714286,1.0,0.888888888888889
growth_W5_B5,reference,O3,46,,,,,,0,,,,0.35,0.17045454545454541,0.35,,,,0.35
fields_gained_per_year_W3,reference,O2r_m30,34,0.5006300062749833,0.43162301010699256,0.03165199138292876,0.712437572925188,0.0,4,0.2901732164091825,0.2364331218717302,0.46819109191731173,0.670670706671425,,,,,,
fields_gained_per_year_W3,reference,O1,46,,,0.28819164165357486,0.6824412374217429,0.0,1,0.4821428571428571,0.5714285714285714,0.5,0.4305555555555556,0.506993006993007,0.48261082974663305,0.4821428571428571,0.5714285714285714,0.5,0.4305555555555556
fields_gained_per_year_W3,reference,O3,46,,,,,,0,,,,0.175,0.056818181818181795,0.175,,,,0.175
entropy_W3,reference,O2r_m30,34,0.19511077158135978,0.37436136314173435,-0.0957383293692883,0.7079210220943339,0.21961510924753744,3,-0.10303030303030303,0.7857142857142859,0.5666666666666667,0.19047619047619052,,,,,,
entropy_W3,reference,O1,46,,,0.4943965729337687,0.8684864796055312,0.0,4,0.6071428571428572,1.0,0.8461538461538461,0.7222222222222222,0.7738927738927739,0.7176052788152667,0.6071428571428572,1.0,0.8461538461538461,0.7222222222222222
entropy_W3,reference,O3,46,,,,,,0,,,,0.09999999999999998,0.022727272727272707,0.09999999999999998,,,,0.09999999999999998
reach_W3,reference,O2r_m30,34,0.41200114823521417,0.23301801615990103,-0.19049292021067188,0.5834025137719322,0.0,3,-0.09440686400617011,0.3335621924974956,0.08475793795260131,0.6626987024788349,,,,,,
reach_W3,reference,O1,46,,,0.25647529154641857,0.6556098387913432,0.0,1,0.3571428571428571,0.6071428571428571,0.42307692307692313,0.5,0.5151515151515151,0.44762050646343626,0.3571428571428571,0.3928571428571429,0.5769230769230769,0.5
reach_W3,reference,O3,46,,,,,,0,,,,0.04999999999999999,0.011363636363636354,0.04999999999999999,,,,0.04999999999999999
offhome_share_W3,reference,O2r_m30,34,0.12177234530175705,0.1499478539161535,-0.27210886225129155,0.5236198826003177,0.0,3,-0.24848484848484845,0.21428571428571433,0.26666666666666666,0.4761904761904762,,,,,,
offhome_share_W3,reference,O1,46,,,0.48233591435469453,0.8415636132769749,0.0,4,0.5357142857142857,0.8571428571428571,0.8461538461538461,0.6666666666666667,0.7505827505827506,0.6898913367598319,0.5357142857142857,0.8571428571428571,0.8461538461538461,0.6666666666666667
offhome_share_W3,reference,O3,46,,,,,,0,,,,0.15000000000000002,0.04545454545454547,0.15000000000000002,,,,0.15000000000000002
log_offhome_volume_W3,reference,O2r_m30,34,0.2706008761595584,0.1531657127934283,-0.4046792412808399,0.6279311436539312,0.4474386982026948,2,-0.17021355223041806,-0.4642857142857144,0.30125786715206027,0.7380952380952381,,,,,,
log_offhome_volume_W3,reference,O1,46,,,0.2906800089651395,0.7101350676436402,0.0,1,0.26785714285714285,0.5,0.8461538461538461,0.3611111111111111,0.47319347319347316,0.5004945509232213,0.7321428571428572,0.5,0.15384615384615385,0.3611111111111111
log_offhome_volume_W3,reference,O3,46,,,,,,0,,,,0.35,0.22159090909090912,0.35,,,,0.35
label_coverage_W3,reference,O2r_m30,34,-0.37754010695187157,-0.5013816931502366,-0.7536614238051972,-0.12033713297896512,0.0,4,-0.34545454545454546,-0.4642857142857144,-0.5333333333333333,-0.6666666666666669,,,,,,
label_coverage_W3,reference,O1,46,,,0.4170024001973704,0.7938999304720565,0.0,3,0.7142857142857142,0.7142857142857142,0.6153846153846154,0.5,0.6317016317016316,0.6240448184844418,0.7142857142857142,0.7142857142857142,0.6153846153846154,0.5
label_coverage_W3,reference,O3,46,,,,,,1,,,,1.0,0.9772727272727273,0.99,,,,1.0
G,G-family,O2r_m30,34,0.29961802902979373,0.3746411901911472,-0.2881700234489134,0.7947484226625916,0.604378924308739,3,-0.35757575757575755,0.8214285714285715,0.6833333333333333,0.09523809523809526,,,,,,
G,G-family,O1,46,,,0.6387403521778651,0.9432385519396563,0.0,4,0.9285714285714286,0.7142857142857142,1.0,0.8333333333333334,0.8368298368298369,0.844248024069234,0.9285714285714286,0.7142857142857142,1.0,0.8333333333333334
G,G-family,O3,46,,,,,,0,,,,0.04999999999999999,0.06818181818181818,0.04999999999999999,,,,0.04999999999999999
G_A,G-family,O2r_m30,34,0.15844155844155844,0.2413305021784168,-0.40843126511801003,0.7287703009883038,0.5921341482004799,2,-0.43030303030303024,0.5,0.7666666666666667,-0.04761904761904763,,,,,,
G_A,G-family,O1,46,,,0.6167981365581134,0.9347846675475829,0.0,4,0.8571428571428571,0.6428571428571428,1.0,0.888888888888889,0.8601398601398602,0.8276839011772067,0.8571428571428571,0.6428571428571428,1.0,0.888888888888889
G_A,G-family,O3,46,,,,,,0,,,,0.15000000000000002,0.13636363636363635,0.15000000000000002,,,,0.15000000000000002
G_all,G-family,O2r_m30,34,-0.021848739495798315,-0.13499878141318616,-0.6182650655382615,0.4223393121993725,0.452559890777085,2,-0.5393939393939393,0.5,0.2833333333333333,-0.5714285714285715,,,,,,
G_all,G-family,O1,46,,,0.4241325409599379,0.8754513806336837,0.22196668819812568,3,0.8928571428571428,0.3571428571428571,0.5384615384615384,0.7777777777777779,0.6876456876456877,0.6946831955866509,0.8928571428571428,0.3571428571428571,0.5384615384615384,0.7777777777777779
G_all,G-family,O3,46,,,,,,0,,,,0.35000000000000003,0.48863636363636365,0.35000000000000003,,,,0.35000000000000003
G_deg,G-family,O2r_m30,34,0.21833460656990067,0.34022767124057013,-0.5736232206184546,0.8767650935197837,0.814282081414314,2,-0.22424242424242422,0.9642857142857145,-0.45,0.261904761904762,,,,,,
G_deg,G-family,O1,46,,,0.6015037451376483,0.9346531456741018,0.0,4,1.0,0.7142857142857143,0.9230769230769231,0.8055555555555556,0.8344988344988346,0.8228971266684578,1.0,0.7142857142857143,0.9230769230769231,0.8055555555555556
G_deg,G-family,O3,46,,,,,,0,,,,0.04999999999999999,0.011363636363636354,0.04999999999999999,,,,0.04999999999999999
G_btw,G-family,O2r_m30,34,0.5132161955691368,0.3418839739534024,-0.07386790268709979,0.6563940098551586,0.0,3,-0.12727272727272726,0.39285714285714296,0.6333333333333333,0.4761904761904762,,,,,,
G_btw,G-family,O1,46,,,0.5291857563959578,0.8900249027477433,0.0,3,0.8214285714285714,0.5,1.0,0.7777777777777778,0.7202797202797202,0.7509968086949439,0.8214285714285714,0.5,1.0,0.7777777777777778
G_btw,G-family,O3,46,,,,,,0,,,,0.04999999999999999,0.10227272727272729,0.04999999999999999,,,,0.04999999999999999
G_phimin,G-family,O2r_m30,34,-0.07899159663865546,-0.22317724154519486,-0.706430086938179,0.4019953890596013,0.5579744373146646,3,-0.10303030303030303,-0.7142857142857144,0.5499999999999999,-0.5952380952380953,,,,,,
G_phimin,G-family,O1,46,,,0.529979653970916,0.8858808713182538,0.0,4,0.25,0.0,0.15384615384615385,0.33333333333333337,0.2727272727272727,0.7473825941139665,0.75,1.0,0.8461538461538461,0.6666666666666666
G_phimin,G-family,O3,46,,,,,,1,,,,1.0,1.0,0.99,,,,1.0
REL_home,G-family,O2r_m30,34,-0.24111849715109862,-0.5165964624004289,-0.7773597594341465,-0.10432761509844964,0.14505322117682568,4,-0.14589733048321551,-0.8571428571428573,-0.6333333333333333,-0.3333333333333334,,,,,,
REL_home,G-family,O1,46,,,0.44060676103849855,0.8632670620959635,0.12899728675700445,3,0.7321428571428571,0.14285714285714285,0.7692307692307693,0.7777777777777779,0.6888111888111887,0.6904015523189863,0.7321428571428571,0.14285714285714285,0.7692307692307693,0.7777777777777779
REL_home,G-family,O3,46,,,,,,0,,,,0.09999999999999998,0.2272727272727273,0.09999999999999998,,,,0.09999999999999998
RS,G-family,O2r_m30,34,0.12116119174942705,0.2715810637984768,-0.21362410688666594,0.6493104940878526,0.2379395672912258,3,-0.24848484848484845,0.7500000000000002,0.43333333333333335,0.1666666666666667,,,,,,
RS,G-family,O1,46,,,0.4744030797103202,0.8612576461180905,0.0,4,0.5357142857142857,1.0,0.8461538461538461,0.75,0.7738927738927739,0.7030050403968816,0.5357142857142857,1.0,0.8461538461538461,0.75
RS,G-family,O3,46,,,,,,0,,,,0.09999999999999998,0.022727272727272707,0.09999999999999998,,,,0.09999999999999998
GATEWAY_REACH,G-family,O2r_m30,34,0.33955132657463555,0.4825962257960914,-0.21725114735860385,0.8547422798751224,0.5070176664950656,2,,0.40824829046386296,0.8215838362577492,-0.08247860988423225,,,,,,
GATEWAY_REACH,G-family,O1,46,,,0.31953048956110713,0.7116394398461551,0.0,2,0.5,0.6428571428571428,0.6538461538461539,0.4166666666666667,0.5477855477855479,0.51842033690005,0.5,0.6428571428571428,0.6538461538461539,0.4166666666666667
GATEWAY_REACH,G-family,O3,46,,,,,,0,,,,0.45,0.42045454545454547,0.44999999999999996,,,,0.45
DOM_Physical,G-family,O2r_m30,34,0.0389908370831471,0.2359140810087048,-0.2551842590609808,0.6302533168372135,0.25518793545617524,2,-0.07878787878787878,-0.25,0.7119666788018509,0.30952380952380953,,,,,,
DOM_Physical,G-family,O1,46,,,0.25214578201615717,0.6580589466681258,0.0,2,0.5714285714285714,0.2857142857142857,0.6923076923076923,0.6944444444444445,0.5477855477855478,0.44614170395921077,0.5714285714285714,0.2857142857142857,0.6923076923076923,0.30555555555555547
DOM_Physical,G-family,O3,46,,,,,,0,,,,0.14999999999999997,0.08522727272727273,0.14999999999999997,,,,0.14999999999999997
DOM_Life,G-family,O2r_m30,34,0.19348978000421693,0.18600082786940403,-0.2484218622683123,0.558130088871883,0.04969028814248899,2,0.42023031949290335,0.642857142857143,-0.19999999999999998,-0.1666666666666667,,,,,,
DOM_Life,G-family,O1,46,,,0.4332287515671515,0.9083074219209596,0.15841786056320176,3,0.6964285714285714,1.0,0.15384615384615385,0.8333333333333333,0.7703962703962703,0.7334555115374485,0.6964285714285714,1.0,0.15384615384615385,0.8333333333333333
DOM_Life,G-family,O3,46,,,,,,0,,,,0.09999999999999998,0.20454545454545459,0.09999999999999998,,,,0.09999999999999998
DOM_Health,G-family,O2r_m30,34,0.0998935106122367,-0.13217690875461144,-0.5373994929924362,0.32263209972447576,0.14702522549085087,3,0.07976060548818034,0.19702760155977517,-0.6666666666666667,0.09523809523809526,,,,,,
DOM_Health,G-family,O1,46,,,0.14718027314561505,0.5323938410492299,0.0,1,0.75,0.46428571428571425,0.6923076923076923,0.2222222222222222,0.4358974358974359,0.307131029635722,0.25,0.5357142857142858,0.3076923076923077,0.2222222222222222
DOM_Health,G-family,O3,46,,,,,,1,,,,0.75,0.9431818181818182,0.75,,,,0.75
DOM_Social,G-family,O2r_m30,34,0.07151589325553696,0.23305391337398107,-0.1904563387864219,0.5834275522748996,0.0,2,-0.04242424242424241,-0.03571428571428572,0.26666666666666666,0.6666666666666669,,,,,,
DOM_Social,G-family,O1,46,,,0.44803718536926046,0.8521520003323305,0.058575065671469195,3,0.21428571428571427,0.5714285714285714,0.0,0.33333333333333337,0.2785547785547785,0.683842663181064,0.7857142857142857,0.4285714285714286,1.0,0.6666666666666666
DOM_Social,G-family,O3,46,,,,,,1,,,,0.55,0.4772727272727273,0.55,,,,0.55
