concept,panel_entry,1995,1996,1997,1998,1999,2000,2001,2002,2003,2004,2005,2006,2007,2008,2009,2010,2011,2012,2013,2014,2015,2016,2017,2018,2019,2020,2021,2022
zinc finger nuclease,zinc finger nuclease,0,0,0,1,0,0,1,1,3,3,22,13,19,47,55,91,158,145,204,225,222,167,139,120,109,95,87,73
Web 2.0,Web 2.0,0,0,0,3,0,3,3,2,1,4,17,222,956,1588,2109,2375,2291,2275,1898,1685,1507,1286,1068,887,872,778,622,575
sentiment analysis,sentiment analysis,0,0,1,0,0,6,1,6,2,2,6,13,27,27,53,93,141,254,360,478,594,757,965,1366,1696,2252,2711,3012
biosimilar,biosimilar,0,0,1,4,0,1,3,1,3,3,9,28,63,56,127,137,215,318,435,526,710,878,992,1006,982,901,877,815
smart grid,smart grid,3,7,4,2,1,2,0,4,7,7,6,9,13,42,246,791,1169,1494,1812,1958,1820,1702,1873,1848,2016,2025,2102,2088
cancer stem cell,cancer stem cell,2,8,3,5,3,3,5,5,23,59,126,232,447,659,849,1080,1369,1732,1868,1946,2129,2265,2341,2028,2112,2163,2154,1989
cardiac resynchronization therapy,cardiac resynchronization therapy,2,2,2,0,1,6,12,67,161,232,526,495,508,554,607,615,755,688,677,696,661,678,773,742,758,729,783,767
crowdsourcing,crowdsourcing,0,3,0,1,0,2,1,2,0,0,1,4,9,33,50,121,280,480,660,875,1103,1106,1154,1182,1174,1248,1148,1003
mashup,mashup,0,0,0,0,0,0,3,0,0,1,4,17,84,125,184,231,193,198,180,147,126,119,113,67,78,83,58,56
dictionary learning,dictionary learning,0,0,1,0,0,1,2,0,3,0,2,5,3,2,7,16,38,100,162,231,239,335,371,392,387,340,338,281
drug-eluting stent,drug-eluting stent,2,2,2,1,4,6,20,75,153,377,573,833,1091,1116,1071,1116,1209,1204,1285,1181,1161,1222,1195,1156,1019,1012,870,885
H5N1,H5N1,3,2,10,67,37,50,59,52,59,202,391,938,975,938,1043,1006,832,925,812,704,608,544,451,379,321,396,275,296
microbial fuel cell,microbial fuel cell,5,2,1,2,2,16,11,7,23,43,50,99,149,263,299,413,415,561,647,747,762,836,851,873,878,1050,949,928
DNA barcoding,DNA barcoding,1,0,1,2,0,5,2,2,8,15,57,81,145,175,276,348,477,582,644,725,845,989,889,927,1057,1115,1278,1204
demand response,demand response,7,8,10,11,13,14,15,37,33,42,55,74,69,104,94,179,166,298,389,511,624,654,743,769,996,1093,1208,1214
pandemic H1N1,pandemic H1N1/swine flu,1,0,3,3,1,3,4,4,6,3,4,5,7,9,936,1185,933,548,382,276,261,194,156,157,167,291,213,124
genome-wide association study,genome-wide association study/GWAS,4,7,19,12,9,25,24,32,32,47,81,112,338,868,1460,2132,2626,2846,3062,3252,3461,3731,3659,3632,4307,4848,4979,5233
WiMAX,WiMAX,3,2,1,0,0,0,1,1,0,33,127,251,444,618,832,951,921,889,931,857,646,569,502,456,503,362,324,286
latent Dirichlet allocation,latent Dirichlet allocation,0,0,0,0,0,1,2,1,3,3,7,8,24,14,37,60,92,120,146,197,188,230,272,353,425,515,645,719
microblog,microblog,1,0,0,0,0,1,0,0,0,0,0,0,1,2,21,58,160,297,402,418,350,287,251,230,252,261,224,259
social tagging,social tagging,0,0,0,0,0,0,0,0,0,0,0,23,29,52,87,102,99,101,86,76,68,55,62,59,52,23,15,18
synthetic biology,synthetic biology,1,3,0,3,3,3,1,4,3,18,41,55,119,151,315,362,431,587,649,794,813,972,937,1003,1034,1167,1203,1205
long noncoding RNA,long noncoding RNA/lncRNA,2,2,4,3,1,6,4,5,6,1,7,16,14,20,28,58,125,244,539,1009,1499,2364,3161,4443,5963,7468,7421,6935
comparative effectiveness research,comparative effectiveness research,0,0,0,1,0,1,0,0,2,1,1,2,4,17,180,307,274,395,354,314,243,225,189,177,167,138,117,95
virtual power plant,virtual power plant,0,0,1,0,0,0,0,0,0,1,4,13,6,11,11,16,24,34,45,56,66,68,97,91,118,162,175,222
exome sequencing,exome sequencing,4,3,4,5,6,3,4,7,4,8,6,7,5,4,19,92,396,851,1367,1878,2273,2590,2758,2765,3303,3805,3998,4363
sirtuin,sirtuin,0,1,1,1,1,5,3,5,21,31,53,77,95,198,236,329,382,509,628,678,792,751,803,929,958,1184,1092,1118
next-generation sequencing,next-generation sequencing,7,12,10,9,5,13,7,6,9,14,21,16,27,96,303,684,1263,2093,2804,3791,4746,5688,6077,6304,7321,7863,8016,8288
vehicle-to-grid,vehicle-to-grid,0,1,0,0,0,1,1,3,2,2,3,0,10,5,15,51,71,108,124,144,142,163,172,208,222,319,317,374
takotsubo cardiomyopathy,takotsubo cardiomyopathy,0,2,1,1,0,2,3,11,14,23,36,61,103,122,167,187,171,195,264,330,361,408,315,327,319,356,335,357
energy harvesting,energy harvesting,5,8,7,8,7,7,18,17,15,28,75,85,127,225,327,499,674,941,1233,1585,1963,2144,2574,2975,3248,3529,3853,4102
ZigBee,ZigBee,0,0,0,0,0,0,1,0,4,29,89,203,315,503,675,757,873,1069,1302,1244,791,684,531,561,427,442,384,300
extreme learning machine,extreme learning machine,1,1,2,3,1,0,1,2,1,1,7,11,17,25,33,49,94,192,286,409,553,587,733,925,1051,1130,1236,1388
chronic traumatic encephalopathy,chronic traumatic encephalopathy,1,1,0,0,0,1,0,3,2,3,3,15,5,3,7,22,26,41,83,105,121,143,168,156,182,134,122,113
wireless body area network,wireless body area network,2,0,0,1,0,0,0,1,2,3,7,6,7,26,59,72,95,114,143,239,231,261,236,272,315,317,322,295
learning to rank,learning to rank,0,0,1,0,0,1,3,2,2,0,2,3,13,10,24,45,46,40,59,65,73,66,80,104,93,98,97,89
service-oriented architecture,service-oriented architecture,0,0,1,0,0,2,4,10,28,106,197,372,522,688,662,628,626,634,523,462,377,290,267,258,252,222,173,159
piRNA,piRNA,2,0,1,3,4,4,0,0,3,3,6,13,56,72,82,87,118,161,147,165,198,205,232,226,216,256,256,257
lipidomics,lipidomics,1,3,2,2,0,4,0,9,18,30,50,76,93,98,152,158,245,260,367,431,457,547,685,730,895,1128,1335,1448
network coding,network coding,5,8,5,5,4,7,10,8,15,25,28,81,97,185,287,384,501,610,624,593,537,428,367,351,305,268,240,188
severe acute respiratory syndrome,severe acute respiratory syndrome/SARS coronavirus,25,16,9,10,4,12,11,11,1432,1609,1133,766,541,418,402,312,257,234,270,267,251,224,180,145,184,19056,19311,13908
cognitive radio,cognitive radio,1,0,0,1,4,1,3,0,3,4,32,127,246,422,693,933,1095,1389,1514,1613,1363,1260,1195,1183,1099,1023,845,713
structural health monitoring,structural health monitoring,7,8,7,14,20,53,72,85,140,159,224,333,324,373,472,536,677,628,860,691,744,828,844,987,1049,1197,1252,1429
MapReduce,MapReduce,0,0,2,0,0,0,1,0,0,2,5,3,4,22,56,139,233,364,580,719,734,696,655,580,503,360,358,256
differential privacy,differential privacy,0,0,1,0,1,0,0,0,0,1,0,0,1,3,2,20,23,53,61,73,72,84,155,223,314,411,506,583
cyber-physical system,cyber-physical system,0,2,6,0,4,0,0,2,1,3,1,2,3,25,28,59,113,217,277,372,496,648,851,1072,1248,1437,1561,1523
ultra-wideband,ultra-wideband,15,12,14,24,16,31,43,89,135,210,431,615,664,723,742,819,825,792,784,697,625,576,620,670,757,770,825,840
induced pluripotent stem cell,induced pluripotent stem cell,6,5,5,5,5,6,4,3,6,5,1,7,25,147,444,677,1057,1213,1413,1641,1727,2046,2108,2079,2315,2629,2759,2669
carbon capture and storage,carbon capture and storage,1,4,1,1,1,0,2,2,10,12,14,38,68,125,197,227,294,348,375,393,357,417,378,388,478,477,602,673
vehicular ad hoc network,vehicular ad hoc network/VANET,0,0,0,0,0,0,1,3,2,8,17,29,65,140,208,314,397,514,653,818,761,771,727,975,833,897,845,773
compressed sensing,compressed sensing/compressive sensing,1,1,1,0,0,0,0,1,3,3,7,10,37,84,243,380,669,972,1223,1422,1407,1410,1347,1414,1465,1382,1291,1238
capsule endoscopy,capsule endoscopy,0,1,1,0,0,6,18,69,181,317,356,495,480,517,497,479,539,518,512,515,488,466,425,429,450,445,487,448
internet of things,internet of things,6,10,7,12,15,14,19,10,10,16,22,27,23,42,67,295,775,1164,1570,1820,2446,3613,5291,8044,10558,13175,15259,16015
ribotype 027,ribotype 027,0,0,0,0,0,0,0,1,1,0,7,16,27,46,46,45,64,42,59,61,52,52,52,37,50,24,19,26
HPV vaccine,HPV vaccine,5,11,12,13,12,23,14,29,53,44,95,215,357,424,455,441,538,486,620,674,714,732,681,815,808,874,784,815
folksonomy,folksonomy,0,0,0,0,0,0,1,0,0,2,2,45,94,108,117,103,121,94,76,64,54,38,31,39,33,19,19,10
patient-centered medical home,patient-centered medical home,1,0,0,0,0,1,0,0,0,0,2,2,10,39,91,146,194,252,307,377,339,270,215,181,156,119,85,57
human microbiome,human microbiome,0,2,0,1,2,1,0,2,0,2,3,5,9,31,34,57,90,159,184,237,273,299,368,357,405,481,447,458
natural orifice transluminal endoscopic surgery,natural orifice transluminal endoscopic surgery/NOTES,0,0,0,0,0,0,0,2,0,0,1,20,109,222,323,310,220,209,171,140,108,121,87,80,97,105,102,122
transcatheter aortic valve implantation,transcatheter aortic valve implantation/TAVI,5,4,3,3,5,5,5,7,11,17,15,20,42,51,158,387,620,876,962,889,1026,1129,1245,1168,1179,1260,1264,1288
RNA-seq,RNA-seq,7,5,4,3,2,9,5,3,3,10,7,7,6,18,60,204,452,763,1336,1944,2731,3597,4244,3960,5035,6048,7010,8369
memristor,memristor,1,0,0,0,0,0,0,0,1,1,2,0,0,21,48,97,158,202,272,408,394,464,482,634,812,941,1038,1370
optogenetics,optogenetics,1,2,4,1,0,3,3,3,5,4,1,5,16,14,46,139,241,333,523,670,834,969,1072,1163,1221,1262,1279,1264
metagenomics,metagenomics,2,2,2,5,7,5,9,2,15,38,116,126,210,310,404,478,632,790,941,1162,1484,1703,1928,2007,2419,2999,3574,4269
LTE-Advanced,LTE-Advanced,0,0,0,0,0,1,0,0,0,0,0,0,1,23,107,210,197,327,358,303,252,180,125,92,79,66,52,32
cloud computing,cloud computing,7,8,7,3,3,9,5,4,7,6,28,65,136,190,493,1250,2239,3701,4784,5583,4938,4548,4670,5389,5367,5394,5652,5556
nanopore sequencing,nanopore sequencing,1,1,0,0,0,1,0,0,1,1,2,3,1,5,5,12,10,20,14,24,55,55,88,104,187,293,400,466
mHealth,mHealth,0,3,0,0,1,9,0,11,14,10,5,6,12,9,12,24,65,146,229,322,509,604,742,895,990,1167,1221,1299
single-incision laparoscopic surgery,single-incision laparoscopic surgery,0,0,0,0,0,0,0,0,0,0,0,0,0,8,45,161,153,173,129,127,114,89,75,70,79,51,49,45
ChIP-seq,ChIP-seq,0,1,0,0,2,1,2,1,1,0,1,2,9,38,99,203,288,367,495,562,647,763,610,525,606,600,692,721
microgrid,microgrid,6,7,8,4,6,19,14,24,19,32,36,57,72,94,132,243,337,577,692,1030,1025,1318,1711,1988,2413,2930,3148,3328
copy number variation,copy number variation,7,4,4,9,9,6,4,11,3,12,23,72,161,331,403,546,576,600,690,827,842,919,953,888,1000,1130,1196,1300
interactome,interactome,0,0,0,1,3,2,11,18,14,53,54,108,115,176,231,269,331,356,404,429,461,556,552,550,690,725,910,879
NoSQL,NoSQL,0,1,2,0,2,0,0,0,0,0,0,0,0,0,0,14,49,85,159,194,242,277,264,273,307,248,217,205
plug-in hybrid electric vehicle,plug-in hybrid electric vehicle,0,0,2,2,1,0,4,1,0,0,3,12,22,53,101,139,168,207,177,196,168,161,177,157,190,175,192,178
deep belief network,deep belief network,0,0,1,1,0,0,1,1,1,0,0,0,5,3,5,21,14,23,28,62,87,178,234,306,371,477,457,497
piezoelectric nanogenerator,piezoelectric nanogenerator,0,0,0,0,0,0,0,1,0,0,0,3,1,7,8,5,18,22,24,45,48,61,76,102,114,134,166,181
pay for performance,pay for performance,27,18,23,23,35,35,40,50,53,94,233,400,388,360,299,288,293,302,340,349,351,335,288,289,204,195,202,177
