ci,name,gold_type,reader
36427,Gender diversity,property,"executor agent, blind to M1/M2 labels, definitions of the M1 prompt"
22216,Complex plane,object,"executor agent, blind to M1/M2 labels, definitions of the M1 prompt"
4369,Binomial coefficient,object,"executor agent, blind to M1/M2 labels, definitions of the M1 prompt"
36565,Loss factor,property,"executor agent, blind to M1/M2 labels, definitions of the M1 prompt"
35415,Asterias,object,"executor agent, blind to M1/M2 labels, definitions of the M1 prompt"
56084,Host specificity,property,"executor agent, blind to M1/M2 labels, definitions of the M1 prompt"
47925,Scan statistic,method,"executor agent, blind to M1/M2 labels, definitions of the M1 prompt"
5133,Riemann problem,object,"executor agent, blind to M1/M2 labels, definitions of the M1 prompt"
53354,Soil remediation,topic,"executor agent, blind to M1/M2 labels, definitions of the M1 prompt"
26208,Gerontological nursing,topic,"executor agent, blind to M1/M2 labels, definitions of the M1 prompt"
17786,Technology management,topic,"executor agent, blind to M1/M2 labels, definitions of the M1 prompt"
18781,Analytic continuation,method,"executor agent, blind to M1/M2 labels, definitions of the M1 prompt"
39352,Middle Paleolithic,object,"executor agent, blind to M1/M2 labels, definitions of the M1 prompt"
6914,Anammox,object,"executor agent, blind to M1/M2 labels, definitions of the M1 prompt"
16434,Obstacle problem,object,"executor agent, blind to M1/M2 labels, definitions of the M1 prompt"
32846,Indoor positioning system,object,"executor agent, blind to M1/M2 labels, definitions of the M1 prompt"
26052,Scientometrics,topic,"executor agent, blind to M1/M2 labels, definitions of the M1 prompt"
31187,DVB-T,object,"executor agent, blind to M1/M2 labels, definitions of the M1 prompt"
49846,Electronic surveillance,topic,"executor agent, blind to M1/M2 labels, definitions of the M1 prompt"
28111,Test bench,method,"executor agent, blind to M1/M2 labels, definitions of the M1 prompt"
52292,Consumer satisfaction,property,"executor agent, blind to M1/M2 labels, definitions of the M1 prompt"
21038,Book value,property,"executor agent, blind to M1/M2 labels, definitions of the M1 prompt"
21568,Prime power,object,"executor agent, blind to M1/M2 labels, definitions of the M1 prompt"
3474,Audit risk,property,"executor agent, blind to M1/M2 labels, definitions of the M1 prompt"
32954,Group key,object,"executor agent, blind to M1/M2 labels, definitions of the M1 prompt"
42419,Presumption of innocence,property,"executor agent, blind to M1/M2 labels, definitions of the M1 prompt"
43387,Ceftiofur,object,"executor agent, blind to M1/M2 labels, definitions of the M1 prompt"
15187,Harmonic balance,method,"executor agent, blind to M1/M2 labels, definitions of the M1 prompt"
39585,Wendelstein 7-X,object,"executor agent, blind to M1/M2 labels, definitions of the M1 prompt"
52572,Digital era,topic,"executor agent, blind to M1/M2 labels, definitions of the M1 prompt"
33595,SODAR,method,"executor agent, blind to M1/M2 labels, definitions of the M1 prompt"
26789,Computerized physician order entry,object,"executor agent, blind to M1/M2 labels, definitions of the M1 prompt"
15004,Adomian decomposition method,method,"executor agent, blind to M1/M2 labels, definitions of the M1 prompt"
35875,Outage probability,property,"executor agent, blind to M1/M2 labels, definitions of the M1 prompt"
42614,Experimentalism,property,"executor agent, blind to M1/M2 labels, definitions of the M1 prompt"
52199,Electronic banking,topic,"executor agent, blind to M1/M2 labels, definitions of the M1 prompt"
30701,Commodity chain,object,"executor agent, blind to M1/M2 labels, definitions of the M1 prompt"
49852,Longissimus Thoracis,object,"executor agent, blind to M1/M2 labels, definitions of the M1 prompt"
8830,Clockwise,property,"executor agent, blind to M1/M2 labels, definitions of the M1 prompt"
25373,Generating function,method,"executor agent, blind to M1/M2 labels, definitions of the M1 prompt"
41433,Symbolic execution,method,"executor agent, blind to M1/M2 labels, definitions of the M1 prompt"
41386,Geohazard,object,"executor agent, blind to M1/M2 labels, definitions of the M1 prompt"
35306,Spectral gap,property,"executor agent, blind to M1/M2 labels, definitions of the M1 prompt"
8789,Click chemistry,method,"executor agent, blind to M1/M2 labels, definitions of the M1 prompt"
2646,Probability measure,object,"executor agent, blind to M1/M2 labels, definitions of the M1 prompt"
34684,Career management,topic,"executor agent, blind to M1/M2 labels, definitions of the M1 prompt"
24715,Riemann hypothesis,property,"executor agent, blind to M1/M2 labels, definitions of the M1 prompt"
42967,Common envelope,object,"executor agent, blind to M1/M2 labels, definitions of the M1 prompt"
54074,Recreational fishing,topic,"executor agent, blind to M1/M2 labels, definitions of the M1 prompt"
47649,Conch,object,"executor agent, blind to M1/M2 labels, definitions of the M1 prompt"
41676,Solanum nigrum,object,"executor agent, blind to M1/M2 labels, definitions of the M1 prompt"
5857,DBSCAN,method,"executor agent, blind to M1/M2 labels, definitions of the M1 prompt"
4914,Feshbach resonance,object,"executor agent, blind to M1/M2 labels, definitions of the M1 prompt"
34037,Drazin inverse,object,"executor agent, blind to M1/M2 labels, definitions of the M1 prompt"
45735,Carding,method,"executor agent, blind to M1/M2 labels, definitions of the M1 prompt"
26782,Ableism,topic,"executor agent, blind to M1/M2 labels, definitions of the M1 prompt"
16399,Point cloud,object,"executor agent, blind to M1/M2 labels, definitions of the M1 prompt"
47644,Early Triassic,object,"executor agent, blind to M1/M2 labels, definitions of the M1 prompt"
47950,Tenuipalpidae,object,"executor agent, blind to M1/M2 labels, definitions of the M1 prompt"
43008,Ruminococcus,object,"executor agent, blind to M1/M2 labels, definitions of the M1 prompt"
