concept,t0,newborn,group,logvol,growth,offhome_share,entropy,nfields2,M,n_self_topics,has_self_topic,nc_PRE,nc_W1,nc_W2,nc_W3,D_z,D_ratio,D_obs,F_res,F_z,F_obs_growth,k_used_W1,k_used_W3,D_rare,D_sub,D_sub_obs,D_lag,D_q,D_q_obs,D_withself,F_bg,C0,NOV,NOV_res,deg_W1,deg_W3,deg_growth,str_growth,new_edge_rate,edge_persistence,turnover,participation,n_comm_W3,comm_transitions,ego_density_W1,ego_density_W3,ego_density_change,btw_t0,kcore_t0,constraint_t0,btw_t4,kcore_t4,constraint_t4,btw_change,constraint_change
zinc finger nuclease,2005,True,BIO,5.049856007249537,1.3862943611198906,0.0816326530612244,0.3622747782602887,3.0,8,3,1,4,26,15,66,-3.9900527994313206,0.4539264639128461,3.0,0.0287643090616025,0.1255019064271711,-0.623586107202029,6,10,,-6.787938283969819,4.0,-3.887992391305791,-3.435209010738932,2.0,-3.653260167969127,-1.9214659868768451,5,0.625,-0.2844898997238774,6,10,0.4519851237430574,0.3581279975608975,0.2285714285714286,0.2666666666666666,0.1666666666666666,0.6353361094586556,3,0,0.4666666666666667,0.5777777777777777,0.111111111111111,0.0003258782445348,6,0.1854134351889804,0.0005785460526441,9,0.1317503185588344,0.0002526678081092,-0.0536631166301459
sentiment analysis,2007,True,CS,5.831882477283517,1.6236225474260568,0.2622950819672131,0.9657483741954256,4.0,11,3,1,11,23,24,99,-3.01501043101846,0.5906674542232723,5.0,-0.7296440846763315,-1.3345047959658562,-2.0531215856866494,3,13,4.727272727272728,-4.470268975950925,7.0,-3.03973126459607,-4.242677670013899,2.0,-2.9243045872699582,-2.6239871363932745,4,0.4545454545454545,-0.4930961079754895,3,13,1.2527629684953678,1.0586471088105514,0.55,0.358974358974359,0.3333333333333333,0.370674740484429,4,0,1.0,0.5384615384615384,-0.4615384615384615,2.6901977029120584e-05,3,0.3669463734567901,0.001040796768164,10,0.0946709772092525,0.0010138947911348,-0.2722753962475375
biosimilar,2006,True,MED,6.018593214496234,0.7683706017975328,0.1878453038674033,0.786097066462506,7.0,25,3,1,8,55,30,177,-3.964101151310942,0.5567928730512249,8.0,0.0452149935093216,0.2744454475058113,-0.2642813226599534,9,20,5.282837528604107,-1.2808129793004717,20.0,-4.000172573136852,-4.9416686105754986,4.0,-4.098945946198331,0.5824369477837821,14,0.72,-0.2441658595059924,9,26,0.9932517730102832,0.9059528244292244,0.5,0.2264957264957265,0.2222222222222222,0.7053993383742911,7,0,0.5277777777777778,0.3630769230769231,-0.1647008547008547,0.0010789583535586,9,0.1242952585244552,0.0101795065851528,10,0.0486080357908788,0.0091005482315941,-0.0756872227335764
smart grid,2008,True,ENG,8.227375506834035,1.8004931491968097,0.2664601084430674,0.8960169325362072,9.0,199,3,1,7,156,441,1435,-12.02354771047461,0.6653064845205358,15.0,0.1018034537714726,0.5798516737265806,-0.1038120473997539,20,20,4.901029110871878,-10.055699836667326,53.0,-10.062290179005473,-5.130733709124565,5.0,-11.12118957781058,1.3882667048642872,2,0.7537688442211056,-0.1867708484781295,28,191,1.8901995420413076,1.3862179429142376,1.372413793103448,0.3148148148148147,0.0714285714285714,0.5978755246431526,12,0,0.365079365079365,0.212951226233122,-0.152128138846243,0.0069162874002022,9,0.0480662524394934,0.1122034625751155,10,0.0099463525157138,0.1052871751749133,-0.0381198999237794
cancer stem cell,2003,True,BIO,6.787844982309579,2.0104486701928845,0.5173745173745173,0.9674501751795122,5.0,53,1,1,2,24,45,257,-7.907654040410934,0.3603974669206611,7.0,-0.6384446040498729,-2.895925634467128,-1.4581086628173583,9,20,2.763982631675965,-7.614048178871577,21.0,-8.37982161818527,-12.95702068045124,4.0,-7.780403854112769,-2.244368149953739,5,0.2075471698113207,-0.7079184742710762,9,55,1.7227665977411035,1.287682344383685,1.06,0.281733746130031,0.0,0.4290082263583197,7,0,0.8333333333333334,0.5757575757575758,-0.2575757575757575,0.0002174615007542,9,0.1333631098102737,0.0167904608448956,9,0.0275542309632133,0.0165729993441414,-0.1058088788470604
crowdsourcing,2008,True,CS,6.871091294610546,2.244041637381436,0.6220472440944882,1.766228664813515,11.0,145,2,1,6,52,81,507,-4.054484051717354,0.8548162145138795,19.0,0.0535954161101387,0.2199240515303325,-0.3659427979020551,12,20,5.609702343900056,-6.997713296924038,54.0,-2.8309705325596006,0.5958301353032591,7.0,-4.091887139536307,0.448936927879544,4,0.5586206896551724,-0.3886753069856129,12,148,2.4389969484839225,2.0176809710385,2.230769230769231,0.2086466165413533,0.0,0.6903278660277787,19,0,0.5909090909090909,0.247471961757676,-0.3434371291514149,0.0009526159667967,9,0.093417889427869,0.11327925707827,10,0.0107036394397348,0.1123266411114733,-0.0827142499881341
microbial fuel cell,2003,False,BIO,5.8971538676367405,1.2264456601779945,0.7643312101910829,1.5778472319467047,8.0,9,3,1,16,44,39,184,-4.272899942991809,0.4173622704507512,3.0,-0.1525756698317757,-0.4708759330105931,-1.2310987991253128,4,13,,-2.512143566940976,7.0,-4.174704579674994,-3.5675067966651235,2.0,-4.435224224061262,0.1253407983447476,3,0.4444444444444444,-0.4895582482830677,4,13,1.029619417181158,0.8260439807566056,0.36,0.1769230769230769,0.0,0.5463842220598977,3,0,0.8333333333333334,0.4487179487179487,-0.3846153846153846,4.662386810395455e-05,4,0.2974381600091826,0.0010112026924769,9,0.0942187466410285,0.0009645788243729,-0.2032194133681541
DNA barcoding,2005,True,BIO,6.598509028614515,1.2172982589230854,0.5231316725978647,1.3575044707100576,7.0,71,3,1,12,83,71,281,-10.33826218357076,0.2830322185008727,6.0,-0.0427469111290982,-0.2966617776429036,-0.0992438221275744,20,20,3.0606282486611023,-9.801413160973537,21.0,-9.815521607161614,-31.59008567497412,2.0,-10.214665054410276,0.4182852707956219,15,0.4084507042253521,-0.5670384057735971,21,79,1.2909841813155651,1.1108135740898053,0.6454545454545454,0.346861128725428,0.0,0.3081513728860525,6,0,0.5761904761904761,0.4076598506978254,-0.1685306254926507,0.0020215350791993,9,0.0598232478880775,0.019805695640891,9,0.0238689439469808,0.0177841605616917,-0.0359543039410966
pandemic H1N1,2009,True,MED,8.290041618704489,-1.1303065903770249,0.2236255572065379,0.9456728967524604,13.0,158,2,1,4,1164,506,397,-8.742604206518322,0.7143813903647811,16.0,0.0441103836592462,0.2760202058749698,0.1233313322467939,20,20,5.973428644823594,-6.609067431571437,60.0,-8.557048388654085,-2.2253945610567465,6.0,-9.156384817960442,-0.798213577206614,16,0.810126582278481,-0.165444131912404,129,79,-0.485507815781701,-0.2252351332116067,0.243076923076923,0.4451607205934299,0.5116279069767442,0.6873562775401139,12,1,0.237281976744186,0.2956832197338526,0.0584012429896665,0.097359403119162,9,0.0132725426963661,0.0483019031714099,10,0.0206083893674487,-0.049057499947752,0.0073358466710826
latent Dirichlet allocation,2007,True,CS,5.424950017481403,1.824549292051046,0.3333333333333333,0.9736489231972636,3.0,10,3,1,2,8,9,29,-3.5359175741437285,0.5093594804533299,4.0,-0.593913462521865,-0.888927256612729,-1.576867954237226,1,11,4.0,-5.075916744563273,6.0,-3.605959846535846,-2.7266824174324364,3.0,-3.789563850018487,-1.9517384953565051,4,0.6,-0.3468731049120679,1,11,1.791759469228055,2.039288421118175,1.0,0.303030303030303,0.0,0.328125,4,0,,0.6909090909090909,,0.0,1,1.0,0.0014411972165576,10,0.1198067980479783,0.0014411972165576,-0.8801932019520217
social tagging,2006,True,CS,5.680172609017068,1.2335316065674804,0.3230769230769231,1.1644853077005926,6.0,33,2,1,0,22,21,84,-5.129422717216374,0.4872700694359849,8.0,0.4566405156450312,1.8837683193351915,-0.0369828764217654,10,20,4.162634127706495,-6.599600198449005,16.0,-5.636116449147832,-8.957577597303256,3.0,-5.200843072356675,-1.539561860023368,4,0.4242424242424242,-0.5229131504424365,10,29,1.0033021088637848,0.9481724926571772,0.6,0.3236607142857143,0.1,0.4624307479224376,8,0,0.7111111111111111,0.5295566502463054,-0.1815544608648057,0.000529213889545,9,0.1103174632283024,0.005133460558159,10,0.0489768989289029,0.004604246668614,-0.0613405642993995
synthetic biology,2005,True,BIO,6.523562306149512,1.7303905228517629,0.2064516129032258,0.9148191088908616,6.0,27,3,1,9,42,39,183,-1.752877087986382,0.8066142367412784,12.0,-0.1668685942616817,-0.8543999822563295,-0.6340043043058854,10,20,7.021924934968379,-3.570610001541723,18.0,-1.8185800571394075,-3.8089394976564273,5.0,-1.8996379267479608,-0.7422056777570715,13,1.0,0.0228813849172618,10,35,1.1856236656577392,0.9665373170631768,0.4909090909090909,0.2638888888888889,0.0,0.8736105860113421,13,0,0.7111111111111111,0.4218487394957983,-0.2892623716153128,0.001129596800067,9,0.117847609472508,0.0197835619516296,9,0.0382924296191512,0.0186539651515626,-0.0795551798533568
long noncoding RNA,2008,False,BIO,6.163314804034641,2.133962380558253,0.2598425196850393,0.7598430602575019,4.0,19,3,1,1,13,21,119,-5.997580188203944,0.2513404825737265,3.0,-0.3108500852823515,-0.5465037133577223,-2.161682691935144,2,20,2.9102167182662537,-8.537371747058943,7.0,-5.31093431250394,-5.395222568539404,2.0,-6.280039277209209,-4.393599800409334,5,0.4736842105263157,-0.4361232179888148,2,20,1.9459101490553128,1.7786281859022832,1.2666666666666666,0.4083333333333333,0.0,0.5762499999999999,3,0,1.0,0.4947368421052631,-0.5052631578947369,3.032942482396387e-06,2,0.5,0.0027059102601491,10,0.0630822640478963,0.0027028773176667,-0.4369177359521036
comparative effectiveness research,2009,True,MED,7.31986492980897,0.1420180065018413,0.4680073126142596,1.2118700577084038,9.0,105,1,1,5,262,120,362,-11.08459758719316,0.4639079606606049,10.0,-0.0065562659965563,-0.0873341325549349,-0.0130015026855927,20,20,4.287725819001458,-6.346674707409183,44.0,-11.51708307891944,-5.816301188366323,4.0,-11.290010035110836,0.118896453818754,14,0.6285714285714286,-0.3365889837819731,54,93,0.5359615970375327,0.4213213615977196,0.3818181818181818,0.2676767676767677,0.2592592592592592,0.4307289225407127,10,0,0.40041928721174,0.2798036465638148,-0.1206156406479251,0.0210986672552633,9,0.0286821201319266,0.0528593957018411,10,0.0174301489452633,0.0317607284465777,-0.0112519711866633
sirtuin,2003,True,BIO,5.6240175061873385,1.0986122886681098,0.4057971014492754,1.2386872171341994,5.0,17,3,1,1,10,16,60,-5.8642829183735,0.2645735955551636,3.0,-0.6084528873266011,-0.9518180879636434,-1.9193111092665536,3,18,2.8421945701357467,-4.125547131594012,11.0,-5.888536924130044,-6.010771922084436,2.0,-6.420696420191127,-4.0285198314057125,5,0.4117647058823529,-0.5030618014601408,3,18,1.5581446180465497,1.4195958922581733,0.85,0.3095238095238095,0.0,0.4421301775147928,3,0,0.3333333333333333,0.5555555555555556,0.2222222222222222,2.2860343818403213e-05,3,0.3333333333333333,0.0013426916592412,9,0.063840252286347,0.0013198313154228,-0.2694930810469862
next-generation sequencing,2005,False,BIO,6.137727054086234,2.8838143573500057,0.4069767441860465,1.2222597943219502,4.0,39,1,1,0,1,3,100,-4.522487021966199,0.5705808513066302,10.0,,,,0,20,5.137288261227146,-9.30246808556556,13.0,-5.180563388902014,-8.415017010191644,4.0,-4.774433675426139,,15,0.9230769230769232,-0.0499563905680914,0,39,3.688879454113936,5.043940315660644,7.8,0.0128205128205128,,0.6067283950617284,10,1,,0.4925775978407557,,0.0,0,,0.0141989729359992,9,0.0379747117215636,0.0141989729359992,
takotsubo cardiomyopathy,2004,True,MED,5.84354441703136,1.201266442728193,0.05,0.2304668363283814,2.0,13,4,1,22,48,40,161,-5.253536388364006,0.3169237270230298,3.0,0.2662897898236609,1.03682184437373,-0.6176506285675805,7,18,2.923076923076923,-5.831155588146575,7.0,-4.985835500062845,-5.602555340306822,1.0,-4.945979763140506,0.4911966549728475,0,0.3076923076923077,-0.5920605603982015,7,18,0.8649974374866045,0.7779575440863393,0.325,0.3944444444444445,0.2857142857142857,0.6485638662876189,3,0,0.5238095238095238,0.5294117647058824,0.0056022408963585,0.0004120408072283,7,0.1499968562905625,0.0033916787747779,9,0.0609722137113033,0.0029796379675496,-0.0890246425792592
energy harvesting,2004,True,ENG,6.29156913955832,1.089801658985955,0.1990950226244343,0.836223920615782,7.0,45,4,1,16,49,46,227,-5.407785295224624,0.5405697605275961,10.0,-0.040993167359873,-0.1233951142336777,-0.7191020524976395,8,20,5.331112949586459,-6.220144835786851,22.0,-5.630719968563435,-7.919106790302955,5.0,-5.205695946573077,0.4877357362572834,2,0.7333333333333333,-0.2021003616610841,8,51,1.754019141245208,1.466261037341866,1.0,0.2183288409703503,0.0,0.7941523827763414,10,0,0.6428571428571429,0.2337254901960784,-0.4091316526610644,0.0006574985481775,8,0.1296237244897959,0.0323023942374044,9,0.0271877420753794,0.0316448956892268,-0.1024359824144165
extreme learning machine,2008,False,CS,5.973809611869261,1.7363296642887245,0.3300970873786408,1.0951485033137542,10.0,33,3,1,21,32,22,196,-2.401832358066378,0.757002271006813,12.0,-0.0030256922921171,-0.0083820423772114,-0.8992969888987892,9,20,6.30351192035016,-5.22473138597694,18.0,-2.1298043741559294,-2.2499199560913907,5.0,-2.500701621046162,-0.9180655520796884,25,0.9696969696969696,-0.0141115787311681,9,41,1.4350845252893225,1.1906282107031825,0.6599999999999999,0.1845238095238095,0.0,0.678316475296105,11,1,0.3333333333333333,0.2695121951219512,-0.063821138211382,0.001824898752175,9,0.1219673717147568,0.021403361282816,10,0.0295562116611045,0.0195784625306409,-0.0924111600536522
wireless body area network,2008,True,ENG,5.902633333401366,0.6505875661411494,0.4144144144144144,0.975448539749161,4.0,16,1,1,5,49,39,90,-4.329765048283038,0.4630487127245786,5.0,0.0725880588635788,0.3656469071027725,-0.4947947591095563,12,17,3.8748751248751256,-8.314650529180179,6.0,-5.174041035490796,-2.0836345500556,4.0,-4.315113327371702,-0.6150500810488246,20,0.625,-0.3384051624521837,12,17,0.3254224004346278,0.2513126051387351,0.2461538461538461,0.4965277777777778,0.25,0.0864335041211852,3,1,0.5454545454545454,0.7058823529411765,0.1604278074866311,0.0017587325862175,9,0.094249509168737,0.0013995299484652,10,0.0848834456700671,-0.0003592026377523,-0.0093660634986699
learning to rank,2009,False,CS,5.365976015021851,0.2657031657330057,0.125,0.5109630170575021,2.0,14,4,1,18,38,25,48,-6.125,0.2032520325203252,2.0,0.4362208713221337,1.595940518263191,0.1999678565511073,13,20,1.9340659340659343,-6.1033766448814175,7.0,-4.635927190462427,-5.664824528171098,1.0,-5.830598945807115,0.2877805730139398,4,0.1428571428571428,-0.8072576175677755,13,23,0.5389965007326873,0.5638382409851026,0.1999999999999999,0.3597285067873303,0.1538461538461538,0.2085714285714286,3,0,0.6282051282051282,0.7351778656126482,0.10697273740752,0.0007087245266312,9,0.0973226750128564,0.0013040669565617,10,0.0649533405338338,0.0005953424299305,-0.0323693344790225
service-oriented architecture,2003,True,CS,7.110696122978827,1.5867526296030168,0.3559322033898305,1.1050265598903817,5.0,49,2,1,2,44,64,269,-6.581788869171595,0.4225872906872325,8.0,-0.2085114899855373,-1.009714270062511,-0.7017294238054017,11,20,3.3917172904255053,-6.291747950672881,23.0,-6.253154600943733,-8.779834956235568,5.0,-6.792337730394338,-0.082225395956459,4,0.2653061224489796,-0.680985047110078,11,47,1.3862943611198908,1.1177451367386482,0.8166666666666668,0.3205128205128205,0.0909090909090909,0.2010470077808452,6,0,0.8727272727272727,0.5605920444033302,-0.3121352283239424,0.0003293633678229,9,0.1112303199456748,0.009916899553,9,0.0351408710183704,0.0095875361851771,-0.0760894489273043
piRNA,2007,True,BIO,6.028278520230698,0.4886640519631383,0.1317829457364341,0.6020729940010844,5.0,16,4,1,7,46,30,82,-5.044369575734839,0.3632071188595296,4.0,-0.2838311314860926,-1.03201959985949,-0.6907590306994873,5,15,3.5810439560439566,-7.460133200950043,7.0,-4.353186883486041,-4.351338926501696,3.0,-4.478653803688263,-0.0890935033448145,5,0.5,-0.4096605394140499,5,15,0.9808292530117262,0.9115095961275363,0.5333333333333333,0.3392857142857143,0.4,0.556122448979592,4,0,0.5,0.580952380952381,0.080952380952381,0.0001574626558212,5,0.2,0.0016148020918185,10,0.085512118871461,0.0014573394359972,-0.114487881128539
lipidomics,2004,True,BIO,5.849324779946859,0.6632942174102642,0.5034013605442177,1.2877750850923633,5.0,35,2,1,10,50,50,97,-5.2696983506838535,0.4787552363853979,8.0,-0.1113156535515023,-0.6845333275835445,-0.1814595817376529,17,20,4.4257356092401325,-3.787099357885053,22.0,-5.241464314151083,-7.328236607259031,4.0,-5.258856143758153,-0.0532674682216723,5,0.4857142857142857,-0.4306418724175891,17,33,0.635988766719997,0.5340788973997936,0.3888888888888889,0.3759740259740259,0.3529411764705882,0.5602292387543253,7,0,0.6102941176470589,0.4659090909090909,-0.144385026737968,0.0012846054034385,9,0.0784541227924347,0.0088952542944325,9,0.0407737133153177,0.0076106488909939,-0.037680409477117
network coding,2004,True,CS,6.030685260261263,1.8584508437267275,0.5301204819277109,0.987348922901376,3.0,25,3,1,8,28,48,183,-6.113949621433146,0.2871912693854107,4.0,-0.0430444523126232,-0.121561203989878,-1.6443068692307057,7,20,3.286057709957291,-7.760508501543541,10.0,-6.6696572245446895,-6.818111310215446,2.0,-6.278508542656214,-2.502986968610829,4,0.52,-0.4260738272121853,7,25,1.1786549963416464,0.8703940018730592,0.625,0.3541666666666666,0.0,0.5840795501874219,4,1,0.5714285714285714,0.6,0.0285714285714285,4.504273011984133e-05,7,0.1839765511957593,0.0026113694018663,9,0.0589379636263392,0.0025663266717464,-0.12503858756942
severe acute respiratory syndrome,2003,True,MED,8.609042845046117,-1.0887234565388626,0.2673372154579142,0.9845276708106312,15.0,219,2,1,1,1622,616,568,-6.2677236848455165,0.7746880861126967,19.0,-0.2490724088182599,-1.3838148309410427,-0.0531059365352888,20,20,5.591560298874121,-6.484665587624987,76.0,-8.489864940535341,0.0,8.0,-6.201427936101067,-0.7863815009056689,16,0.8036529680365296,-0.1697426800143924,177,101,-0.5568107370078144,-0.1981134100775454,0.246067415730337,0.4687973086627418,0.5706214689265536,0.6005274335457069,10,0,0.2132768361581921,0.2922772277227722,0.0790003915645801,0.1428723661294389,9,0.0095779859928592,0.0608471579120523,9,0.0158576088646239,-0.0820252082173866,0.0062796228717647
cognitive radio,2005,True,ENG,7.326465613840322,1.6904416965871871,0.4011695906432748,0.9600872933262484,4.0,68,3,1,5,98,169,825,-9.377805663087182,0.3332698533612645,7.0,0.3791696885132126,2.1306461627286324,0.0553060053479761,18,20,2.985596571847887,-10.098659043691672,20.0,-9.164097261094414,-25.9523939834868,3.0,-9.492012539783468,1.4451867876313895,20,0.5,-0.4635993540903819,18,71,1.332227139849615,0.9802280499395336,0.7157894736842105,0.4507575757575758,0.0555555555555555,0.4013909213677707,7,0,0.7124183006535948,0.3987927565392354,-0.3136255441143594,0.0024802838517429,9,0.0784185312191333,0.0195928259306842,9,0.027234650529505,0.0171125420789413,-0.0511838806896282
MapReduce,2008,True,CS,6.70196036600254,1.8568460857479412,0.3195020746887966,1.0243491555106865,6.0,62,1,1,5,30,62,300,-9.064317313349656,0.3583128583128583,7.0,0.2068779028159096,0.8578355259159415,-0.4285582525730076,13,20,2.8120445616901315,-8.63278693275229,22.0,-7.641846957921477,-2.890859445898673,5.0,-8.919923212795258,-0.8977143726984377,4,0.2096774193548387,-0.7385721020356877,13,65,1.5505974124111668,1.247000521186541,0.8857142857142858,0.3944117647058823,0.0,0.1637629903355948,7,0,0.9102564102564102,0.4538461538461538,-0.4564102564102564,0.0004625342017304,9,0.1232874057390517,0.0246705625060973,10,0.0261399335417966,0.0242080283043669,-0.0971474721972551
cyber-physical system,2008,True,CS,6.091309882077698,2.017199232802615,0.4140127388535032,0.9085725008960246,3.0,72,2,1,2,31,32,188,-9.798381768525887,0.3463803255975061,7.0,0.0133597063930522,0.0571136611355049,-0.3655223375783629,15,20,3.046918084771649,-8.410039035814032,25.0,-9.525215092274571,-6.924782200365653,3.0,-9.793002093338703,-0.9604818601406914,4,0.2638888888888889,-0.683534552961006,15,72,1.5178707189086098,1.289929125882303,0.9,0.2413513513513513,0.0,0.3361521727832265,8,0,0.7333333333333333,0.4518779342723005,-0.2814553990610328,0.0006742006260634,9,0.1047006202724151,0.0210334697467665,10,0.0240138845058882,0.0203592691207031,-0.0806867357665268
induced pluripotent stem cell,2007,True,BIO,7.762170607138205,1.9669233386541296,0.0886363636363636,1.0755628905968264,10.0,79,2,1,0,66,219,790,-9.123564639152182,0.410228360453986,9.0,-0.2159103075680605,-1.3804331224779818,-0.6187412130300891,11,20,3.2467436283911337,-9.35862145298714,25.0,-9.10691775903701,-20.776362299739564,5.0,-8.98593535544416,1.1645198746312837,5,0.2658227848101265,-0.6433759892925398,11,77,1.8718021769015916,1.3184792979724822,1.3166666666666669,0.3122362869198312,0.0,0.4896199096661097,9,0,0.8,0.4453178400546821,-0.3546821599453179,0.0010101797661601,9,0.1028086740695413,0.0352151575499772,10,0.0202129913330049,0.034204977783817,-0.0825956827365363
carbon capture and storage,2006,True,ENG,6.484635235635252,1.1952391243571814,0.4666666666666667,1.4644452517443198,6.0,16,2,1,13,35,41,123,-3.619935196948119,0.547595144656384,6.0,-0.0270808350968295,-0.1249452316809063,-0.6662842581323876,9,20,4.991633366633367,-5.41506961044567,9.0,-3.5371262893519364,-5.513869097520975,2.0,-3.3872239155761545,-1.3677125152690208,26,0.625,-0.3522825704292238,9,23,0.8754687373538999,0.7499454370066005,0.32,0.45,0.0,0.6615607376924248,5,2,0.8611111111111112,0.5731225296442688,-0.2879885814668423,0.0003506111567035,9,0.152944672015502,0.0034837357801592,10,0.0654124204362611,0.0031331246234557,-0.0875322515792408
vehicular ad hoc network,2006,True,ENG,6.628041376179533,1.5629178967992077,0.6194444444444445,1.000459949351709,3.0,29,3,1,20,59,95,363,-7.730347167747005,0.1946408875624472,3.0,-0.2845179151898113,-1.0876557580081412,-0.7882112625373683,10,20,2.181634457496516,-6.706138311513457,13.0,-8.478296126236883,-10.933689075760263,1.0,-7.448231596941812,0.8383930800826214,4,0.1724137931034483,-0.7759069046727443,10,37,1.239690886928015,0.8906631403316312,0.5272727272727272,0.4038461538461538,0.2,0.0393284191451996,2,0,0.5333333333333333,0.5285285285285285,-0.0048048048048048,0.0005430613475285,9,0.1130179403653913,0.0079876833680006,10,0.0396726793525434,0.007444622020472,-0.0733452610128479
compressed sensing,2007,True,MED,7.253470382684528,2.0646264558946954,0.8173228346456692,1.5786481853867365,10.0,94,1,1,10,64,137,635,-9.400538176030286,0.4418912947414936,10.0,-0.1295086886727989,-0.93807206601384,-0.3905073362459008,20,20,5.250016192225953,-8.709750161987786,31.0,-9.939603106164222,-38.24454935879999,4.0,-9.638570164623156,0.5013564207125308,20,0.5851063829787234,-0.3792457649208619,23,104,1.475906519809577,0.9990628773554864,0.7833333333333333,0.3339947089947089,0.0,0.691169759312164,9,1,0.4980237154150198,0.2976101568334578,-0.2004135585815619,0.0044154052073419,9,0.0575020758108582,0.0535676164604818,10,0.0171951020172918,0.0491522112531399,-0.0403069737935663
internet of things,2005,False,ENG,5.198497031265826,0.8873031950009027,0.4642857142857143,1.2378266633504993,3.0,21,3,1,7,16,3,39,-5.858336724929765,0.3092624091541673,4.0,-1.080004053440382,-2.475723568357526,-1.650193609928924,7,19,2.428571428571428,-2.950217042316391,15.0,-5.713257133371777,-5.43677600240704,3.0,-5.797247670352372,-2.402115214221502,4,0.1428571428571428,-0.805617329649716,7,19,0.9162907318741552,0.7030875787169104,0.525,0.125,0.7142857142857143,0.1449704142011834,3,0,0.5238095238095238,0.5614035087719298,0.0375939849624059,0.0007763985464788,7,0.1557645031631981,0.0017197724739348,9,0.0687880880163295,0.0009433739274559,-0.0869764151468686
ribotype 027,2007,False,MED,5.429345628954441,0.3242396681855786,0.1020408163265306,0.4654807419162718,2.0,0,5,1,13,26,15,21,,,,,,,0,1,,,,,,,,,16,,,0,1,0.6931471805599453,2.031381661642433,0.0,0.0,,0.0,1,1,,,,0.0,0,,0.0,1,1.0,0.0,
folksonomy,2006,True,CS,6.1463292576688975,0.0905140075408319,0.2884615384615384,0.9037422277826312,4.0,43,1,1,4,80,55,89,-6.235791372219619,0.4365858982754856,8.0,-0.0648633432642494,-0.3608465037485642,-0.2400282311112986,20,20,4.662664824768893,-6.102150819232112,21.0,-6.8287410530531165,-11.84450381111007,3.0,-6.060242254870802,-0.3046800309813366,4,0.6046511627906976,-0.3428141305253424,34,31,-0.0896121586896869,-0.0608077719104951,0.2457142857142857,0.5162538699690402,0.3529411764705882,0.4797300601496407,5,0,0.4723707664884135,0.5806451612903226,0.108274394801909,0.0079798310598925,9,0.0429511173998521,0.0060310124768352,10,0.0498028594706117,-0.0019488185830573,0.0068517420707595
human microbiome,2008,True,MED,5.916202062607435,1.519825753744413,0.5432098765432098,1.0613563860562365,4.0,29,2,1,3,23,20,94,-4.36342730738484,0.534973920021399,8.0,-0.1878385356408589,-0.8325296162858643,-0.7297294687970961,6,20,5.511454662279228,-3.338529475817678,19.0,-5.286254945009638,-5.851806051620704,3.0,-4.64338825472919,-1.859499318191148,16,0.9310344827586208,-0.0432837217528514,6,28,1.421385680931161,1.2867290968848333,0.8285714285714285,0.1773399014778325,0.3333333333333333,0.6888384983623079,6,1,0.2,0.3412698412698413,0.1412698412698412,0.0005571456588378,6,0.1666666666666666,0.0094108480179676,10,0.0434415805189801,0.0088537023591297,-0.1232250861476865
natural orifice transluminal endoscopic surgery,2007,True,MED,6.709304340258298,0.0927817334509662,0.0817120622568093,0.3987822368911988,5.0,29,3,1,5,76,72,137,-7.770457576131922,0.1930998970133882,3.0,-0.0695780660718925,-0.470817712441839,-0.1787276381971869,12,20,1.9236453201970345,-6.886055853137676,13.0,-6.905716321374829,-9.527262069658772,2.0,-7.464988071919677,0.3011993362662727,0,0.1034482758620689,-0.8107144509581149,12,28,0.8023464725249374,0.7214821970668588,0.4461538461538461,0.4874551971326165,0.0,0.0810355337229732,3,0,0.7575757575757576,0.5661375661375662,-0.1914381914381914,0.0016969426114557,9,0.1114114508392625,0.0061192819912702,10,0.0500663504526103,0.0044223393798144,-0.0613451003866521
RNA-seq,2009,True,BIO,7.942717540573791,1.8751735979635349,0.25,0.9900962302719032,11.0,170,3,1,4,89,149,643,-18.24550215052024,0.4453152832205201,10.0,0.079354224108437,0.7159250204563312,-0.1628019778416662,19,20,4.285221888006653,-8.749880138551122,53.0,-14.67576907006544,-8.187935414507463,4.0,-18.697327857930475,0.948470536441812,5,0.6647058823529411,-0.2455809328454326,19,164,2.110213200346589,1.5451182222316904,1.7,0.2166558230318803,0.0,0.5828037174978022,8,0,0.52046783625731,0.2353733353284453,-0.2850945009288647,0.0021190495413002,9,0.0688076495787629,0.0950272626579203,10,0.0102258901243262,0.0929082131166201,-0.0585817594544366
memristor,2008,True,ENG,6.26530121273771,1.421385680931161,0.3805668016194332,1.1735468300642498,5.0,29,3,1,0,53,64,245,-5.831942000601172,0.3993078663649674,6.0,0.521644749286183,2.221535613521898,0.0161233873083359,12,20,4.087270600463983,-5.69807570644711,15.0,-5.758339508580678,-5.694932957190104,3.0,-6.035187174508434,1.1777887964746974,3,0.5517241379310345,-0.3873645468834932,12,27,0.7672551527136671,0.6685373016103902,0.4461538461538461,0.4185185185185185,0.1666666666666666,0.7557908163265306,5,1,0.5151515151515151,0.4245014245014245,-0.0906500906500906,0.0013541699895228,9,0.0955927785049184,0.0051352364081507,10,0.0484827253688536,0.0037810664186279,-0.0471100531360648
metagenomics,2004,True,BIO,6.684611727667927,0.977618977381478,0.3660377358490566,1.2078911155574958,8.0,60,2,1,17,101,68,260,-5.937028881388713,0.5439351233743758,11.0,-0.0251201249037687,-0.231041574067378,-0.1816085310097674,20,20,5.897574742120989,-4.413888439164404,33.0,-6.954476902188684,-16.031632637791844,4.0,-6.353060420148134,0.2503870595152754,15,0.9,-0.0764645511249594,22,67,1.0840134892469573,0.8015893213887209,0.5217391304347826,0.3128772635814889,0.2272727272727272,0.8016962524654833,9,2,0.5454545454545454,0.2840343735866124,-0.261420171867933,0.003485150564234,9,0.0613118358440701,0.0347217140123502,9,0.0210442485684323,0.0312365634481162,-0.0402675872756377
cloud computing,2005,True,CS,6.815639990074331,2.0128807751614968,0.3785714285714285,1.145793949744645,6.0,52,2,1,3,8,0,280,-8.892275723239552,0.3075503613716746,6.0,-2.0560847503185355,-1.69077823403453,-3.6830344058009263,5,20,3.294868970940221,-8.668444069931784,18.0,-7.98215421131456,-12.411279681231116,4.0,-8.797784725309908,-5.047646413880079,4,0.3269230769230769,-0.6212140797145151,5,56,2.2512917986064958,1.5986024009968842,1.7333333333333334,0.0,0.2,0.2564437043914641,7,0,0.8,0.3928571428571428,-0.4071428571428572,0.0002490612707293,5,0.2360496063426466,0.0185505909436849,9,0.0273267165501477,0.0183015296729555,-0.2087228897924989
single-incision laparoscopic surgery,2009,True,MED,6.493753839851686,-0.2200618847768016,0.1267605633802817,0.4201617575762776,2.0,19,1,1,6,89,56,92,-6.965234959411998,0.166237220513673,2.0,-0.1947079211716151,-1.9850865808610576,-0.0247677307397209,20,20,1.5263157894736854,-5.313307527490171,11.0,-6.665787632631854,-5.592313092754782,2.0,-6.863357052409554,0.1818955972909483,0,0.0526315789473684,-0.8621575843815146,20,20,0.0,-0.0051792395575978,0.1809523809523809,0.5751811594202898,0.25,0.0,1,0,0.7421052631578947,0.6894736842105263,-0.0526315789473683,0.0031387508179077,9,0.0725459555838489,0.0017529460396677,10,0.0737051647273164,-0.00138580477824,0.0011592091434674
ChIP-seq,2008,True,BIO,6.902742737158593,1.3029127521808397,0.1807909604519774,0.796439407155549,8.0,21,4,1,4,38,48,128,-5.08267864808392,0.3923107100823852,5.0,-0.2958320464603397,-1.4001801482678622,-0.7463744377917818,6,20,3.304511278195488,-9.620096811687151,6.0,-5.354233430731906,-2.870601921981938,4.0,-4.949681168032157,-0.6287694775864424,5,0.2857142857142857,-0.6246537849026641,6,22,1.1895840668738364,1.0669040667876768,0.6,0.3866666666666666,0.1666666666666666,0.2846182535031168,5,0,0.8,0.6233766233766234,-0.1766233766233766,9.997878473007629e-05,6,0.1835029796232218,0.0039017562861878,10,0.0614518058714645,0.0038017775014578,-0.1220511737517573
copy number variation,2005,True,BIO,6.897704943128636,1.7109554368127589,0.3120805369127516,0.947652571668758,7.0,67,3,1,5,30,54,269,-7.878089959772914,0.4304778303917348,9.0,-0.072907280349811,-0.306856198223727,-0.9407347619207296,6,20,3.942106221611568,-6.81521772887098,29.0,-8.06891694215614,-20.460245716837104,4.0,-8.295913688771854,-0.8459613960232599,5,0.373134328358209,-0.536417955383061,6,67,2.273597556120793,1.909557340994109,1.9142857142857144,0.1634544106745737,0.0,0.4183052684296514,10,0,0.6666666666666666,0.350067842605156,-0.3165988240615106,0.0003566466878207,6,0.1741407347252626,0.0301803955013488,9,0.0213621176595472,0.0298237488135281,-0.1527786170657154
interactome,2004,True,BIO,6.226536669287466,1.1688165473413583,0.1947368421052631,0.7804979120225382,7.0,46,1,1,16,51,53,116,-5.290682127923751,0.5374321491911647,10.0,-0.328352484122724,-2.3153755716885227,-0.3528086293605241,18,20,4.1455908831932975,-6.163661748004012,22.0,-5.298797876857098,-10.062100524096303,4.0,-5.376352541778817,-0.3382094343110191,5,0.391304347826087,-0.5247948467250465,18,45,0.8842024173226548,0.6924132942142531,0.4842105263157894,0.3770440251572327,0.3333333333333333,0.4955441928414902,7,0,0.6470588235294118,0.5141414141414141,-0.1329174093879976,0.0030611796226158,9,0.0789962350965005,0.0129097983105667,9,0.0322080162336683,0.0098486186879508,-0.0467882188628322
plug-in hybrid electric vehicle,2007,True,ENG,6.180016653652572,1.1409146683587992,0.0949367088607595,0.4217482845066826,4.0,19,4,1,6,46,57,148,-4.103095913411625,0.4930966469428008,6.0,0.1554643725131591,0.5725205431472049,-0.5670347730686061,5,16,4.094427244582048,-5.980461015454156,10.0,-4.758742028324011,-5.331012191034252,3.0,-4.326479997598723,0.5186769832107849,2,0.4736842105263157,-0.465208874793726,5,16,1.0414538748281612,1.0015743917241609,0.6333333333333333,0.2224880382775119,0.0,0.5306,5,0,0.6,0.4416666666666666,-0.1583333333333333,0.0001098750119219,5,0.2280694233616312,0.0019889626311971,10,0.0819751518235773,0.0018790876192751,-0.1460942715380538
