concept,M,n_self_topics,has_self_topic,nc_PRE,nc_W1,nc_W2,nc_W3,D_z,D_ratio,D_obs,F_res,F_z,F_obs_growth,k_used_W1,k_used_W3,D_rare,D_sub,D_sub_obs,D_lag,D_q,D_q_obs,D_withself,F_bg,C0,NOV,NOV_res,deg_W1,deg_W3,deg_growth,str_growth,new_edge_rate,edge_persistence,turnover,participation,n_comm_W3,comm_transitions,ego_density_W1,ego_density_W3,ego_density_change,btw_t0,kcore_t0,constraint_t0,btw_t4,kcore_t4,constraint_t4,btw_change,constraint_change
zinc finger nuclease,8,3,1,4,26,15,66,-3.9900527994313206,0.45392646391284613,3.0,0.028764309061602544,0.12550190642717116,-0.623586107202029,6,10,,-6.787938283969819,4.0,-3.887992391305791,-3.435209010738932,2.0,-3.6532601679691266,-1.9214659868768453,5,0.625,-0.2844898997238774,6,10,0.45198512374305744,0.3581279975608975,0.2285714285714286,0.26666666666666666,0.16666666666666666,0.6353361094586556,3,0,0.4666666666666667,0.5777777777777777,0.11111111111111105,0.00032587824453485096,6,0.18541343518898043,0.0005785460526441494,9,0.13175031855883446,0.0002526678081092985,-0.053663116630145974
sentiment analysis,11,3,1,11,23,24,99,-3.01501043101846,0.5906674542232723,5.0,-0.7296440846763315,-1.3345047959658562,-2.0531215856866494,3,13,4.7272727272727275,-4.470268975950925,7.0,-3.03973126459607,-4.242677670013899,2.0,-2.9243045872699582,-2.6239871363932745,4,0.45454545454545453,-0.4930961079754895,3,13,1.2527629684953678,1.0586471088105514,0.55,0.358974358974359,0.3333333333333333,0.37067474048442905,4,0,1.0,0.5384615384615384,-0.46153846153846156,2.6901977029120584e-05,3,0.3669463734567901,0.0010407967681640067,10,0.09467097720925256,0.0010138947911348861,-0.27227539624753755
biosimilar,25,3,1,8,55,30,177,-3.964101151310942,0.5567928730512249,8.0,0.04521499350932168,0.27444544750581135,-0.2642813226599534,9,20,5.282837528604107,-1.2808129793004717,20.0,-4.000172573136852,-4.9416686105754986,4.0,-4.098945946198331,0.5824369477837821,14,0.72,-0.24416585950599246,9,26,0.9932517730102832,0.9059528244292245,0.5,0.2264957264957265,0.2222222222222222,0.7053993383742911,7,0,0.5277777777777778,0.3630769230769231,-0.16470085470085472,0.0010789583535586737,9,0.12429525852445525,0.010179506585152804,10,0.04860803579087884,0.009100548231594131,-0.0756872227335764
smart grid,199,3,1,7,156,441,1435,-12.02354771047461,0.6653064845205358,15.0,0.10180345377147265,0.5798516737265806,-0.10381204739975392,20,20,4.901029110871878,-10.055699836667326,53.0,-10.062290179005473,-5.130733709124565,5.0,-11.121189577810581,1.3882667048642872,2,0.7537688442211056,-0.18677084847812953,28,191,1.8901995420413074,1.3862179429142376,1.3724137931034481,0.31481481481481477,0.07142857142857142,0.5978755246431526,12,0,0.36507936507936506,0.21295122623312207,-0.152128138846243,0.006916287400202232,9,0.0480662524394934,0.11220346257511558,10,0.009946352515713897,0.10528717517491336,-0.038119899923779496
cancer stem cell,53,1,1,2,24,45,257,-7.907654040410934,0.3603974669206611,7.0,-0.6384446040498729,-2.8959256344671274,-1.4581086628173585,9,20,2.763982631675965,-7.614048178871577,21.0,-8.37982161818527,-12.95702068045124,4.0,-7.780403854112769,-2.244368149953739,5,0.20754716981132076,-0.7079184742710762,9,55,1.7227665977411037,1.287682344383685,1.06,0.281733746130031,0.0,0.4290082263583197,7,0,0.8333333333333334,0.5757575757575758,-0.25757575757575757,0.0002174615007542649,9,0.13336310981027374,0.016790460844895667,9,0.02755423096321331,0.0165729993441414,-0.10580887884706043
crowdsourcing,145,2,1,6,52,81,507,-4.054484051717354,0.8548162145138795,19.0,0.053595416110138794,0.21992405153033256,-0.3659427979020551,12,20,5.6097023439000555,-6.997713296924038,54.0,-2.8309705325596006,0.5958301353032591,7.0,-4.091887139536307,0.448936927879544,4,0.5586206896551724,-0.3886753069856129,12,148,2.4389969484839225,2.0176809710384997,2.230769230769231,0.20864661654135336,0.0,0.6903278660277787,19,0,0.5909090909090909,0.24747196175767605,-0.3434371291514149,0.0009526159667967047,9,0.09341788942786902,0.11327925707827005,10,0.010703639439734883,0.11232664111147335,-0.08271424998813413
microbial fuel cell,9,3,1,16,44,39,184,-4.272899942991809,0.41736227045075125,3.0,-0.15257566983177573,-0.4708759330105931,-1.2310987991253128,4,13,,-2.512143566940976,7.0,-4.174704579674994,-3.5675067966651235,2.0,-4.435224224061262,0.12534079834474765,3,0.4444444444444444,-0.4895582482830677,4,13,1.0296194171811581,0.8260439807566056,0.36,0.17692307692307693,0.0,0.5463842220598977,3,0,0.8333333333333334,0.44871794871794873,-0.38461538461538464,4.662386810395455e-05,4,0.29743816000918266,0.0010112026924769522,9,0.0942187466410285,0.0009645788243729976,-0.20321941336815416
DNA barcoding,71,3,1,12,83,71,281,-10.338262183570759,0.2830322185008727,6.0,-0.0427469111290982,-0.29666177764290363,-0.09924382212757443,20,20,3.0606282486611023,-9.801413160973537,21.0,-9.815521607161614,-31.590085674974116,2.0,-10.214665054410277,0.41828527079562194,15,0.4084507042253521,-0.5670384057735971,21,79,1.2909841813155651,1.1108135740898053,0.6454545454545454,0.346861128725428,0.0,0.30815137288605254,6,0,0.5761904761904761,0.4076598506978254,-0.16853062549265074,0.002021535079199342,9,0.0598232478880775,0.01980569564089106,9,0.02386894394698088,0.017784160561691718,-0.035954303941096624
pandemic H1N1,158,2,1,4,1164,506,397,-8.742604206518322,0.7143813903647811,16.0,0.044110383659246244,0.27602020587496984,0.12333133224679393,20,20,5.973428644823594,-6.609067431571437,60.0,-8.557048388654085,-2.2253945610567465,6.0,-9.156384817960442,-0.798213577206614,16,0.810126582278481,-0.16544413191240404,129,79,-0.485507815781701,-0.2252351332116067,0.24307692307692308,0.4451607205934299,0.5116279069767442,0.6873562775401139,12,1,0.23728197674418605,0.29568321973385264,0.05840124298966659,0.09735940311916201,9,0.013272542696366154,0.04830190317140992,10,0.020608389367448757,-0.04905749994775209,0.007335846671082603
latent Dirichlet allocation,10,3,1,2,8,9,29,-3.5359175741437285,0.5093594804533299,4.0,-0.593913462521865,-0.888927256612729,-1.5768679542372261,1,11,4.0,-5.075916744563273,6.0,-3.605959846535846,-2.7266824174324364,3.0,-3.789563850018487,-1.9517384953565053,4,0.6,-0.3468731049120679,1,11,1.791759469228055,2.039288421118175,1.0,0.303030303030303,0.0,0.328125,4,0,,0.6909090909090909,,0.0,1,1.0,0.0014411972165576988,10,0.11980679804797835,0.0014411972165576988,-0.8801932019520217
social tagging,33,2,1,0,22,21,84,-5.129422717216374,0.48727006943598494,8.0,0.4566405156450312,1.8837683193351913,-0.036982876421765454,10,20,4.162634127706495,-6.599600198449005,16.0,-5.636116449147832,-8.957577597303256,3.0,-5.200843072356675,-1.539561860023368,4,0.42424242424242425,-0.5229131504424365,10,29,1.0033021088637848,0.9481724926571773,0.6,0.3236607142857143,0.1,0.46243074792243766,8,0,0.7111111111111111,0.5295566502463054,-0.18155446086480576,0.000529213889545041,9,0.11031746322830241,0.00513346055815907,10,0.04897689892890291,0.004604246668614029,-0.0613405642993995
synthetic biology,27,3,1,9,42,39,183,-1.752877087986382,0.8066142367412784,12.0,-0.16686859426168177,-0.8543999822563295,-0.6340043043058854,10,20,7.021924934968379,-3.570610001541723,18.0,-1.8185800571394073,-3.8089394976564273,5.0,-1.8996379267479606,-0.7422056777570715,13,1.0,0.022881384917261882,10,35,1.1856236656577392,0.9665373170631768,0.49090909090909096,0.2638888888888889,0.0,0.8736105860113421,13,0,0.7111111111111111,0.4218487394957983,-0.2892623716153128,0.001129596800067022,9,0.11784760947250804,0.019783561951629683,9,0.03829242961915123,0.01865396515156266,-0.0795551798533568
long noncoding RNA,19,3,1,1,13,21,119,-5.997580188203944,0.25134048257372654,3.0,-0.3108500852823515,-0.5465037133577223,-2.161682691935144,2,20,2.9102167182662537,-8.537371747058943,7.0,-5.31093431250394,-5.3952225685394035,2.0,-6.280039277209209,-4.393599800409334,5,0.47368421052631576,-0.43612321798881487,2,20,1.9459101490553132,1.7786281859022832,1.2666666666666666,0.4083333333333333,0.0,0.5762499999999999,3,0,1.0,0.49473684210526314,-0.5052631578947369,3.032942482396387e-06,2,0.5,0.002705910260149158,10,0.06308226404789634,0.0027028773176667616,-0.43691773595210365
comparative effectiveness research,105,1,1,5,262,120,362,-11.08459758719316,0.4639079606606049,10.0,-0.0065562659965563205,-0.08733413255493494,-0.013001502685592747,20,20,4.287725819001458,-6.346674707409183,44.0,-11.51708307891944,-5.816301188366323,4.0,-11.290010035110837,0.11889645381875405,14,0.6285714285714286,-0.3365889837819731,54,93,0.5359615970375327,0.4213213615977196,0.38181818181818183,0.2676767676767677,0.25925925925925924,0.4307289225407127,10,0,0.40041928721174,0.27980364656381485,-0.12061564064792518,0.021098667255263364,9,0.02868212013192668,0.052859395701841144,10,0.017430148945263315,0.03176072844657778,-0.011251971186663365
sirtuin,17,3,1,1,10,16,60,-5.8642829183735,0.2645735955551636,3.0,-0.6084528873266011,-0.9518180879636434,-1.9193111092665536,3,18,2.8421945701357467,-4.125547131594012,11.0,-5.888536924130044,-6.010771922084436,2.0,-6.420696420191127,-4.0285198314057125,5,0.4117647058823529,-0.5030618014601408,3,18,1.5581446180465497,1.4195958922581733,0.85,0.30952380952380953,0.0,0.4421301775147928,3,0,0.3333333333333333,0.5555555555555556,0.22222222222222227,2.2860343818403213e-05,3,0.3333333333333333,0.001342691659241214,9,0.06384025228634704,0.0013198313154228107,-0.26949308104698627
next-generation sequencing,39,1,1,0,1,3,100,-4.522487021966199,0.5705808513066302,10.0,,,,0,20,5.137288261227146,-9.302468085565561,13.0,-5.180563388902014,-8.415017010191644,4.0,-4.774433675426139,,15,0.9230769230769231,-0.049956390568091424,0,39,3.6888794541139363,5.043940315660644,7.8,0.01282051282051282,,0.6067283950617284,10,1,,0.4925775978407557,,0.0,0,,0.014198972935999234,9,0.03797471172156361,0.014198972935999234,
takotsubo cardiomyopathy,13,4,1,22,48,40,161,-5.253536388364006,0.3169237270230298,3.0,0.2662897898236609,1.03682184437373,-0.6176506285675805,7,18,2.923076923076923,-5.831155588146575,7.0,-4.985835500062845,-5.602555340306822,1.0,-4.945979763140506,0.4911966549728475,0,0.3076923076923077,-0.5920605603982015,7,18,0.8649974374866045,0.7779575440863393,0.325,0.3944444444444445,0.2857142857142857,0.6485638662876189,3,0,0.5238095238095238,0.5294117647058824,0.0056022408963585235,0.0004120408072283442,7,0.14999685629056256,0.0033916787747779466,9,0.060972213711303305,0.0029796379675496023,-0.08902464257925925
energy harvesting,45,4,1,16,49,46,227,-5.407785295224624,0.5405697605275961,10.0,-0.04099316735987302,-0.1233951142336777,-0.7191020524976395,8,20,5.331112949586459,-6.220144835786851,22.0,-5.630719968563435,-7.919106790302955,5.0,-5.205695946573077,0.4877357362572834,2,0.7333333333333333,-0.20210036166108414,8,51,1.754019141245208,1.4662610373418659,1.0,0.21832884097035038,0.0,0.7941523827763414,10,0,0.6428571428571429,0.23372549019607844,-0.40913165266106444,0.0006574985481775712,8,0.12962372448979592,0.0323023942374044,9,0.02718774207537943,0.03164489568922683,-0.1024359824144165
extreme learning machine,33,3,1,21,32,22,196,-2.401832358066378,0.757002271006813,12.0,-0.0030256922921171325,-0.008382042377211405,-0.8992969888987892,9,20,6.30351192035016,-5.22473138597694,18.0,-2.1298043741559294,-2.2499199560913907,5.0,-2.500701621046162,-0.9180655520796885,25,0.9696969696969697,-0.014111578731168195,9,41,1.4350845252893225,1.1906282107031823,0.6599999999999999,0.18452380952380953,0.0,0.678316475296105,11,1,0.3333333333333333,0.26951219512195124,-0.06382113821138208,0.0018248987521750906,9,0.12196737171475684,0.021403361282816002,10,0.029556211661104562,0.01957846253064091,-0.09241116005365228
wireless body area network,16,1,1,5,49,39,90,-4.329765048283038,0.46304871272457865,5.0,0.07258805886357889,0.36564690710277253,-0.4947947591095563,12,17,3.8748751248751256,-8.314650529180179,6.0,-5.174041035490796,-2.0836345500555997,4.0,-4.315113327371702,-0.6150500810488246,20,0.625,-0.33840516245218377,12,17,0.3254224004346278,0.2513126051387351,0.24615384615384617,0.4965277777777778,0.25,0.08643350412118522,3,1,0.5454545454545454,0.7058823529411765,0.1604278074866311,0.00175873258621756,9,0.09424950916873708,0.001399529948465206,10,0.0848834456700671,-0.00035920263775235405,-0.009366063498669974
learning to rank,14,4,1,18,38,25,48,-6.125,0.2032520325203252,2.0,0.4362208713221337,1.595940518263191,0.19996785655110738,13,20,1.9340659340659343,-6.1033766448814175,7.0,-4.635927190462427,-5.664824528171098,1.0,-5.830598945807115,0.28778057301393983,4,0.14285714285714285,-0.8072576175677755,13,23,0.5389965007326873,0.5638382409851026,0.19999999999999998,0.3597285067873303,0.15384615384615385,0.20857142857142863,3,0,0.6282051282051282,0.7351778656126482,0.10697273740752,0.0007087245266312277,9,0.09732267501285641,0.001304066956561754,10,0.06495334053383382,0.0005953424299305264,-0.032369334479022585
service-oriented architecture,49,2,1,2,44,64,269,-6.581788869171595,0.42258729068723255,8.0,-0.2085114899855373,-1.009714270062511,-0.7017294238054017,11,20,3.3917172904255053,-6.291747950672881,23.0,-6.253154600943733,-8.779834956235568,5.0,-6.792337730394338,-0.08222539595645906,4,0.2653061224489796,-0.680985047110078,11,47,1.3862943611198908,1.1177451367386482,0.8166666666666668,0.3205128205128205,0.09090909090909091,0.20104700778084528,6,0,0.8727272727272727,0.5605920444033302,-0.31213522832394247,0.0003293633678229383,9,0.11123031994567484,0.009916899553000085,9,0.03514087101837047,0.009587536185177147,-0.07608944892730438
piRNA,16,4,1,7,46,30,82,-5.044369575734839,0.36320711885952967,4.0,-0.2838311314860926,-1.03201959985949,-0.6907590306994873,5,15,3.5810439560439566,-7.460133200950043,7.0,-4.353186883486041,-4.351338926501696,3.0,-4.478653803688263,-0.08909350334481458,5,0.5,-0.4096605394140499,5,15,0.9808292530117262,0.9115095961275363,0.5333333333333333,0.3392857142857143,0.4,0.556122448979592,4,0,0.5,0.580952380952381,0.080952380952381,0.00015746265582127416,5,0.20000000000000004,0.0016148020918185242,10,0.085512118871461,0.00145733943599725,-0.11448788112853904
lipidomics,35,2,1,10,50,50,97,-5.2696983506838535,0.47875523638539796,8.0,-0.11131565355150233,-0.6845333275835445,-0.18145958173765298,17,20,4.4257356092401325,-3.787099357885053,22.0,-5.241464314151083,-7.328236607259031,4.0,-5.258856143758153,-0.053267468221672304,5,0.4857142857142857,-0.43064187241758917,17,33,0.635988766719997,0.5340788973997936,0.3888888888888889,0.37597402597402596,0.35294117647058826,0.5602292387543253,7,0,0.6102941176470589,0.4659090909090909,-0.144385026737968,0.001284605403438572,9,0.07845412279243476,0.008895254294432565,9,0.04077371331531772,0.007610648890993993,-0.03768040947711704
network coding,25,3,1,8,28,48,183,-6.113949621433146,0.2871912693854107,4.0,-0.043044452312623216,-0.12156120398987807,-1.6443068692307055,7,20,3.286057709957291,-7.760508501543541,10.0,-6.6696572245446895,-6.818111310215446,2.0,-6.278508542656214,-2.502986968610829,4,0.52,-0.42607382721218534,7,25,1.1786549963416464,0.8703940018730592,0.625,0.35416666666666663,0.0,0.5840795501874219,4,1,0.5714285714285714,0.6,0.02857142857142858,4.504273011984133e-05,7,0.1839765511957593,0.0026113694018663255,9,0.058937963626339254,0.0025663266717464842,-0.12503858756942005
severe acute respiratory syndrome,219,2,1,1,1622,616,568,-6.2677236848455165,0.7746880861126967,19.0,-0.2490724088182599,-1.3838148309410427,-0.053105936535288834,20,20,5.591560298874121,-6.484665587624987,76.0,-8.489864940535341,0.0,8.0,-6.201427936101067,-0.7863815009056689,16,0.8036529680365296,-0.1697426800143924,177,101,-0.5568107370078144,-0.19811341007754546,0.24606741573033705,0.46879730866274183,0.5706214689265536,0.6005274335457069,10,0,0.2132768361581921,0.29227722772277226,0.07900039156458016,0.14287236612943896,9,0.009577985992859236,0.060847157912052335,9,0.015857608864623996,-0.08202520821738662,0.00627962287176476
cognitive radio,68,3,1,5,98,169,825,-9.377805663087182,0.3332698533612645,7.0,0.37916968851321264,2.1306461627286324,0.05530600534797614,18,20,2.985596571847887,-10.098659043691672,20.0,-9.164097261094414,-25.952393983486797,3.0,-9.492012539783468,1.4451867876313895,20,0.5,-0.4635993540903819,18,71,1.332227139849615,0.9802280499395337,0.7157894736842105,0.4507575757575758,0.05555555555555555,0.40139092136777077,7,0,0.7124183006535948,0.3987927565392354,-0.3136255441143594,0.0024802838517429546,9,0.07841853121913338,0.01959282593068429,9,0.027234650529505095,0.017112542078941338,-0.051183880689628286
MapReduce,62,1,1,5,30,62,300,-9.064317313349655,0.3583128583128583,7.0,0.20687790281590968,0.8578355259159415,-0.4285582525730076,13,20,2.8120445616901315,-8.63278693275229,22.0,-7.641846957921477,-2.890859445898673,5.0,-8.919923212795258,-0.8977143726984377,4,0.20967741935483872,-0.7385721020356877,13,65,1.5505974124111668,1.247000521186541,0.8857142857142858,0.39441176470588235,0.0,0.16376299033559483,7,0,0.9102564102564102,0.45384615384615384,-0.4564102564102564,0.0004625342017304074,9,0.12328740573905177,0.02467056250609732,10,0.02613993354179665,0.024208028304366913,-0.09714747219725511
cyber-physical system,72,2,1,2,31,32,188,-9.798381768525887,0.3463803255975061,7.0,0.013359706393052284,0.05711366113550494,-0.36552233757836294,15,20,3.046918084771649,-8.410039035814032,25.0,-9.525215092274571,-6.924782200365653,3.0,-9.793002093338703,-0.9604818601406914,4,0.2638888888888889,-0.683534552961006,15,72,1.5178707189086098,1.2899291258823027,0.9,0.24135135135135138,0.0,0.3361521727832265,8,0,0.7333333333333333,0.4518779342723005,-0.2814553990610328,0.0006742006260634044,9,0.10470062027241511,0.021033469746766554,10,0.024013884505888258,0.020359269120703148,-0.08068673576652685
induced pluripotent stem cell,79,2,1,0,66,219,790,-9.123564639152182,0.41022836045398603,9.0,-0.21591030756806057,-1.3804331224779818,-0.6187412130300891,11,20,3.2467436283911337,-9.358621452987139,25.0,-9.10691775903701,-20.776362299739564,5.0,-8.98593535544416,1.1645198746312837,5,0.26582278481012656,-0.6433759892925398,11,77,1.8718021769015913,1.3184792979724822,1.3166666666666667,0.3122362869198312,0.0,0.4896199096661097,9,0,0.8,0.44531784005468217,-0.3546821599453179,0.0010101797661601704,9,0.1028086740695413,0.03521515754997725,10,0.020212991333004915,0.03420497778381708,-0.08259568273653639
carbon capture and storage,16,2,1,13,35,41,123,-3.619935196948119,0.547595144656384,6.0,-0.02708083509682957,-0.1249452316809063,-0.6662842581323876,9,20,4.991633366633367,-5.41506961044567,9.0,-3.5371262893519364,-5.513869097520975,2.0,-3.3872239155761545,-1.3677125152690208,26,0.625,-0.35228257042922384,9,23,0.8754687373538999,0.7499454370066005,0.32,0.45,0.0,0.6615607376924248,5,2,0.8611111111111112,0.5731225296442688,-0.28798858146684236,0.00035061115670352816,9,0.152944672015502,0.0034837357801592566,10,0.06541242043626114,0.0031331246234557286,-0.08753225157924086
vehicular ad hoc network,29,3,1,20,59,95,363,-7.730347167747005,0.19464088756244727,3.0,-0.2845179151898113,-1.0876557580081412,-0.7882112625373683,10,20,2.1816344574965156,-6.706138311513457,13.0,-8.478296126236883,-10.933689075760263,1.0,-7.448231596941812,0.8383930800826214,4,0.1724137931034483,-0.7759069046727443,10,37,1.239690886928015,0.8906631403316312,0.5272727272727272,0.40384615384615385,0.2,0.03932841914519969,2,0,0.5333333333333333,0.5285285285285285,-0.00480480480480483,0.0005430613475285983,9,0.11301794036539135,0.007987683368000688,10,0.03967267935254341,0.00744462202047209,-0.07334526101284794
compressed sensing,94,1,1,10,64,137,635,-9.400538176030286,0.44189129474149363,10.0,-0.12950868867279897,-0.9380720660138401,-0.39050733624590084,20,20,5.250016192225953,-8.709750161987786,31.0,-9.939603106164222,-38.244549358799986,4.0,-9.638570164623156,0.5013564207125308,20,0.5851063829787234,-0.3792457649208619,23,104,1.4759065198095773,0.9990628773554864,0.7833333333333333,0.33399470899470896,0.0,0.691169759312164,9,1,0.4980237154150198,0.2976101568334578,-0.20041355858156196,0.0044154052073419004,9,0.05750207581085823,0.05356761646048189,10,0.017195102017291866,0.04915221125313999,-0.04030697379356636
internet of things,21,3,1,7,16,3,39,-5.858336724929765,0.3092624091541673,4.0,-1.0800040534403819,-2.475723568357526,-1.650193609928924,7,19,2.428571428571428,-2.950217042316391,15.0,-5.713257133371777,-5.43677600240704,3.0,-5.797247670352372,-2.402115214221502,4,0.14285714285714285,-0.805617329649716,7,19,0.9162907318741551,0.7030875787169104,0.525,0.125,0.7142857142857143,0.1449704142011834,3,0,0.5238095238095238,0.5614035087719298,0.03759398496240596,0.0007763985464788116,7,0.15576450316319818,0.0017197724739348086,9,0.06878808801632957,0.0009433739274559969,-0.0869764151468686
ribotype 027,0,5,1,13,26,15,21,,,,,,,0,1,,,,,,,,,16,,,0,1,0.6931471805599453,2.031381661642433,0.0,0.0,,0.0,1,1,,,,0.0,0,,0.0,1,1.0,0.0,
folksonomy,43,1,1,4,80,55,89,-6.235791372219619,0.43658589827548566,8.0,-0.06486334326424947,-0.3608465037485642,-0.24002823111129867,20,20,4.662664824768893,-6.102150819232112,21.0,-6.8287410530531165,-11.84450381111007,3.0,-6.060242254870802,-0.3046800309813366,4,0.6046511627906976,-0.3428141305253424,34,31,-0.08961215868968697,-0.060807771910495134,0.2457142857142857,0.5162538699690402,0.35294117647058826,0.4797300601496407,5,0,0.47237076648841353,0.5806451612903226,0.10827439480190909,0.00797983105989254,9,0.04295111739985219,0.006031012476835221,10,0.04980285947061172,-0.0019488185830573192,0.006851742070759531
human microbiome,29,2,1,3,23,20,94,-4.36342730738484,0.534973920021399,8.0,-0.18783853564085895,-0.8325296162858643,-0.7297294687970961,6,20,5.5114546622792275,-3.338529475817678,19.0,-5.286254945009638,-5.851806051620704,3.0,-4.64338825472919,-1.859499318191148,16,0.9310344827586207,-0.043283721752851445,6,28,1.421385680931161,1.2867290968848333,0.8285714285714285,0.17733990147783252,0.3333333333333333,0.6888384983623079,6,1,0.2,0.3412698412698413,0.14126984126984127,0.0005571456588378678,6,0.16666666666666669,0.009410848017967608,10,0.04344158051898016,0.00885370235912974,-0.12322508614768653
natural orifice transluminal endoscopic surgery,29,3,1,5,76,72,137,-7.770457576131922,0.19309989701338826,3.0,-0.06957806607189256,-0.470817712441839,-0.17872763819718696,12,20,1.9236453201970345,-6.886055853137676,13.0,-6.905716321374829,-9.527262069658773,2.0,-7.464988071919677,0.3011993362662727,0,0.10344827586206896,-0.8107144509581149,12,28,0.8023464725249374,0.7214821970668588,0.4461538461538461,0.48745519713261654,0.0,0.08103553372297323,3,0,0.7575757575757576,0.5661375661375662,-0.1914381914381914,0.001696942611455795,9,0.11141145083926259,0.006119281991270293,10,0.050066350452610396,0.004422339379814498,-0.06134510038665219
RNA-seq,170,3,1,4,89,149,643,-18.245502150520238,0.44531528322052016,10.0,0.07935422410843701,0.7159250204563312,-0.16280197784166628,19,20,4.285221888006653,-8.749880138551122,53.0,-14.67576907006544,-8.187935414507463,4.0,-18.697327857930475,0.948470536441812,5,0.6647058823529411,-0.2455809328454326,19,164,2.1102132003465894,1.5451182222316904,1.7,0.2166558230318803,0.0,0.5828037174978022,8,0,0.52046783625731,0.23537333532844532,-0.2850945009288647,0.0021190495413002195,9,0.06880764957876295,0.09502726265792037,10,0.01022589012432626,0.09290821311662015,-0.058581759454436694
memristor,29,3,1,0,53,64,245,-5.831942000601172,0.3993078663649674,6.0,0.521644749286183,2.221535613521898,0.016123387308335957,12,20,4.087270600463983,-5.69807570644711,15.0,-5.758339508580678,-5.694932957190104,3.0,-6.035187174508434,1.1777887964746974,3,0.5517241379310345,-0.3873645468834932,12,27,0.7672551527136671,0.6685373016103902,0.4461538461538461,0.4185185185185185,0.16666666666666666,0.7557908163265306,5,1,0.5151515151515151,0.42450142450142453,-0.09065009065009061,0.0013541699895228006,9,0.09559277850491846,0.005135236408150736,10,0.04848272536885362,0.0037810664186279353,-0.04711005313606484
metagenomics,60,2,1,17,101,68,260,-5.937028881388713,0.5439351233743758,11.0,-0.02512012490376872,-0.23104157406737805,-0.18160853100976748,20,20,5.897574742120989,-4.413888439164404,33.0,-6.954476902188684,-16.031632637791844,4.0,-6.353060420148134,0.25038705951527546,15,0.9,-0.07646455112495942,22,67,1.0840134892469573,0.8015893213887209,0.5217391304347826,0.31287726358148893,0.22727272727272727,0.8016962524654833,9,2,0.5454545454545454,0.2840343735866124,-0.26142017186793304,0.0034851505642340313,9,0.061311835844070135,0.03472171401235023,9,0.021044248568432372,0.031236563448116202,-0.04026758727563776
cloud computing,52,2,1,3,8,0,280,-8.892275723239552,0.30755036137167463,6.0,-2.0560847503185355,-1.6907782340345299,-3.6830344058009263,5,20,3.2948689709402212,-8.668444069931784,18.0,-7.98215421131456,-12.411279681231116,4.0,-8.797784725309908,-5.047646413880079,4,0.3269230769230769,-0.6212140797145151,5,56,2.2512917986064953,1.5986024009968842,1.7333333333333334,0.0,0.2,0.25644370439146413,7,0,0.8,0.39285714285714285,-0.4071428571428572,0.00024906127072939406,5,0.23604960634264666,0.01855059094368499,9,0.027326716550147758,0.018301529672955594,-0.2087228897924989
single-incision laparoscopic surgery,19,1,1,6,89,56,92,-6.965234959411998,0.166237220513673,2.0,-0.19470792117161514,-1.9850865808610578,-0.02476773073972094,20,20,1.5263157894736854,-5.313307527490171,11.0,-6.665787632631854,-5.592313092754782,2.0,-6.863357052409554,0.18189559729094834,0,0.05263157894736842,-0.8621575843815146,20,20,0.0,-0.005179239557597803,0.18095238095238095,0.5751811594202898,0.25,0.0,1,0,0.7421052631578947,0.6894736842105263,-0.05263157894736836,0.003138750817907767,9,0.07254595558384895,0.001752946039667714,10,0.07370516472731642,-0.0013858047782400532,0.0011592091434674684
ChIP-seq,21,4,1,4,38,48,128,-5.0826786480839194,0.39231071008238527,5.0,-0.2958320464603397,-1.4001801482678622,-0.7463744377917818,6,20,3.304511278195488,-9.620096811687151,6.0,-5.354233430731906,-2.870601921981938,4.0,-4.949681168032157,-0.6287694775864424,5,0.2857142857142857,-0.6246537849026641,6,22,1.1895840668738364,1.0669040667876768,0.6,0.38666666666666666,0.16666666666666666,0.28461825350311687,5,0,0.8,0.6233766233766234,-0.17662337662337668,9.997878473007627e-05,6,0.18350297962322182,0.00390175628618788,10,0.061451805871464524,0.0038017775014578038,-0.1220511737517573
copy number variation,67,3,1,5,30,54,269,-7.878089959772914,0.4304778303917348,9.0,-0.07290728034981109,-0.306856198223727,-0.9407347619207296,6,20,3.942106221611568,-6.81521772887098,29.0,-8.06891694215614,-20.460245716837104,4.0,-8.295913688771854,-0.8459613960232599,5,0.373134328358209,-0.536417955383061,6,67,2.2735975561207935,1.909557340994109,1.9142857142857144,0.16345441067457375,0.0,0.41830526842965143,10,0,0.6666666666666666,0.35006784260515605,-0.3165988240615106,0.0003566466878207103,6,0.17414073472526265,0.030180395501348836,9,0.02136211765954723,0.029823748813528127,-0.1527786170657154
interactome,46,1,1,16,51,53,116,-5.290682127923751,0.5374321491911647,10.0,-0.32835248412272405,-2.3153755716885227,-0.35280862936052415,18,20,4.1455908831932975,-6.163661748004012,22.0,-5.298797876857098,-10.062100524096303,4.0,-5.376352541778817,-0.3382094343110191,5,0.391304347826087,-0.5247948467250465,18,45,0.8842024173226548,0.6924132942142531,0.4842105263157894,0.3770440251572327,0.3333333333333333,0.4955441928414902,7,0,0.6470588235294118,0.5141414141414141,-0.13291740938799768,0.0030611796226158875,9,0.07899623509650057,0.012909798310566729,9,0.032208016233668355,0.009848618687950842,-0.046788218862832215
plug-in hybrid electric vehicle,19,4,1,6,46,57,148,-4.103095913411625,0.4930966469428008,6.0,0.15546437251315914,0.5725205431472049,-0.5670347730686061,5,16,4.094427244582048,-5.980461015454156,10.0,-4.758742028324011,-5.331012191034252,3.0,-4.326479997598723,0.5186769832107849,2,0.47368421052631576,-0.465208874793726,5,16,1.0414538748281612,1.0015743917241609,0.6333333333333333,0.22248803827751196,0.0,0.5306,5,0,0.6,0.44166666666666665,-0.15833333333333333,0.0001098750119219776,5,0.2280694233616312,0.0019889626311971062,10,0.08197515182357731,0.0018790876192751286,-0.14609427153805388
