concept,field,group,R_j,n_j_early,logn_j_early,growth_j,share_j,n_j_WO,share_j_WO
sentiment analysis,22,Computer Science,1,7,2.0794415416798357,0.6931471805599453,0.11475409836065574,63,0.15869017632241814
biosimilar,20,Medicine,1,12,2.5649493574615367,0.47000362924573563,0.06629834254143646,71,0.142570281124498
biosimilar,13,Medicine,1,10,2.3978952727983707,1.4663370687934272,0.055248618784530384,51,0.10240963855421686
biosimilar,26,Medicine,1,5,1.791759469228055,0.9808292530117263,0.027624309392265192,21,0.04216867469879518
smart grid,33,Engineering,0,145,4.983606621708336,1.586965056582042,0.1123160340821069,103,0.05284761416110826
smart grid,17,Engineering,1,156,5.056245805348308,2.6855773452501515,0.12083656080557707,469,0.24063622370446383
smart grid,14,Engineering,1,17,2.8903717578961645,1.4403615823901663,0.013168086754453912,15,0.007696254489481785
smart grid,23,Engineering,1,6,1.9459101490553132,1.0986122886681098,0.004647560030983733,14,0.007183170856849667
smart grid,20,Engineering,0,5,1.791759469228055,0.9808292530117263,0.0038729666924864447,5,0.002565418163160595
smart grid,21,Engineering,0,9,2.302585092994046,1.3862943611198906,0.006971340046475601,7,0.0035915854284248334
cancer stem cell,27,"Biochemistry, Genetics and Molecular Biology",1,119,4.787491742782046,2.268683541318364,0.4594594594594595,664,0.5753899480069324
cancer stem cell,33,"Biochemistry, Genetics and Molecular Biology",1,7,2.0794415416798357,1.2039728043259361,0.02702702702702703,30,0.025996533795493933
crowdsourcing,14,Computer Science,1,46,3.8501476017100584,1.6094379124341003,0.18110236220472442,122,0.1178743961352657
crowdsourcing,33,Computer Science,1,53,3.9889840465642745,1.580450375560848,0.20866141732283464,198,0.19130434782608696
crowdsourcing,13,Computer Science,1,6,1.9459101490553132,0.5753641449035619,0.023622047244094488,31,0.02995169082125604
crowdsourcing,27,Computer Science,1,9,2.302585092994046,0.8938178760220964,0.03543307086614173,69,0.06666666666666667
crowdsourcing,22,Computer Science,1,23,3.1780538303479458,2.1594842493533726,0.09055118110236221,114,0.11014492753623188
crowdsourcing,19,Computer Science,1,8,2.1972245773362196,1.2992829841302609,0.031496062992125984,18,0.017391304347826087
microbial fuel cell,23,"Biochemistry, Genetics and Molecular Biology",1,55,4.02535169073515,1.466337068793427,0.3503184713375796,127,0.27136752136752135
microbial fuel cell,16,"Biochemistry, Genetics and Molecular Biology",0,10,2.3978952727983707,0.0,0.06369426751592357,11,0.023504273504273504
microbial fuel cell,22,"Biochemistry, Genetics and Molecular Biology",1,41,3.7376696182833684,2.257122718917288,0.2611464968152866,186,0.3974358974358974
microbial fuel cell,33,"Biochemistry, Genetics and Molecular Biology",1,6,1.9459101490553132,1.0986122886681098,0.03821656050955414,15,0.03205128205128205
DNA barcoding,23,"Biochemistry, Genetics and Molecular Biology",1,43,3.784189633918261,0.3829922522561057,0.15302491103202848,84,0.14189189189189189
DNA barcoding,11,"Biochemistry, Genetics and Molecular Biology",1,79,4.382026634673881,1.120591195386885,0.28113879003558717,261,0.4408783783783784
DNA barcoding,19,"Biochemistry, Genetics and Molecular Biology",1,7,2.0794415416798357,0.6931471805599453,0.02491103202846975,12,0.02027027027027027
DNA barcoding,27,"Biochemistry, Genetics and Molecular Biology",1,5,1.791759469228055,0.9808292530117263,0.017793594306049824,27,0.04560810810810811
DNA barcoding,33,"Biochemistry, Genetics and Molecular Biology",1,8,2.1972245773362196,1.2992829841302609,0.028469750889679714,13,0.02195945945945946
pandemic H1N1,36,Medicine,0,104,4.653960350157523,-1.8382794848629478,0.07726597325408618,7,0.04430379746835443
pandemic H1N1,13,Medicine,1,59,4.0943445622221,0.03922071315328133,0.043833580980683504,12,0.0759493670886076
pandemic H1N1,33,Medicine,0,67,4.219507705176107,-0.6850499703273258,0.04977711738484398,3,0.0189873417721519
pandemic H1N1,32,Medicine,0,8,2.1972245773362196,0.06453852113757137,0.005943536404160475,0,0.0
pandemic H1N1,24,Medicine,0,17,2.8903717578961645,-0.03774032798284686,0.01263001485884101,6,0.0379746835443038
pandemic H1N1,35,Medicine,0,10,2.3978952727983707,-0.8109302162163288,0.007429420505200594,2,0.012658227848101266
pandemic H1N1,11,Medicine,0,13,2.639057329615259,-0.40546510810816444,0.009658246656760773,5,0.03164556962025317
pandemic H1N1,20,Medicine,0,11,2.4849066497880004,-1.1939224684724348,0.008172362555720654,1,0.006329113924050633
social tagging,33,Computer Science,0,9,2.302585092994046,0.8938178760220964,0.13846153846153847,4,0.041666666666666664
synthetic biology,27,"Biochemistry, Genetics and Molecular Biology",1,5,1.791759469228055,-0.40546510810816444,0.03225806451612903,25,0.06443298969072164
synthetic biology,16,"Biochemistry, Genetics and Molecular Biology",0,7,2.0794415416798357,0.6931471805599453,0.04516129032258064,3,0.007731958762886598
synthetic biology,33,"Biochemistry, Genetics and Molecular Biology",1,9,2.302585092994046,0.5108256237659907,0.05806451612903226,22,0.05670103092783505
long noncoding RNA,27,"Biochemistry, Genetics and Molecular Biology",1,26,3.295836866004329,1.8281271133989299,0.2047244094488189,511,0.2930045871559633
comparative effectiveness research,36,Medicine,1,68,4.23410650459726,0.5012561727498399,0.12431444241316271,16,0.1103448275862069
comparative effectiveness research,20,Medicine,1,157,5.062595033026967,0.07257069283483558,0.2870201096892139,43,0.296551724137931
comparative effectiveness research,13,Medicine,0,6,1.9459101490553132,-0.5877866649021192,0.010968921389396709,2,0.013793103448275862
comparative effectiveness research,26,Medicine,0,11,2.4849066497880004,-0.4054651081081643,0.02010968921389397,3,0.020689655172413793
comparative effectiveness research,33,Medicine,0,6,1.9459101490553132,-0.2231435513142097,0.010968921389396709,0,0.0
sirtuin,27,"Biochemistry, Genetics and Molecular Biology",1,14,2.70805020110221,1.7346010553881064,0.2028985507246377,75,0.33482142857142855
sirtuin,28,"Biochemistry, Genetics and Molecular Biology",1,5,1.791759469228055,0.9808292530117263,0.07246376811594203,12,0.05357142857142857
sirtuin,16,"Biochemistry, Genetics and Molecular Biology",0,5,1.791759469228055,0.9808292530117263,0.07246376811594203,7,0.03125
next-generation sequencing,27,"Biochemistry, Genetics and Molecular Biology",1,22,3.1354942159291497,2.120263536200091,0.2558139534883721,410,0.31155015197568386
next-generation sequencing,11,"Biochemistry, Genetics and Molecular Biology",1,5,1.791759469228055,0.9808292530117263,0.05813953488372093,58,0.044072948328267476
takotsubo cardiomyopathy,33,Medicine,0,8,2.1972245773362196,0.4054651081081644,0.04,2,0.005494505494505495
energy harvesting,17,Engineering,1,12,2.5649493574615367,0.47000362924573563,0.05429864253393665,52,0.047488584474885846
energy harvesting,25,Engineering,1,15,2.772588722239781,0.9808292530117262,0.06787330316742081,46,0.04200913242009133
energy harvesting,31,Engineering,1,6,1.9459101490553132,0.5753641449035619,0.027149321266968326,34,0.031050228310502283
energy harvesting,33,Engineering,1,5,1.791759469228055,0.9808292530117263,0.02262443438914027,24,0.021917808219178082
extreme learning machine,22,Computer Science,1,44,3.8066624897703196,1.0861897686695525,0.21359223300970873,280,0.36175710594315247
wireless body area network,17,Engineering,1,33,3.5263605246161616,0.3677247801253175,0.2972972972972973,132,0.5365853658536586
wireless body area network,33,Engineering,0,11,2.4849066497880004,-0.15415067982725836,0.0990990990990991,12,0.04878048780487805
learning to rank,22,Computer Science,0,5,1.791759469228055,0.0,0.078125,7,0.08974358974358974
service-oriented architecture,22,Computer Science,1,29,3.4011973816621555,1.3523928094442093,0.1638418079096045,56,0.224
service-oriented architecture,33,Computer Science,0,22,3.1354942159291497,1.3437347467010947,0.12429378531073447,14,0.056
service-oriented architecture,14,Computer Science,1,7,2.0794415416798357,0.6931471805599453,0.03954802259887006,26,0.104
piRNA,27,"Biochemistry, Genetics and Molecular Biology",1,5,1.791759469228055,0.4418327522790391,0.03875968992248062,16,0.0893854748603352
piRNA,33,"Biochemistry, Genetics and Molecular Biology",0,5,1.791759469228055,-0.40546510810816444,0.03875968992248062,5,0.027932960893854747
lipidomics,16,"Biochemistry, Genetics and Molecular Biology",1,15,2.772588722239781,0.6931471805599453,0.10204081632653061,28,0.10181818181818182
lipidomics,27,"Biochemistry, Genetics and Molecular Biology",1,45,3.828641396489095,1.252762968495368,0.30612244897959184,84,0.3054545454545455
lipidomics,28,"Biochemistry, Genetics and Molecular Biology",0,7,2.0794415416798357,1.2039728043259361,0.047619047619047616,8,0.02909090909090909
network coding,22,Computer Science,1,72,4.290459441148391,2.2617630984737906,0.43373493975903615,483,0.508421052631579
network coding,33,Computer Science,1,14,2.70805020110221,1.7346010553881064,0.08433734939759036,47,0.049473684210526316
severe acute respiratory syndrome,13,Medicine,1,300,5.707110264748875,-0.14831975951646503,0.15881418740074113,35,0.18617021276595744
severe acute respiratory syndrome,16,Medicine,0,15,2.772588722239781,0.0,0.007940709370037057,7,0.03723404255319149
severe acute respiratory syndrome,22,Medicine,0,9,2.302585092994046,-0.40546510810816444,0.004764425622022234,0,0.0
severe acute respiratory syndrome,33,Medicine,0,80,4.394449154672439,-1.0116009116784799,0.04235044997353097,1,0.005319148936170213
severe acute respiratory syndrome,24,Medicine,1,34,3.5553480614894135,-0.25131442828090605,0.017998941238750663,9,0.047872340425531915
severe acute respiratory syndrome,19,Medicine,0,9,2.302585092994046,-1.7047480922384253,0.004764425622022234,0,0.0
severe acute respiratory syndrome,32,Medicine,0,15,2.772588722239781,-0.8109302162163287,0.007940709370037057,1,0.005319148936170213
severe acute respiratory syndrome,36,Medicine,0,17,2.8903717578961645,-0.03774032798284686,0.008999470619375331,2,0.010638297872340425
severe acute respiratory syndrome,25,Medicine,0,6,1.9459101490553132,1.0986122886681098,0.0031762837480148226,0,0.0
cognitive radio,33,Engineering,0,109,4.700480365792417,1.1420974006078486,0.12748538011695906,102,0.04372053150450064
cognitive radio,17,Engineering,1,228,5.43372200355424,2.8089563664106563,0.26666666666666666,809,0.34676382340334333
cognitive radio,31,Engineering,1,5,1.791759469228055,0.0,0.005847953216374269,10,0.0042863266180882984
MapReduce,13,Computer Science,0,10,2.3978952727983707,0.9808292530117262,0.04149377593360996,9,0.011968085106382979
MapReduce,33,Computer Science,1,22,3.1354942159291497,1.3437347467010947,0.0912863070539419,49,0.06515957446808511
MapReduce,22,Computer Science,1,39,3.6888794541139363,2.6390573296152584,0.16182572614107885,120,0.1595744680851064
cyber-physical system,22,Computer Science,1,54,4.007333185232471,2.521274293958875,0.34394904458598724,240,0.4580152671755725
cyber-physical system,33,Computer Science,1,9,2.302585092994046,1.3862943611198906,0.05732484076433121,25,0.04770992366412214
induced pluripotent stem cell,33,"Biochemistry, Genetics and Molecular Biology",1,27,3.332204510175204,1.540445040947149,0.03068181818181818,33,0.021262886597938145
induced pluripotent stem cell,24,"Biochemistry, Genetics and Molecular Biology",0,6,1.9459101490553132,1.0986122886681098,0.006818181818181818,8,0.005154639175257732
induced pluripotent stem cell,28,"Biochemistry, Genetics and Molecular Biology",1,29,3.4011973816621555,2.367123614131617,0.03295454545454545,70,0.045103092783505154
carbon capture and storage,33,Engineering,0,12,2.5649493574615367,0.7731898882334819,0.16,7,0.045454545454545456
carbon capture and storage,23,Engineering,1,11,2.4849066497880004,0.3829922522561057,0.14666666666666667,24,0.15584415584415584
vehicular ad hoc network,17,Engineering,1,175,5.170483995038151,1.992430164690206,0.4861111111111111,605,0.5485040797824116
vehicular ad hoc network,33,Engineering,1,47,3.8712010109078907,2.8134107167600364,0.13055555555555556,74,0.06708975521305531
compressed sensing,22,Medicine,1,228,5.43372200355424,3.414442608412176,0.3590551181102362,935,0.4809670781893004
compressed sensing,17,Medicine,1,196,5.2832037287379885,2.266027497260248,0.30866141732283464,604,0.31069958847736623
compressed sensing,31,Medicine,1,24,3.2188758248682006,0.5596157879354227,0.03779527559055118,69,0.035493827160493825
compressed sensing,26,Medicine,1,16,2.833213344056216,0.28768207245178085,0.025196850393700787,40,0.0205761316872428
compressed sensing,16,Medicine,0,5,1.791759469228055,0.9808292530117263,0.007874015748031496,8,0.00411522633744856
compressed sensing,33,Medicine,1,33,3.5263605246161616,2.4849066497880004,0.05196850393700787,73,0.03755144032921811
compressed sensing,13,Medicine,1,8,2.1972245773362196,1.2992829841302609,0.012598425196850394,17,0.00874485596707819
internet of things,17,Engineering,1,8,2.1972245773362196,1.2992829841302609,0.2857142857142857,540,0.33271719038817005
folksonomy,33,Computer Science,0,21,3.091042453358316,0.5930637220029628,0.20192307692307693,5,0.06578947368421052
human microbiome,13,Medicine,1,37,3.6375861597263857,1.5960148921019597,0.4567901234567901,55,0.45081967213114754
natural orifice transluminal endoscopic surgery,33,Medicine,0,9,2.302585092994046,-0.11778303565638339,0.03501945525291829,1,0.013333333333333334
RNA-seq,26,"Biochemistry, Genetics and Molecular Biology",0,14,2.70805020110221,1.2685113254635072,0.022151898734177215,14,0.010115606936416185
RNA-seq,11,"Biochemistry, Genetics and Molecular Biology",1,48,3.8918202981106265,1.4772661393256175,0.0759493670886076,181,0.13078034682080925
RNA-seq,27,"Biochemistry, Genetics and Molecular Biology",1,57,4.060443010546419,2.268683541318364,0.09018987341772151,171,0.12355491329479769
RNA-seq,28,"Biochemistry, Genetics and Molecular Biology",1,5,1.791759469228055,0.4418327522790391,0.007911392405063292,18,0.01300578034682081
RNA-seq,33,"Biochemistry, Genetics and Molecular Biology",1,17,2.8903717578961645,1.0986122886681098,0.02689873417721519,28,0.02023121387283237
RNA-seq,24,"Biochemistry, Genetics and Molecular Biology",1,6,1.9459101490553132,1.0986122886681098,0.00949367088607595,18,0.01300578034682081
memristor,31,Engineering,1,40,3.713572066704308,1.6739764335716716,0.16194331983805668,92,0.1343065693430657
memristor,25,Engineering,1,23,3.1780538303479458,1.120591195386885,0.0931174089068826,65,0.0948905109489051
memristor,33,Engineering,0,7,2.0794415416798357,0.6931471805599453,0.02834008097165992,7,0.010218978102189781
memristor,17,Engineering,1,22,3.1354942159291497,2.120263536200091,0.08906882591093117,107,0.1562043795620438
metagenomics,27,"Biochemistry, Genetics and Molecular Biology",1,15,2.772588722239781,1.329135947279942,0.05660377358490566,75,0.10964912280701754
metagenomics,23,"Biochemistry, Genetics and Molecular Biology",1,52,3.970291913552122,0.7166776779701396,0.19622641509433963,89,0.1301169590643275
metagenomics,33,"Biochemistry, Genetics and Molecular Biology",1,5,1.791759469228055,0.0,0.018867924528301886,19,0.027777777777777776
metagenomics,11,"Biochemistry, Genetics and Molecular Biology",1,10,2.3978952727983707,0.0,0.03773584905660377,50,0.07309941520467836
metagenomics,19,"Biochemistry, Genetics and Molecular Biology",1,7,2.0794415416798357,1.2039728043259361,0.026415094339622643,12,0.017543859649122806
cloud computing,33,Computer Science,1,27,3.332204510175204,2.302585092994046,0.19285714285714287,345,0.10126210742588788
cloud computing,14,Computer Science,1,7,2.0794415416798357,1.2039728043259361,0.05,186,0.05459348400352216
cloud computing,22,Computer Science,1,13,2.639057329615259,1.6739764335716716,0.09285714285714286,857,0.2515409451130026
single-incision laparoscopic surgery,33,Medicine,0,25,3.258096538021482,-0.137201121513485,0.11737089201877934,2,0.023255813953488372
ChIP-seq,27,"Biochemistry, Genetics and Molecular Biology",1,14,2.70805020110221,0.13353139262452257,0.07909604519774012,17,0.09090909090909091
copy number variation,24,"Biochemistry, Genetics and Molecular Biology",0,12,2.5649493574615367,1.1349799328389845,0.040268456375838924,7,0.015521064301552107
copy number variation,27,"Biochemistry, Genetics and Molecular Biology",1,66,4.204692619390966,2.412933150162911,0.2214765100671141,139,0.3082039911308204
copy number variation,28,"Biochemistry, Genetics and Molecular Biology",1,7,2.0794415416798357,0.6931471805599453,0.02348993288590604,17,0.037694013303769404
interactome,27,"Biochemistry, Genetics and Molecular Biology",1,20,3.044522437723423,1.252762968495368,0.10526315789473684,41,0.16205533596837945
plug-in hybrid electric vehicle,23,Engineering,0,8,2.1972245773362196,0.4054651081081644,0.05063291139240506,1,0.0058823529411764705
