concept,panel_group,order_pos,dropped_reason,t0,newborn,n_title_WH,lab_WH,cov_WH,home_window,home,group,group_id,n_title_early,lab_early,cov_early,n_title_WO,N_WO,cov_WO,O2r,O2r_m50,reach30,O1,O3,O2_raw_fields,logvol,growth,offhome_share,entropy,nfields2,n_api_early,n_api_WO
zinc finger nuclease,Biochem/Genetics,0,,2005,True,26.0,24.0,0.9230769230769231,t0..t0+1,13,"Biochemistry, Genetics and Molecular Biology",13.0,107.0,98.0,0.9158878504672897,210.0,172.0,0.819047619047619,4.188041274656525,5.080211481343231,1.0,1.0,0.0,7.0,5.049856007249537,1.3862943611198906,0.08163265306122448,0.36227477826028875,3.0,156.0,507.0
Web 2.0,CS/AI,1,home_outside_dev:33,2006,True,572.0,268.0,0.46853146853146854,t0..t0+1,33,,,,,,,,,,,,,,,,,,,,,
sentiment analysis,CS/AI,2,,2007,True,23.0,11.0,0.4782608695652174,t0..t0+1,17,Computer Science,17.0,146.0,61.0,0.4178082191780822,757.0,397.0,0.52443857331572,4.556281484227393,5.574964560220595,1.0,1.0,0.0,13.0,5.831882477283517,1.6236225474260568,0.26229508196721313,0.9657483741954256,4.0,341.0,1432.0
biosimilar,Medicine,3,,2006,True,55.0,41.0,0.7454545454545455,t0..t0+1,27,Medicine,27.0,262.0,181.0,0.6908396946564885,921.0,498.0,0.5407166123778502,4.791849936017945,5.623166892821691,1.0,1.0,0.0,13.0,6.018593214496234,0.7683706017975328,0.1878453038674033,0.786097066462506,7.0,411.0,1279.0
smart grid,Engineering,4,,2008,True,156.0,94.0,0.6025641025641025,t0..t0+1,22,Engineering,22.0,2032.0,1291.0,0.6353346456692913,2786.0,1949.0,0.6995692749461594,3.7439340143990467,4.4331330053907045,1.0,0.0,0.0,15.0,8.227375506834035,1.8004931491968095,0.2664601084430674,0.8960169325362072,9.0,3742.0,5480.0
cancer stem cell,Biochem/Genetics,5,,2003,True,24.0,17.0,0.7083333333333334,t0..t0+1,13,"Biochemistry, Genetics and Molecular Biology",13.0,326.0,259.0,0.7944785276073619,1478.0,1154.0,0.7807848443843031,3.226034645709082,3.8356974678636235,1.0,1.0,0.0,12.0,6.787844982309579,2.0104486701928845,0.5173745173745173,0.9674501751795122,5.0,887.0,3298.0
cardiac resynchronization therapy,Medicine,6,t0_outside_dev_cohort,2002,True,,,,,,,,,,,,,,,,,,,,,,,,,,
crowdsourcing,CS/AI,7,,2008,True,52.0,18.0,0.34615384615384615,t0..t0+1,17,Computer Science,17.0,640.0,254.0,0.396875,2089.0,1035.0,0.4954523695548109,8.828445725835497,10.69999905784008,1.0,1.0,0.0,20.0,6.871091294610546,2.2440416373814354,0.6220472440944882,1.766228664813515,11.0,964.0,3084.0
mashup,CS/AI,8,home_outside_dev:33,2007,True,100.0,40.0,0.4,t0..t0+1,33,,,,,,,,,,,,,,,,,,,,,
dictionary learning,CS/AI,9,t0_outside_dev_cohort,2011,True,,,,,,,,,,,,,,,,,,,,,,,,,,
drug-eluting stent,Medicine,10,t0_outside_dev_cohort,2001,True,,,,,,,,,,,,,,,,,,,,,,,,,,
H5N1,Medicine,11,t0_outside_dev_cohort,2000,False,,,,,,,,,,,,,,,,,,,,,,,,,,
microbial fuel cell,Engineering,12,,2003,False,44.0,20.0,0.45454545454545453,t0..t0+1,13,"Biochemistry, Genetics and Molecular Biology",13.0,267.0,157.0,0.5880149812734082,875.0,468.0,0.5348571428571428,5.3011114916848205,6.310408049485334,1.0,1.0,0.0,12.0,5.8971538676367405,1.2264456601779945,0.7643312101910829,1.5778472319467047,8.0,364.0,1127.0
DNA barcoding,Biochem/Genetics,13,,2005,True,83.0,48.0,0.5783132530120482,t0..t0+1,13,"Biochemistry, Genetics and Molecular Biology",13.0,435.0,281.0,0.6459770114942529,1020.0,592.0,0.5803921568627451,5.111390799988039,5.903755647072922,1.0,1.0,0.0,11.0,6.598509028614515,1.2172982589230854,0.5231316725978647,1.3575044707100576,7.0,734.0,1703.0
demand response,Engineering,14,t0_outside_dev_cohort,2002,False,,,,,,,,,,,,,,,,,,,,,,,,,,
pandemic H1N1,Medicine,15,,2009,True,1165.0,710.0,0.6094420600858369,t0..t0+1,27,Medicine,27.0,2068.0,1346.0,0.6508704061895552,248.0,158.0,0.6370967741935484,7.038050601708235,9.118844692425846,1.0,0.0,1.0,13.0,8.290041618704489,-1.1303065903770249,0.2236255572065379,0.9456728967524604,13.0,3984.0,611.0
genome-wide association study,Biochem/Genetics,16,t0_outside_dev_cohort,2000,False,,,,,,,,,,,,,,,,,,,,,,,,,,
WiMAX,Engineering,17,home_outside_dev:33,2004,True,77.0,50.0,0.6493506493506493,t0..t0+1,22;33,,,,,,,,,,,,,,,,,,,,,
latent Dirichlet allocation,CS/AI,18,,2007,True,17.0,6.0,0.35294117647058826,t0..t0+2,17,Computer Science,17.0,46.0,18.0,0.391304347826087,87.0,64.0,0.735632183908046,4.984184031901274,6.289874551943623,1.0,1.0,0.0,7.0,5.424950017481403,1.824549292051046,0.3333333333333333,0.9736489231972635,3.0,227.0,531.0
microblog,CS/AI,19,home_outside_dev:33,2009,True,88.0,36.0,0.4090909090909091,t0..t0+1,33,,,,,,,,,,,,,,,,,,,,,
social tagging,CS/AI,20,,2006,True,22.0,10.0,0.45454545454545453,t0..t0+1,17,Computer Science,17.0,127.0,65.0,0.5118110236220472,128.0,96.0,0.75,5.519483325298487,7.008338611454819,1.0,0.0,0.0,9.0,5.680172609017068,1.2335316065674804,0.3230769230769231,1.1644853077005926,6.0,293.0,263.0
synthetic biology,Biochem/Genetics,21,,2005,True,42.0,26.0,0.6190476190476191,t0..t0+1,13,"Biochemistry, Genetics and Molecular Biology",13.0,264.0,155.0,0.5871212121212122,623.0,388.0,0.622792937399679,7.424463277374742,9.191633674065505,1.0,1.0,0.0,14.0,6.523562306149512,1.7303905228517629,0.2064516129032258,0.9148191088908616,6.0,681.0,1667.0
long noncoding RNA,Biochem/Genetics,22,,2008,False,13.0,12.0,0.9230769230769231,t0..t0+1,13,"Biochemistry, Genetics and Molecular Biology",13.0,153.0,127.0,0.8300653594771242,2226.0,1744.0,0.7834681042228212,3.4696399051169142,4.180805702491855,1.0,1.0,0.0,10.0,6.163314804034641,2.133962380558253,0.25984251968503935,0.7598430602575019,4.0,475.0,4872.0
comparative effectiveness research,Medicine,23,,2009,True,262.0,196.0,0.7480916030534351,t0..t0+1,27,Medicine,27.0,744.0,547.0,0.7352150537634409,190.0,145.0,0.7631578947368421,4.849411758992621,5.900262220206088,1.0,0.0,0.0,9.0,7.31986492980897,0.14201800650184135,0.4680073126142596,1.2118700577084038,9.0,1510.0,657.0
virtual power plant,Engineering,24,t0_outside_dev_cohort,2011,False,,,,,,,,,,,,,,,,,,,,,,,,,,
exome sequencing,Biochem/Genetics,25,t0_outside_dev_cohort,2010,True,,,,,,,,,,,,,,,,,,,,,,,,,,
sirtuin,Biochem/Genetics,26,,2003,True,10.0,5.0,0.5,t0..t0+1,13,"Biochemistry, Genetics and Molecular Biology",13.0,86.0,69.0,0.8023255813953488,307.0,224.0,0.7296416938110749,5.341841377576435,6.643875495372564,1.0,1.0,0.0,11.0,5.6240175061873385,1.0986122886681098,0.4057971014492754,1.2386872171341994,5.0,277.0,947.0
next-generation sequencing,Biochem/Genetics,27,,2005,False,4.0,3.0,0.75,t0..t0+2,13,"Biochemistry, Genetics and Molecular Biology",13.0,104.0,86.0,0.8269230769230769,1736.0,1316.0,0.7580645161290323,5.1245132362673385,6.485622434244302,1.0,1.0,0.0,17.0,6.137727054086234,2.8838143573500057,0.4069767441860465,1.2222597943219502,4.0,463.0,6160.0
vehicle-to-grid,Engineering,28,t0_outside_dev_cohort,2010,True,,,,,,,,,,,,,,,,,,,,,,,,,,
takotsubo cardiomyopathy,Medicine,29,,2004,True,48.0,32.0,0.6666666666666666,t0..t0+1,27,Medicine,27.0,249.0,200.0,0.8032128514056225,431.0,364.0,0.8445475638051044,1.3230860049053192,1.5309084854541066,1.0,0.0,0.0,4.0,5.84354441703136,1.201266442728193,0.05,0.23046683632838144,2.0,345.0,553.0
energy harvesting,Engineering,30,,2004,True,49.0,33.0,0.673469387755102,t0..t0+1,22,Engineering,22.0,322.0,221.0,0.6863354037267081,1522.0,1095.0,0.7194480946123522,4.226862611610327,5.27440190104846,1.0,1.0,0.0,11.0,6.29156913955832,1.089801658985955,0.19909502262443438,0.836223920615782,7.0,540.0,2114.0
ZigBee,Engineering,31,home_outside_dev:33,2004,True,72.0,59.0,0.8194444444444444,t0..t0+1,33,,,,,,,,,,,,,,,,,,,,,
extreme learning machine,CS/AI,32,,2008,False,32.0,27.0,0.84375,t0..t0+1,17,Computer Science,17.0,250.0,206.0,0.824,904.0,774.0,0.8561946902654868,4.921114006272324,6.3017171649589585,1.0,1.0,0.0,15.0,5.973809611869261,1.7363296642887243,0.3300970873786408,1.0951485033137542,10.0,393.0,1549.0
chronic traumatic encephalopathy,Medicine,33,t0_outside_dev_cohort,2010,True,,,,,,,,,,,,,,,,,,,,,,,,,,
wireless body area network,CS/AI,34,,2008,True,49.0,29.0,0.5918367346938775,t0..t0+1,22,Engineering,22.0,178.0,111.0,0.6235955056179775,346.0,246.0,0.7109826589595376,3.5007771839849338,4.077252100514421,1.0,1.0,0.0,7.0,5.902633333401366,0.6505875661411494,0.4144144144144144,0.975448539749161,4.0,366.0,731.0
learning to rank,CS/AI,35,,2009,False,38.0,18.0,0.47368421052631576,t0..t0+1,17,Computer Science,17.0,111.0,64.0,0.5765765765765766,100.0,78.0,0.78,3.340651882853607,3.6404449045167,1.0,1.0,0.0,4.0,5.365976015021851,0.2657031657330057,0.125,0.5109630170575021,2.0,214.0,219.0
service-oriented architecture,CS/AI,36,,2003,True,44.0,17.0,0.38636363636363635,t0..t0+1,17,Computer Science,17.0,377.0,177.0,0.46949602122015915,473.0,250.0,0.5285412262156448,5.5554508032615715,6.800444510638333,1.0,0.0,0.0,15.0,7.110696122978827,1.5867526296030168,0.3559322033898305,1.1050265598903815,5.0,1225.0,1916.0
piRNA,Biochem/Genetics,37,,2007,True,46.0,33.0,0.717391304347826,t0..t0+1,13,"Biochemistry, Genetics and Molecular Biology",13.0,158.0,129.0,0.8164556962025317,227.0,179.0,0.788546255506608,3.962400946895511,5.033092764731067,1.0,0.0,0.0,9.0,6.028278520230698,0.4886640519631383,0.13178294573643412,0.6020729940010844,5.0,415.0,510.0
lipidomics,Biochem/Genetics,38,,2004,True,50.0,40.0,0.8,t0..t0+1,13,"Biochemistry, Genetics and Molecular Biology",13.0,197.0,147.0,0.7461928934010152,364.0,275.0,0.7554945054945055,5.427274338858407,6.516309304073458,1.0,1.0,0.0,11.0,5.849324779946859,0.6632942174102642,0.5034013605442177,1.2877750850923633,5.0,347.0,663.0
network coding,CS/AI,39,,2004,True,28.0,9.0,0.32142857142857145,t0..t0+1,17,Computer Science,17.0,259.0,166.0,0.640926640926641,1145.0,950.0,0.8296943231441049,3.1211829913493867,3.468595020334571,1.0,1.0,0.0,7.0,6.030685260261263,1.8584508437267273,0.5301204819277109,0.9873489229013759,3.0,416.0,1495.0
severe acute respiratory syndrome,Medicine,40,,2003,True,1622.0,1046.0,0.6448828606658447,t0..t0+1,27,Medicine,27.0,2806.0,1889.0,0.67320028510335,267.0,188.0,0.704119850187266,4.440353108933081,5.358325630805289,1.0,0.0,1.0,9.0,8.609042845046117,-1.0887234565388626,0.2673372154579142,0.9845276708106312,15.0,5481.0,971.0
cognitive radio,CS/AI,41,,2005,True,98.0,62.0,0.6326530612244898,t0..t0+1,22,Engineering,22.0,1092.0,855.0,0.782967032967033,2893.0,2333.0,0.8064293121327342,3.098233335754763,3.4747396266679456,1.0,1.0,0.0,9.0,7.326465613840322,1.6904416965871873,0.40116959064327484,0.9600872933262483,4.0,1520.0,3998.0
structural health monitoring,Engineering,42,t0_outside_dev_cohort,2000,True,,,,,,,,,,,,,,,,,,,,,,,,,,
MapReduce,CS/AI,43,,2008,True,30.0,14.0,0.4666666666666667,t0..t0+1,17,Computer Science,17.0,392.0,241.0,0.6147959183673469,991.0,752.0,0.7588294651866802,3.8331852898940943,4.504034308754012,1.0,1.0,0.0,12.0,6.70196036600254,1.8568460857479414,0.31950207468879666,1.0243491555106865,6.0,814.0,2149.0
differential privacy,CS/AI,44,t0_outside_dev_cohort,2010,True,,,,,,,,,,,,,,,,,,,,,,,,,,
cyber-physical system,CS/AI,45,,2008,True,31.0,13.0,0.41935483870967744,t0..t0+1,17,Computer Science,17.0,251.0,157.0,0.6254980079681275,750.0,524.0,0.6986666666666667,3.8132417287842815,4.537343351174093,1.0,1.0,0.0,10.0,6.091309882077698,2.017199232802615,0.4140127388535032,0.9085725008960246,3.0,442.0,1516.0
ultra-wideband,Engineering,46,t0_outside_dev_cohort,2000,False,,,,,,,,,,,,,,,,,,,,,,,,,,
induced pluripotent stem cell,Biochem/Genetics,47,,2007,True,66.0,52.0,0.7878787878787878,t0..t0+1,13;27,"Biochemistry, Genetics and Molecular Biology",13.0,1075.0,880.0,0.8186046511627907,2007.0,1552.0,0.7732934728450424,4.0660597439008255,4.902945302011471,1.0,1.0,0.0,15.0,7.762170607138205,1.9669233386541296,0.08863636363636364,1.0755628905968264,10.0,2350.0,4781.0
carbon capture and storage,Engineering,48,,2006,True,35.0,18.0,0.5142857142857142,t0..t0+1,22,Engineering,22.0,199.0,75.0,0.3768844221105528,286.0,154.0,0.5384615384615384,7.073735323302102,8.99476744009726,1.0,1.0,0.0,13.0,6.484635235635252,1.1952391243571814,0.4666666666666667,1.4644452517443198,6.0,655.0,1116.0
vehicular ad hoc network,CS/AI,49,,2006,True,59.0,38.0,0.6440677966101694,t0..t0+1,22,Engineering,22.0,517.0,360.0,0.6963249516441006,1526.0,1103.0,0.7228047182175622,3.2011444075461624,3.503376557754074,1.0,1.0,0.0,10.0,6.628041376179533,1.5629178967992075,0.6194444444444445,1.000459949351709,3.0,756.0,1985.0
compressed sensing,CS/AI,50,,2007,True,64.0,37.0,0.578125,t0..t0+1,27,Medicine,27.0,836.0,635.0,0.7595693779904307,2462.0,1944.0,0.7896019496344435,5.471243927883881,6.468555094848515,1.0,1.0,0.0,14.0,7.253470382684528,2.0646264558946954,0.8173228346456692,1.5786481853867365,10.0,1413.0,4052.0
capsule endoscopy,Medicine,51,t0_outside_dev_cohort,2002,True,,,,,,,,,,,,,,,,,,,,,,,,,,
internet of things,CS/AI,52,,2005,False,16.0,6.0,0.375,t0..t0+1,22,Engineering,22.0,58.0,28.0,0.4827586206896552,2175.0,1623.0,0.7462068965517241,4.189905307352223,5.091347151853305,1.0,1.0,0.0,16.0,5.198497031265826,0.8873031950009027,0.4642857142857143,1.2378266633504993,3.0,181.0,3509.0
ribotype 027,Medicine,53,,2007,False,26.0,22.0,0.8461538461538461,t0..t0+1,27,Medicine,27.0,62.0,49.0,0.7903225806451613,41.0,37.0,0.9024390243902439,2.7792792792792738,,1.0,1.0,0.0,3.0,5.429345628954441,0.3242396681855786,0.10204081632653061,0.46548074191627187,2.0,228.0,172.0
HPV vaccine,Medicine,54,t0_outside_dev_cohort,2000,False,,,,,,,,,,,,,,,,,,,,,,,,,,
folksonomy,CS/AI,55,,2006,True,80.0,37.0,0.4625,t0..t0+1,17,Computer Science,17.0,224.0,104.0,0.4642857142857143,114.0,76.0,0.6666666666666666,4.035819092344131,4.96656317456607,1.0,0.0,0.0,6.0,6.1463292576688975,0.0905140075408319,0.28846153846153844,0.9037422277826312,4.0,467.0,234.0
patient-centered medical home,Medicine,56,home_outside_dev:36,2008,True,64.0,30.0,0.46875,t0..t0+1,36;27,,,,,,,,,,,,,,,,,,,,,
human microbiome,Biochem/Genetics,57,,2008,True,23.0,10.0,0.43478260869565216,t0..t0+1,27,Medicine,27.0,137.0,81.0,0.5912408759124088,192.0,122.0,0.6354166666666666,5.001757291981984,6.362074324377904,1.0,1.0,0.0,9.0,5.916202062607435,1.519825753744413,0.5432098765432098,1.0613563860562365,4.0,371.0,809.0
natural orifice transluminal endoscopic surgery,Medicine,58,,2007,True,76.0,62.0,0.8157894736842105,t0..t0+1,27,Medicine,27.0,285.0,257.0,0.9017543859649123,84.0,75.0,0.8928571428571429,2.043243243243211,2.558558558558568,1.0,0.0,1.0,3.0,6.709304340258298,0.09278173345096627,0.08171206225680934,0.3987822368911988,5.0,820.0,317.0
transcatheter aortic valve implantation,Medicine,59,home_outside_dev:31,2006,False,28.0,20.0,0.7142857142857143,t0..t0+1,31,,,,,,,,,,,,,,,,,,,,,
RNA-seq,Biochem/Genetics,60,,2009,True,89.0,71.0,0.797752808988764,t0..t0+1,13,"Biochemistry, Genetics and Molecular Biology",13.0,881.0,632.0,0.717366628830874,2442.0,1384.0,0.5667485667485668,5.255577876384594,6.379700972651234,1.0,1.0,0.0,15.0,7.942717540573791,1.8751735979635349,0.25,0.9900962302719032,11.0,2815.0,10572.0
memristor,Engineering,61,,2008,True,53.0,29.0,0.5471698113207547,t0..t0+1,22,Engineering,22.0,362.0,247.0,0.6823204419889503,855.0,685.0,0.8011695906432749,6.0785840482890015,7.075746489856234,1.0,1.0,0.0,10.0,6.26530121273771,1.421385680931161,0.3805668016194332,1.1735468300642498,5.0,526.0,1266.0
optogenetics,Biochem/Genetics,62,home_outside_dev:28,2009,True,85.0,60.0,0.7058823529411765,t0..t0+1,28,,,,,,,,,,,,,,,,,,,,,
metagenomics,Biochem/Genetics,63,,2004,True,101.0,59.0,0.5841584158415841,t0..t0+1,13,"Biochemistry, Genetics and Molecular Biology",13.0,429.0,265.0,0.6177156177156177,1090.0,684.0,0.6275229357798165,5.937983867689052,7.041924710295835,1.0,1.0,0.0,14.0,6.684611727667927,0.977618977381478,0.3660377358490566,1.2078911155574958,8.0,800.0,1900.0
LTE-Advanced,Engineering,64,home_outside_dev:33,2008,True,65.0,58.0,0.8923076923076924,t0..t0+1,22;33,,,,,,,,,,,,,,,,,,,,,
cloud computing,CS/AI,65,,2005,True,8.0,6.0,0.75,t0..t0+1,17,Computer Science,17.0,288.0,140.0,0.4861111111111111,5817.0,3407.0,0.5856970947223655,5.1861142048976685,6.156442707803062,1.0,1.0,0.0,19.0,6.815639990074331,2.0128807751614968,0.37857142857142856,1.145793949744645,6.0,912.0,10724.0
nanopore sequencing,Biochem/Genetics,66,t0_outside_dev_cohort,2012,False,,,,,,,,,,,,,,,,,,,,,,,,,,
mHealth,Medicine,67,t0_outside_dev_cohort,2010,True,,,,,,,,,,,,,,,,,,,,,,,,,,
single-incision laparoscopic surgery,Medicine,68,,2009,True,89.0,82.0,0.9213483146067416,t0..t0+1,27,Medicine,27.0,237.0,213.0,0.8987341772151899,98.0,86.0,0.8775510204081632,2.854993160054719,3.8180574555403313,1.0,0.0,1.0,5.0,6.493753839851686,-0.22006188477680164,0.1267605633802817,0.4201617575762776,2.0,661.0,278.0
ChIP-seq,Biochem/Genetics,69,,2008,True,38.0,33.0,0.868421052631579,t0..t0+1,13,"Biochemistry, Genetics and Molecular Biology",13.0,214.0,177.0,0.8271028037383178,268.0,187.0,0.6977611940298507,2.936388623236342,3.4817845516437336,1.0,1.0,0.0,5.0,6.902742737158593,1.3029127521808397,0.1807909604519774,0.796439407155549,8.0,995.0,1972.0
microgrid,Engineering,70,t0_outside_dev_cohort,2002,False,,,,,,,,,,,,,,,,,,,,,,,,,,
copy number variation,Biochem/Genetics,71,,2005,True,30.0,26.0,0.8666666666666667,t0..t0+1,13,"Biochemistry, Genetics and Molecular Biology",13.0,353.0,298.0,0.8441926345609065,577.0,451.0,0.7816291161178509,4.838716136920511,6.131696655529636,1.0,1.0,0.0,13.0,6.897704943128636,1.7109554368127589,0.31208053691275167,0.947652571668758,7.0,990.0,1866.0
interactome,Biochem/Genetics,72,,2004,True,51.0,40.0,0.7843137254901961,t0..t0+1,13,"Biochemistry, Genetics and Molecular Biology",13.0,220.0,190.0,0.8636363636363636,333.0,253.0,0.7597597597597597,4.916545862135064,6.29848130098476,1.0,1.0,0.0,11.0,6.226536669287466,1.1688165473413583,0.19473684210526315,0.7804979120225382,7.0,506.0,956.0
NoSQL,CS/AI,73,t0_outside_dev_cohort,2011,True,,,,,,,,,,,,,,,,,,,,,,,,,,
plug-in hybrid electric vehicle,Engineering,74,,2007,True,46.0,19.0,0.41304347826086957,t0..t0+1,22,Engineering,22.0,251.0,158.0,0.6294820717131474,205.0,170.0,0.8292682926829268,2.7302982919889613,3.303960082832302,1.0,0.0,0.0,5.0,6.180016653652572,1.1409146683587992,0.0949367088607595,0.42174828450668267,4.0,483.0,541.0
deep belief network,CS/AI,75,t0_outside_dev_cohort,2010,True,,,,,,,,,,,,,,,,,,,,,,,,,,
piezoelectric nanogenerator,Engineering,76,t0_outside_dev_cohort,2012,False,,,,,,,,,,,,,,,,,,,,,,,,,,
pay for performance,Medicine,77,t0_outside_dev_cohort,2000,False,,,,,,,,,,,,,,,,,,,,,,,,,,
