openalex_id,display_name,parents,description,field_a,why_a,field_b,why_b,agree
C31258907,Computer network,['Computer science'],network that allows computers to share resources and communicate with each other,17,Focuses on networks connecting computers for resource sharing.,17,Computer networks are core to Computer Science,True
C6557445,Agronomy,['Biology'],"science and technology of producing and using plants for food, fuel, fiber, and reclamation",11,Science and technology of producing and using plants.,11,Agronomy is a branch of Biological Sciences,True
C155647269,Medicinal chemistry,['Chemistry'],scientific branch of pharmaceutical chemistry,16,Scientific branch of pharmaceutical chemistry.,13,Medicinal chemistry is a subfield of Chemistry,False
C147176958,Civil engineering,['Engineering'],"engineering discipline specializing in design, construction and maintenance of the built environment",22,"Design, construction, and maintenance of the built environment.",22,Civil engineering is a discipline within Engineering,True
C10138342,Finance,"['Business', 'Economics']","academic discipline studying businesses, financing, investments and protection of economic value",20,"Studies businesses, financing, investments, and economic protection.",20,Finance is a key area in Economics and Business,True
C549774020,Welfare economics,['Economics'],use of microeconomic techniques to evaluate well-being at the aggregate level,20,Uses microeconomics to evaluate aggregate well-being.,20,Welfare economics is a subfield of Economics,True
C138496976,Developmental psychology,['Psychology'],scientific study of changes that occur in human beings over the course of their lives,32,Scientific study of changes in humans over their lives.,33,Developmental psychology is a branch of Psychology,False
C136264566,Economy,['Economics'],"area of the production, distribution and trade, as well as consumption of goods and services by different agents",20,"Production, distribution, trade, and consumption of goods/services.",20,Economy relates to Economics and Trade,True
C16685009,Andrology,['Medicine'],medical specialty,27,Medical specialty focused on male reproductive health.,36,Andrology is a medical specialty within Health Professions,False
C16005928,Dermatology,['Medicine'],"branch of medicine dealing with the hair, nails, skin, and their diseases",27,"Branch of medicine dealing with skin, hair, and nails.",36,Dermatology is a branch of Medicine,False
C73283319,Financial system,"['Business', 'Economics']",system that allows the transfer of money between savers (and investors) and borrowers,20,System for money transfer between savers and borrowers.,20,Financial system is part of Economics and Business,True
C91375879,Environmental planning,"['Environmental science', 'Geography']",,23,Planning for environmental protection and resource use.,23,Environmental planning is within Environmental Science,True
C62520636,Quantum mechanics,['Physics'],fundamental theory in physics describing the properties of nature on an atomic scale,31,Fundamental theory of nature on an atomic scale.,31,Quantum mechanics is a Physics discipline,True
C159985019,Composite material,['Materials science'],material made from a combination of two or more unlike substances,25,Material made from a combination of two or more substances.,25,Composite material is a Materials Science topic,True
C74916050,Classics,"['Art', 'History']",study of classical antiquity such as ancient Greece and ancient Rome,12,"Study of classical antiquity, ancient Greece, and Rome.",12,Classics is an Arts and Humanities discipline,True
C107457646,Human–computer interaction,['Computer science'],academic discipline,17,Academic discipline of human-computer interaction.,17,Human–computer interaction is a Computer Science field,True
C13965031,Nuclear chemistry,['Chemistry'],the chemistry of different nuclear reactions and radioactive materials,16,Chemistry of nuclear reactions and radioactive materials.,13,Nuclear chemistry is a Chemistry subfield,False
C155202549,International trade,"['Business', 'Economics']","exchange of capital, goods, and services across international borders or territories",20,"Exchange of goods, capital, and services across borders.",20,International trade is part of Economics,True
C19165224,Anthropology,['Sociology'],science of humanity,33,"Science of humanity, including culture and society.",33,Anthropology is a Social Science,True
C121684516,Computer graphics (images),['Computer science'],"pictures and graphics, possibly animated, that are generated using computers, for transforming and compositing various sources of images or data with precise definitions of style, layout, effects, sequencing and synchronization",17,Pictures and graphics generated using computers.,17,Computer graphics is a Computer Science topic,True
C54286561,Agroforestry,"['Biology', 'Environmental science']",land use management system in which trees or shrubs are grown around or among crops or pastureland,11,Land use management with trees and crops/pasture.,11,Agroforestry involves Biological Sciences,True
C199639397,Engineering drawing,['Engineering'],,22,Technical drawings used in engineering and construction.,22,Engineering drawing is an Engineering discipline,True
C108827166,Internet privacy,['Computer science'],"personal privacy concerning the storing, repurposing, provision to third parties, and displaying of information pertaining to oneself via Internet",17,Personal privacy concerning data on the internet.,17,Internet privacy is a Computer Science issue,True
C161191863,Library science,['Computer science'],"the application of practices, methods, technologies, tools of management, education, training, perspectives, and related areas, to the organized collection and the systematic classification of information in libraries",17,"Management, education, and training in libraries.",17,Library science applies to Computer Science,True
C42972112,Veterinary medicine,['Medicine'],"medical speciality dealing with the diseases of animals, animal welfare, etc.",34,Medical specialty dealing with diseases and welfare of animals.,36,Veterinary medicine is within Health Professions,False
C40700,Industrial organization,"['Business', 'Economics']",,14,Study of how industries operate and compete.,20,Industrial organization is an Economics subfield,False
C118487528,Ophthalmology,['Medicine'],field of medicine treating eye disorders,27,Field of medicine treating eye disorders.,36,Ophthalmology is a Medical specialty,False
C97137747,Forestry,['Geography'],"science and craft of creating, managing, using, conserving and repairing forests, woodlands, and associated resources for human and environmental benefits",11,Science and craft of managing forests and woodlands.,23,Forestry is part of Geography and Environmental Science,False
C37621935,Agricultural science,"['Biology', 'Environmental science']",academic field,11,Academic field related to agriculture and food production.,11,Agricultural science is within Biological Sciences,True
C11171543,Psychoanalysis,['Psychology'],psychological theory that was founded in 1890 by the Viennese neurologist Sigmund Freud,32,Psychological theory founded by Sigmund Freud.,33,Psychoanalysis is a Psychology theory,False
C175605778,Natural resource economics,['Economics'],"supply, demand, and allocation of the Earth's natural resources",20,"Economics of supply, demand, and allocation of natural resources.",20,Natural resource economics is an Economics field,True
C37914503,Mathematical physics,"['Mathematics', 'Physics']",use of mathematics to solve physics problems,31,Use of mathematics to solve physics problems.,13,Mathematical physics combines Math and Physics,False
C107826830,Environmental resource management,"['Economics', 'Environmental science']",management of human interaction with the environment,23,Management of human interaction with the environment.,20,Environmental resource management is Economics,False
C148383697,Regional science,"['Geography', 'Sociology']",science,33,Scientific study of regions and their characteristics.,33,Regional science is a Social Science,True
C38652104,Computer security,['Computer science'],"the protection of computer systems and networks from theft, damage, misuse or data leak",17,Protection of computer systems and networks from threats.,17,Computer security is a Computer Science area,True
C13280743,Geodesy,"['Geography', 'Geology']","earth science of accurately measuring and understanding three of Earth's fundamental properties: geometric shape, orientation in space, and gravitational field",19,Earth science of measuring Earth's properties.,19,Geodesy is an Earth Science,True
C118524514,Computer architecture,['Computer science'],"set of rules and methods that describe the functionality, organization, and implementation of computer systems",17,Rules and methods describing computer system functionality.,17,Computer architecture is a Computer Science topic,True
C94375191,Arithmetic,['Mathematics'],elementary branch of mathematics,26,Elementary branch of mathematics dealing with numbers.,26,Arithmetic is a Mathematics branch,True
C87355193,Astrobiology,"['Biology', 'Physics']",study of the formation of life on Earth and elsewhere,11,Study of the formation of life on Earth and elsewhere.,11,Astrobiology is an interdisciplinary Biology and Physics,True
C170154142,Architectural engineering,['Engineering'],application of engineering principles and technology to building design and construction,22,Engineering principles applied to building design and construction.,22,Architectural engineering is within Engineering,True
C49204034,Climatology,['Geology'],study of climate,19,Scientific study of climate and its patterns.,23,Climatology is a Geology and Earth Science,False
C15708023,Humanities,"['Art', 'Philosophy']",academic disciplines that study human culture,12,Academic disciplines studying human culture.,12,Humanities study human culture,True
C43617362,Chromatography,['Chemistry'],set of laboratory techniques for the separation of mixtures,16,Laboratory techniques for separating mixtures.,13,Chromatography is a Chemistry laboratory technique,False
C119767625,Optometry,['Medicine'],field of health care which involves examining the eyes for defects or abnormalities as well as the medical diagnosis and management of eye disease,35,Health care involving examination of the eyes.,36,Optometry is a Health Professions field,False
C30475298,Computational physics,['Physics'],numerical simulations in physics via computers,31,Numerical simulations in physics using computers.,26,Computational physics combines Physics and Math,False
C2522767166,Data science,['Computer science'],interdisciplinary field of study focused on deriving knowledge and insights from data,17,Deriving knowledge and insights from data.,17,Data science is a Computer Science interdisciplinary field,True
C74363100,Economic system,['Economics'],"system of ownership, production and exchange",20,"System of ownership, production, and exchange.",20,Economic system is part of Economics,True
C99454951,Environmental health,['Medicine'],public health branch focused on environmental impacts on human health,27,Public health branch on environmental impacts on health.,36,Environmental health is within Health Professions,False
C120314980,Distributed computing,['Computer science'],system whose components are located on different networked computers,17,Systems with components on different networked computers.,17,Distributed computing is a Computer Science area,True
C23123220,Information retrieval,['Computer science'],activity of obtaining information resources relevant to an information need from a collection of information resources,17,Obtaining relevant information resources from a collection.,17,Information retrieval is a Computer Science activity,True
C165556158,Keynesian economics,['Economics'],group of macroeconomic theories,20,Keynesian economics is a macroeconomic theory.,20,Keynesian economics is a macroeconomic theory,True
C139719470,Macroeconomics,['Economics'],branch of economics that studies aggregated indicators,20,Macroeconomics is a branch of economics.,20,Macroeconomics studies aggregated economic indicators,True
C46312422,Communication,"['Psychology', 'Sociology']",act of conveying intended meanings from one entity or group to another through the use of mutually understood signs and rules,33,Communication studies are primarily in social sciences.,33,Communication is primarily studied within social sciences,True
C90924648,Gastroenterology,['Medicine'],branch of medicine focused on the digestive system and its disorders,27,Gastroenterology is a medical specialty.,27,Gastroenterology is a medical specialty,True
C203014093,Immunology,"['Biology', 'Medicine']",branch of medicine studying the immune system,24,Immunology is a branch of medicine and biology.,24,Immunology is a branch of medicine and biology,True
C76155785,Telecommunications,"['Computer science', 'Engineering']",electronic transmission of information between locations,17,Telecommunications is a field within computer science and engineering.,17,Telecommunications is a computer science and engineering field,True
C21880701,Process engineering,['Engineering'],all technical processes in which a raw or starting material are transformed into another product by the use of chemical-physical or biological processes,15,Process engineering is a chemical engineering discipline.,22,Process engineering is an engineering discipline,False
C138921699,Political economy,"['Economics', 'Sociology']","study of production, buying, and selling, and their relations with law, custom, and government",20,Political economy bridges economics and sociology.,20,Political economy is a subfield of economics,True
C556039675,Traditional medicine,['Medicine'],medicine based on traditional beliefs,27,Traditional medicine is a form of medicine.,23,Traditional medicine relates to environmental science,False
C188147891,Cognitive science,['Psychology'],interdisciplinary scientific study of the mind and its processes,32,Cognitive science is an interdisciplinary study of the mind.,32,Cognitive science is within psychology,True
C133425853,Neoclassical economics,['Economics'],relates to supply and demand to an individual's rationality,20,Neoclassical economics is a major economic theory.,20,Neoclassical economics is a branch of economics,True
C52119013,Art history,"['Art', 'History']",academic study of objects of art in their historical development,12,Art history is a study within the arts and humanities.,34,Art history is part of social sciences,False
C526734887,Environmental protection,"['Environmental science', 'Geography']","practice of protecting the natural environment by individuals, organizations and governments",23,Environmental protection is a core environmental science topic.,23,Environmental protection is an environmental science,True
C199104240,Marine engineering,['Engineering'],"engineering of boats, ships, oil rigs and any other marine vessel or structure",22,Marine engineering is a specialized engineering field.,36,Marine engineering is a health professions field,False
C97355855,Thermodynamics,['Physics'],"branch of physics concerned with heat, work, temperature, and thermal or internal energy",31,Thermodynamics is a fundamental branch of physics.,17,Thermodynamics is a physics discipline,False
C49774154,Multimedia,['Computer science'],content that uses a combination of different content forms,17,Multimedia is a concept within computer science.,17,Multimedia is studied within computer science,True
C75473681,Photochemistry,['Chemistry'],sub-discipline of chemistry,16,Photochemistry is a sub-discipline of chemistry.,16,Photochemistry is a chemistry sub-discipline,True
C542102704,Psychotherapist,['Psychology'],clinically applied psychology for desired behavior change,32,Psychotherapist is a role within psychology.,32,Psychotherapist is a psychology profession,True
C146978453,Aerospace engineering,['Engineering'],branch of engineering,22,Aerospace engineering is a branch of engineering.,22,Aerospace engineering is an engineering discipline,True
C1862650,Physical therapy,['Medicine'],,27,Physical therapy is a medical rehabilitation field.,36,Physical therapy is a health profession,False
C47768531,Development economics,['Economics'],sub-field of economics,20,Development economics is a sub-field of economics.,20,Development economics is a subfield of economics,True
C19527891,Medical physics,"['Medicine', 'Physics']","application of physics concepts, theories and methods to medicine or healthcare",27,Medical physics applies physics to medicine.,36,Medical physics is a health profession,False
C71240020,Stereochemistry,['Chemistry'],subdiscipline of chemistry about stereoisomers and the relative spatial arrangement of atoms,16,Stereochemistry is a subdiscipline of chemistry.,16,Stereochemistry is a chemistry subfield,True
C34447519,Market economy,['Economics'],capitalist economy,20,Market economy is a concept in economics.,20,Market economy is a subset of economics,True
C147597530,Computational chemistry,['Chemistry'],branch of chemistry,16,Computational chemistry is a branch of chemistry.,16,Computational chemistry is a chemistry subfield,True
C150903083,Biotechnology,['Biology'],use of living systems and organisms to develop or make useful products,11,Biotechnology uses biological systems for products.,13,Biotechnology is a biology subfield,False
C153349607,Visual arts,['Art'],art form which creates works that are primarily visual in nature,12,Visual arts are a form of art.,32,Visual arts is an art form,False
C21951064,Combinatorial chemistry,['Chemistry'],chemical methods designed to rapidly synthesize large numbers of chemical compounds,16,Combinatorial chemistry is a chemical synthesis method.,16,Combinatorial chemistry is a chemistry sub-discipline,True
C44154836,Simulation,"['Computer science', 'Engineering']","imitation of the operation of a real-world process or system over time, for studying either real events in many contexts or effects of alternative conditions and courses of actions",17,Simulation is a core concept in computer science.,22,Simulation is an engineering and computer science technique,False
C178550888,Business administration,['Business'],administration of a commercial enterprise,14,Business administration is a core business field.,36,Business administration is a health professions field,False
C459310,Computational science,"['Computer science', 'Mathematics']",field concerned with constructing mathematical models and quantitative analysis techniques and using computers to analyze and solve scientific problems,17,Computational science combines computer science and math.,17,Computational science is within computer science,True
C113775141,Computer engineering,"['Computer science', 'Engineering']",Engineering discipline specializing in the design of computer hardware,17,Computer engineering bridges computer science and engineering.,22,Computer engineering is an engineering discipline,False
C66938386,Structural engineering,['Engineering'],sub-discipline of civil engineering dealing with the creation of man made structures,22,Structural engineering is a sub-discipline of civil engineering.,22,Structural engineering is a civil engineering subfield,True
C29595303,Media studies,['Sociology'],"discipline and field of study that deals with the content, history and effects of various media",33,Media studies is a field within social sciences.,34,Media studies is part of social sciences,False
C195094911,Process management,"['Business', 'Engineering']",ensemble of activities of planning and monitoring the performance of a business process,14,Process management is a business and engineering activity.,36,Process management is a health professions area,False
C159467904,Chemical physics,"['Chemistry', 'Physics']",subdiscipline of chemistry and physics,16,Chemical physics bridges chemistry and physics.,16,Chemical physics is a chemistry and physics interdisciplinary field,True
C107872376,Environmental chemistry,['Chemistry'],scientific study of the chemical and biochemical phenomena that occur in natural places,16,Environmental chemistry studies chemical phenomena in nature.,16,Environmental chemistry is a chemistry subfield,True
C8058405,Geophysics,"['Geology', 'Physics']",study of physical processes and phenomena occurring in the earth and in its vicinity,19,Geophysics studies physical processes of the Earth.,29,Geophysics is a health professions discipline,False
C142724271,Pathology,['Medicine'],study and diagnosis of disease,27,Pathology is the study and diagnosis of disease.,27,Pathology is a medical specialty,True
C95444343,Cell biology,['Biology'],scientific discipline that studies cells,13,Cell biology is a fundamental biological science.,36,Cell biology is a health professions field,False
C121955636,Accounting,"['Business', 'Economics']","measurement, processing and communication of financial information about economic entities",14,Accounting is a core business and finance discipline.,36,Accounting is a health professions area,False
C179104552,Inorganic chemistry,['Chemistry'],study of the synthesis and behavior of inorganic and organometallic compounds,16,Inorganic chemistry is a branch of chemistry.,16,Inorganic chemistry is a chemistry subfield,True
C162118730,Actuarial science,"['Business', 'Economics']",discipline that applies mathematical and statistical methods to assess risk in the insurance and finance industries,14,Actuarial science applies math to insurance risk.,16,Actuarial science is a mathematics and economics field,False
C17409809,Geochemistry,['Geology'],science that applies chemistry to geological systems,19,Geochemistry applies chemistry to geological systems.,16,Geochemistry is a geology and chemistry interdisciplinary field,False
C79403827,Real-time computing,['Computer science'],,17,Real-time computing is a specialization in computer science.,17,Real-time computing is a computer science area,True
C55587333,Engineering ethics,['Engineering'],Moral principles within the field of engineering,22,Engineering ethics deals with moral principles in engineering.,22,Engineering ethics is an engineering discipline,True
C54750564,Commerce,"['Business', 'Economics']","the exchange of goods and services, especially on a large scale",14,Commerce relates to the exchange of goods and services.,20,Commerce is a broad economics and business field,False
C112698675,Advertising,['Business'],"form of communication for marketing, typically paid for",14,Advertising is a marketing and business function.,20,Advertising is a marketing and social science field,False
C194828623,Emergency medicine,['Medicine'],medical specialty concerned with care for patients who require immediate medical attention,27,Emergency medicine is a medical specialty.,36,Emergency medicine is a health professions specialty,False
C178802073,Aeronautics,['Engineering'],"science and art of study, design, manufacturing, and operation of airflight-capable machines",22,Aeronautics is a branch of engineering related to flight.,22,Aeronautics is an engineering discipline,True
C26271046,Economic geography,"['Economics', 'Geography']","study of the location, distribution and spatial organization of economic activities",20,"Studies location, distribution, and spatial organization of economic activities.",33,Study of economic activities and geography,False
C45355965,Socioeconomics,"['Economics', 'Sociology']",social science that studies how economic activity affects and is shaped by social processes,33,Studies how economic activity affects and is shaped by social processes.,33,Social science examining economic activity and social processes,True
C147789679,Physical chemistry,['Chemistry'],"study of macroscopic, atomic, subatomic, and particulate phenomena in chemical systems in terms of laws and concepts of physics",16,"Studies macroscopic, atomic, subatomic phenomena in chemical systems.",16,Study of macroscopic and atomic chemical phenomena,True
C175444787,Microeconomics,['Economics'],branch of economics that studies the behavior of individual households and firms in making decisions on the allocation of limited resources,20,Studies behavior of individual households and firms in economic decision-making.,20,Branch of economics studying individual economic agents,True
C110354214,Engineering management,['Engineering'],application of the practice of management to the practice of engineering,22,Applies management principles to engineering practices and projects.,23,Application of management principles in engineering contexts,False
C44870925,Astrophysics,['Physics'],branch of astronomy,31,Studies celestial objects and phenomena outside Earth's atmosphere.,31,Branch of astronomy focusing on astrophysical phenomena,True
C199289684,Mineralogy,"['Chemistry', 'Geology']",scientific study of minerals,25,"Scientific study of minerals, their composition, structure, and properties.",25,Scientific study of minerals,True
C556758197,Monetary economics,['Economics'],branch of economics that studies different theories of money,20,Studies different theories and functions of money in economies.,20,Economics branch studying theories of money,True
C24667770,Religious studies,['Philosophy'],"multi-disciplinary academic field devoted to research into religious beliefs, behaviors, and institutions",12,"Researches religious beliefs, behaviors, and institutions across cultures.",34,Interdisciplinary field studying religious beliefs and behaviors,False
C121864883,Statistical physics,['Physics'],branch of physics,31,Applies statistical methods to understand physical systems and phenomena.,32,Physics branch related to statistical mechanics,False
C106159729,Financial economics,['Economics'],branch of economics concerned with financial or monetary transactions,20,"Concerned with financial markets, investments, and monetary transactions.",20,Economics branch concerned with financial transactions,True
C26873012,Condensed matter physics,['Physics'],branch of physics,31,Studies the macroscopic and microscopic physical properties of matter.,31,Physics branch studying atomic nuclei,True
C153294291,Meteorology,"['Geography', 'Physics']",interdisciplinary scientific study of the atmosphere,19,Interdisciplinary study of the atmosphere and its phenomena.,19,Interdisciplinary study of atmospheric phenomena,True
C199343813,Dentistry,['Medicine'],branch of medicine dealing with oral health and teeth,35,"Medical specialty focused on oral health, teeth, and gums.",36,Medical specialty focusing on oral health,False
C185544564,Nuclear physics,['Physics'],field of physics that deals with the structure and behavior of atomic nuclei,31,Studies the structure and behavior of atomic nuclei and their interactions.,31,Physics field dealing with atomic nuclei,True
C183696295,Biochemical engineering,['Engineering'],,15,Applies engineering principles to biological and chemical processes.,16,Engineering discipline related to biochemical processes,False
C195244886,Ancient history,['History'],,12,Studies historical events and societies of ancient civilizations.,13,Historical discipline studying ancient civilizations,False
C145236788,Labour economics,['Economics'],,20,"Studies labor markets, wages, employment, and labor relations.",20,Economics subfield analyzing labor markets,True
C126322002,Internal medicine,['Medicine'],"medical specialty dealing with the prevention, diagnosis, and treatment of adult diseases",27,"Medical specialty focused on prevention, diagnosis, and treatment of adult diseases.",36,Medical specialty dealing with adult diseases,False
C28826006,Applied mathematics,['Mathematics'],discipline of mathematics,26,Applies mathematical methods to solve practical problems in science and engineering.,27,Mathematical discipline applied in various sciences,False
C3079626,Quantum electrodynamics,['Physics'],,31,Quantum field theory describing interactions between electrons and photons.,31,Physics subfield of quantum electrodynamics,True
C61434518,General surgery,['Medicine'],medical specialty,27,Medical specialty focused on surgical treatment of diseases and injuries.,36,Medical specialty involving surgical procedures,False
C1276947,Astronomy,['Physics'],,31,"Scientific study of celestial objects, space, and the universe.",31,Branch of physics studying celestial objects,True
C186060115,Biological system,['Biology'],complex network of biologically relevant entities on the macro to the nanoscopic scale,13,Focuses on biological entities and their molecular interactions.,33,Study of biological networks and systems,False
C21547014,Operations management,"['Economics', 'Engineering']",area of management concerned with designing and controlling the process of production and redesigning business operations,14,Manages processes of production and operations in organizations.,20,Management area focused on production processes,False
C89423630,Microbiology,['Biology'],study of microscopic organisms,24,Study of microscopic organisms and their interactions with the environment.,24,Study of microscopic organisms,True
C33332235,Theoretical physics,['Physics'],branch of physics,31,Develops abstract models and theories to explain physical phenomena.,31,Branch of physics exploring fundamental particles and forces,True
C178790620,Organic chemistry,['Chemistry'],"subdiscipline within chemistry involving the scientific study of carbon-based compounds, hydrocarbons, and their derivatives",16,Studies carbon-containing compounds and their chemical reactions.,16,Chemistry subdiscipline studying carbon compounds,True
C107053488,Construction engineering,['Engineering'],"professional discipline dealing with the designing, planning, construction and management of infrastructures",22,"Designs, plans, and manages the execution of construction projects.",23,Engineering discipline related to earth materials,False
C136764020,World Wide Web,['Computer science'],system of interlinked hypertext documents accessed via the Internet,17,Global information system accessed via the Internet using hyperlinks.,11,System of hypertext documents on the internet,False
C48824518,Agricultural economics,['Economics'],applied field of economics,11,Applies economic principles to agricultural production and markets.,15,Industry involved in pulp and paper manufacturing,False
C149782125,Econometrics,"['Economics', 'Mathematics']",academic discipline,26,Statistical methods applied to economic data for analysis and forecasting.,20,Statistical discipline within economics,False
C134306372,Mathematical analysis,['Mathematics'],branch of mathematics,26,"Studies concepts of limit, continuity, and rate of change in mathematics.",26,Mathematical branch analyzing functions and limits,True
C199360897,Programming language,['Computer science'],language designed to communicate instructions to a machine,17,Formal languages used to write instructions for computers.,17,Language designed for machine instructions,True
C18903297,Ecology,['Biology'],scientific study of the relationships between living organisms,11,Study of relationships between living organisms and their environment.,33,Scientific study of relationships among living organisms,False
C140793950,Animal science,['Biology'],"science and business of producing domestic livestock species, including but not limited to beef cattle, dairy cattle, horses, poultry, sheep, and swine, and of nutrition, care, and welfare of companion animals",11,Science and business of producing and managing domestic livestock species.,36,Medical field related to education and training,False
C11413529,Algorithm,"['Computer science', 'Mathematics']",unambiguous specification of how to solve a class of problems,17,Step-by-step procedure or formula for solving a problem.,16,Mathematical branch dealing with discrete structures,False
C22212356,Transport engineering,['Engineering'],academic discipline and occupational field,22,"Designs, plans, and manages transportation systems and infrastructure.",22,Engineering discipline related to transportation systems,True
C191897082,Metallurgy,['Materials science'],domain of materials science that studies the physical and chemical behavior of metals,25,Studies the physical and chemical behavior of metals and their alloys.,26,Materials science focusing on metals,False
C119599485,Electrical engineering,['Engineering'],field of engineering that deals with electricity,22,"Deals with electricity, electronics, and electromagnetism.",36,Engineering discipline dealing with electrical systems,False
C6303427,Economic history,"['Economics', 'History']",history studies focused on economics,20,"Historical study of economic events, trends, and systems.",20,Historical study of economic systems,True
C12554922,Biophysics,['Biology'],study of biological systems using methods from the physical sciences,31,Applies physical principles and methods to study biological systems.,26,Interdisciplinary physics and biology field,False
C19417346,Pedagogy,"['Psychology', 'Sociology']",study of education,32,"Study of teaching methods, educational processes, and learning.",36,Physics branch studying physical systems at microscopic scale,False
C187320778,Geotechnical engineering,"['Engineering', 'Geology']",scientific study of earth materials in engineering problems; branch of civil engineering concerned with the engineering behavior of earth materials,22,Studies earth materials for civil engineering applications.,23,Engineering of earth materials in geotechnics,False
C2524010,Geometry,['Mathematics'],branch of mathematics regarding geometric figures and properties of space,26,"Branch of mathematics concerned with shapes, sizes, and positions.",26,Mathematical study of geometric figures,True
C528095902,Pulp and paper industry,['Engineering'],an industry that belongs to the secondary sector (industry) and is involved in the manufacture of paper and paperboard,25,Industry focused on manufacturing paper and related products from wood pulp.,23,Industry related to paper manufacturing and engineering,False
C114614502,Combinatorics,['Mathematics'],branch of discrete mathematics,26,Branch of mathematics dealing with discrete structures and counting.,26,Branch of mathematics focused on discrete structures,True
C107993555,Gender studies,['Sociology'],interdisciplinary academic field devoted to analysing gender identity and gendered representation,33,"Analyzes gender identity, gender roles, and gendered representation.",32,Interdisciplinary study of gender identity and roles,False
C41999313,Molecular physics,"['Chemistry', 'Physics']",branch of physics,31,Studies the physics of molecules and their interactions.,13,Physics branch related to molecular phenomena,False
C5900021,Petrology,['Geology'],"branch of geology that studies the origin, composition, distribution and structure of rocks",19,"Branch of geology studying the origin, composition, and structure of rocks.",23,Study of rocks in geology and earth sciences,False
C154945302,Artificial intelligence,['Computer science'],field of computer science and engineering practices for intelligence demonstrated by machines and intelligent agents,17,Core to computer science and engineering practices.,17,Primary field of artificial intelligence research,True
C105702510,Anatomy,"['Biology', 'Medicine']",study of the structure and parts of organisms,27,"Study of structure and parts of organisms, primarily medical.",27,Mainly studied within anatomy in medicine,True
C75630572,Applied psychology,['Psychology'],application of psychological theories or findings,32,Application of psychological theories and findings.,33,Application of psychology in social contexts,False
C144027150,Horticulture,['Biology'],"culture of plants, mainly for food, materials, comfort and beauty",11,"Culture of plants for food, materials, comfort, and beauty.",11,Cultivation and plant sciences fall under agriculture,True
C134560507,Environmental economics,['Economics'],sub-field of economics,20,Sub-field of economics focusing on environmental issues.,21,Environmental economics relates to energy and environment,False
C9390403,Computer hardware,['Computer science'],physical components of a computer,17,"Physical components of computers, a core CS topic.",17,Core component of computer hardware studies,True
C539667460,Management science,"['Economics', 'Engineering']",study of problem-solving in human organizations,18,Study of problem-solving in human organizations.,16,Management science involves chemical and industrial processes,False
C177713679,Intensive care medicine,['Medicine'],"medical care subspecialty, treating critically ill",27,Medical care for critically ill patients.,27,Intensive care medicine is a medical specialty,True
C105639569,Economic policy,"['Business', 'Economics']",refers to the actions that governments take in the economic field,20,Government actions in the economic field.,14,Economic policy is a key aspect of business and economics,False
C548081761,Waste management,['Engineering'],"generation, prevention, characterization, monitoring, treatment, handling, reuse and residual disposition of solid wastes",23,"Generation, treatment, and handling of waste.",23,Waste management is an environmental science,True
C114793014,Geomorphology,['Geology'],scientific study of landforms and the processes that shape them,19,Scientific study of landforms and shaping processes.,19,Geomorphology is a landform science within earth sciences,True
C78519656,Mechanical engineering,['Engineering'],engineering discipline,22,Engineering discipline focused on mechanical systems.,22,Mechanical engineering is a core engineering discipline,True
C61696701,Engineering physics,"['Engineering', 'Physics']","study of the combined disciplines of physics, mathematics and combined with engineering studies in computer, electrical, materials or mechanical engineering",22,Combined disciplines of physics and engineering.,22,Engineering physics combines physics and engineering,True
C126894567,Urology,['Medicine'],subspecialty of surgery,27,Subspecialty of surgery dealing with the urinary tract.,27,Urology is a medical subspecialty,True
C153911025,Molecular biology,['Biology'],,13,"Study of genes, heredity, and variation in living organisms.",13,Molecular biology is a biological science,True
C159047783,Virology,"['Biology', 'Medicine']",study of viruses,24,"Study of viruses, a core topic in microbiology.",24,Virology is a branch of microbiology and medicine,True
C184779094,Atomic physics,['Physics'],field of physics studying atoms,31,Field of physics studying atoms.,31,Atomic physics is a physics subfield,True
C62649853,Remote sensing,"['Geography', 'Geology']","acquisition of information about an object or phenomenon without making physical contact with the object, especially the Earth",19,Acquisition of information about objects without physical contact.,32,Remote sensing relates to geography and earth sciences,False
C512399662,Family medicine,['Medicine'],medical specialty,27,Medical specialty focusing on family care.,36,Family medicine is a health profession,False
C8010536,Crystallography,['Chemistry'],study of crystals,16,"Study of crystals, a core chemistry topic.",16,Crystallography is a chemistry subfield,True
C143998085,Oncology,['Medicine'],branch of medicine dealing with cancer,27,Branch of medicine dealing with cancer.,27,Oncology is a medical specialty,True
C100970517,Physical geography,['Geography'],one of the two major subfields of geography,19,One of the two major subfields of geography.,19,Physical geography is a subfield of geography,True
C505870484,Fishery,['Biology'],the enterprise of raising or harvesting fish or other aquatic organisms,11,Enterprise of raising or harvesting fish or aquatic organisms.,11,Fishery involves biological and environmental sciences,True
C49040817,Optoelectronics,"['Materials science', 'Physics']",branch of electronics involving optics,25,Branch of electronics involving optics and materials.,26,Optoelectronics is a materials science and physics field,False
C36289849,Social science,['Sociology'],academic discipline concerned with society and the relationships,33,Academic discipline concerned with society and relationships.,33,Social science encompasses sociology and related fields,True
C141071460,Surgery,['Medicine'],medical specialty,27,Medical specialty involving operative procedures.,27,Surgery is a medical specialty,True
C74909509,Gerontology,['Medicine'],"study of the social, psychological and biological aspects of aging",27,"Study of social, psychological, and biological aspects of aging.",36,Gerontology is a health and social science,False
C151730666,Paleontology,"['Biology', 'Geology']",scientific study of the past of life on Earth through fossils,19,Scientific study of past life on Earth through fossils.,11,Paleontology is a biological and geological science,False
C27206212,Theology,['Philosophy'],study of the nature of God and religious belief,12,Study of the nature of God and religious belief.,34,Theology is a social science related to philosophy,False
C502942594,Cancer research,"['Biology', 'Medicine']","research into cancer to identify causes and develop strategies for prevention, diagnosis, treatment, and cure",27,Research into cancer causes and treatment strategies.,27,Cancer research is a biomedical research area,True
C50522688,Economic growth,['Economics'],Increase in production and consumption in an economy,20,Increase in production and consumption in an economy.,20,Economic growth is a key economic concept,True
C29694066,Orthodontics,['Medicine'],"specialty ofu00a0dentistry that deals with the diagnosis, prevention, and correction of malpositioned teeth and jaws, and misaligned bite patterns",35,Dental specialty for diagnosis and correction of malocclusions.,36,Orthodontics is a dental health specialty,False
C202444582,Pure mathematics,['Mathematics'],mathematics which studies entirely abstract concepts,26,Mathematics studying entirely abstract concepts.,26,Pure mathematics is a mathematics discipline,True
C180747234,Cognitive psychology,['Psychology'],subdiscipline of psychology,32,Subdiscipline of psychology focusing on mental processes.,32,Cognitive psychology is a psychology subfield,True
C59822182,Botany,['Biology'],science of plant life,11,Science of plant life.,11,Botany is a biological science,True
C118084267,Positive economics,['Economics'],branch of economics,20,Branch of economics focusing on factual statements.,20,Positive economics is an economics branch,True
C99508421,Physical medicine and rehabilitation,['Medicine'],branch of medicine,27,Branch of medicine focused on physical function restoration.,27,Physical medicine and rehabilitation is a medical field,True
C134018914,Endocrinology,"['Biology', 'Medicine']",medical specialty,27,Medical specialty dealing with hormones and glands.,27,Endocrinology is a medical specialty,True
C200601418,Reliability engineering,['Engineering'],a sub-discipline of systems engineering that emphasizes dependability in the lifecycle management of a product or a system,22,Sub-discipline of systems engineering emphasizing dependability.,22,Reliability engineering is an engineering subfield,True
C1965285,Earth science,['Geology'],fields of science dealing with planet Earth,19,Fields of science dealing with planet Earth.,19,Earth science encompasses geology and related fields,True
C54355233,Genetics,['Biology'],"study of genes, heredity, and variation in living organisms",13,"Study of genes, heredity, and variation in living organisms.",13,Genetics is a biological science,True
C119857082,Machine learning,['Computer science'],scientific study of algorithms and statistical models that computer systems use to perform tasks without explicit instructions,17,Algorithms and models for computer systems to learn.,17,Machine learning is a computer science subfield,True
C46141821,Nuclear magnetic resonance,['Physics'],spectroscopic technique relying on the energy difference between the quantum spin states of electrons when exposed to an external magnetic field,31,Spectroscopic technique relying on quantum spin states.,31,Nuclear magnetic resonance is a physics technique,True
C57879066,Mechanics,['Physics'],science concerned with physical bodies subjected to forces or displacements,31,Science concerned with physical bodies and forces.,31,Mechanics is a physics discipline,True
C77805123,Social psychology,['Psychology'],"scientific study of social effects on people's thoughts, feelings, and behaviors",32,Scientific study of social effects on thoughts and behaviors.,32,Social psychology is a psychology subfield,True
C548259974,Audiology,['Medicine'],"branch of science that studies hearing, balance, and related disorders",27,"Science studying hearing, balance, and related disorders.",36,Audiology is a health profession,False
C41895202,Linguistics,['Philosophy'],study of human language,12,Study of human language.,16,Linguistics is a language and social science,False
C173608175,Parallel computing,['Computer science'],programming paradigm in which many calculations or the execution of processes are carried out simultaneously,17,Programming paradigm with many concurrent calculations.,17,Parallel computing is a computer science area,True
C177322064,Radiochemistry,['Chemistry'],chemistry of radioactive materials,16,Chemistry of radioactive materials.,16,Radiochemistry is a chemistry subfield,True
C145420912,Mathematics education,"['Mathematics', 'Psychology']","mathematics teaching, learning and scholarly research",26,"Teaching, learning, and research in mathematics.",27,Mathematics education is a subfield of education and math,False
C70410870,Clinical psychology,"['Medicine', 'Psychology']",integration of science and clinical knowledge for the purpose of relieving psychologically based dysfunction,32,Focuses on mental health and psychological disorders.,27,Psychology primarily published in Medicine,False
C13736549,Industrial engineering,['Engineering'],branch of engineering which deals with the optimization of complex processes or systems,22,Deals with optimization of complex processes and systems.,17,Industrial engineering is a branch of Engineering,False
C107038049,Aesthetics,"['Art', 'Philosophy']","branch of philosophy dealing with the nature of art, beauty, and taste",12,"Branch of philosophy concerning art, beauty, and taste.",multi,"Aesthetics spans Art and Philosophy, no dominant field",False
C28490314,Speech recognition,['Computer science'],automatic conversion of spoken language into text,17,Automatic conversion of spoken language into text.,17,Speech recognition is a subfield of Computer Science,True
C29456083,Gynecology,['Medicine'],science of the treatment of diseases of the female sexual organs and reproductive tract,27,Treatment of diseases of female reproductive organs.,27,Gynecology is a medical specialty within Medicine,True
C166957645,Archaeology,"['Geography', 'History']",study of human past through material culture,12,Study of human past through material remains.,34,Archaeology is primarily studied within Geography and History,False
C91586092,Atmospheric sciences,"['Geology', 'Physics']",umbrella term for the study of the atmosphere,31,Study of the Earth's atmosphere and its phenomena.,19,Atmospheric sciences fall under Earth and Planetary Sciences,False
C118552586,Psychiatry,"['Medicine', 'Psychology']","branch of medicine devoted to the study, diagnosis, treatment, and prevention of mental disorders",27,"Diagnosis, treatment, and prevention of mental disorders.",27,Psychiatry is a branch of Medicine,True
C204321447,Natural language processing,['Computer science'],field of computer science and linguistics,17,Field of computer science and linguistics for language understanding.,17,Natural language processing is a Computer Science field,True
C149923435,Demography,['Sociology'],science that deals with populations and their structures statistically and theoretically,33,Statistical and theoretical study of populations.,33,Demography is a social science,True
C73484699,Criminology,"['Psychology', 'Sociology']",study of the causes and manifestations of crime,33,Study of the causes and manifestations of crime.,33,Criminology is a social science,True
C165205528,Seismology,['Geology'],scientific study of earthquakes,19,Scientific study of earthquakes and seismic waves.,19,Seismology is part of Earth sciences,True
C18547055,International economics,['Economics'],academic discipline,20,Academic discipline focusing on global economic interactions.,20,International economics is within Economics,True
C124952713,Literature,['Art'],"polysemous term referring to a written art form, and the set of literary work",12,Refers to written artistic works and their study.,34,Literature is primarily Arts and Humanities,False
C118615104,Discrete mathematics,['Mathematics'],study of discrete mathematical structures,26,Study of discrete mathematical structures.,26,Discrete mathematics is a Mathematics subfield,True
C171250308,Nanotechnology,['Materials science'],field of applied science whose theme is the control of matter on atomic and (supra)molecular scale,25,Control of matter on atomic and molecular scales.,26,Nanotechnology is a Materials Science field,False
C126348684,Polymer science,"['Chemistry', 'Materials science']",subfield of materials science concerned with polymers such as plastics and elastomers,25,Subfield of materials science concerned with polymers.,16,Polymer science is a Chemistry subfield,False
C136229726,Biomedical engineering,"['Engineering', 'Medicine']",application of engineering principles and design concepts to medicine and biology for healthcare purposes,22,Application of engineering to medicine and biology.,26,"Biomedical engineering is interdisciplinary, but primarily Engineering",False
C545542383,Medical emergency,['Medicine'],injury or illness that is acute and poses an immediate risk to a person's life or long term health,27,Acute injury or illness posing immediate risk to life.,27,Medical emergency is a medical concept within Medicine,True
C149635348,Embedded system,"['Computer science', 'Engineering']",computer system with a dedicated function within a larger mechanical or electrical system.,17,Computer system with dedicated function in larger system.,17,Embedded systems are studied within Computer Science,True
C60644358,Bioinformatics,['Biology'],study of biological data and sequences,13,Study of biological data and sequences.,17,Bioinformatics is a subfield of Computer Science,False
C167562979,Classical economics,['Economics'],,20,Study of economic theories and principles.,20,Classical economics is a branch of Economics,True
C4249254,Demographic economics,['Economics'],,20,Study of population dynamics in economics.,20,Demographic economics is within Economics,True
C42475967,Operations research,"['Engineering', 'Mathematics']",discipline that deals with the application of advanced analytical methods to help make better decisions,18,Application of analytical methods for decision making.,16,Operations research is an interdisciplinary field but often associated with Mathematics and Engineering,False
C2549261,Ethnology,"['History', 'Sociology']",,33,Study of different cultures and peoples.,33,Ethnology is a social science,True
C80444323,Theoretical computer science,['Computer science'],subfield of computer science and mathematics,17,Subfield of computer science and mathematics.,27,Theoretical computer science is a subfield of Computer Science,False
C133731056,Control engineering,['Engineering'],engineering discipline that applies automatic control theory to design systems with desired behaviors in control environments,22,Design of systems using automatic control theory.,23,Control engineering is a branch of Engineering,False
C42407357,Physiology,"['Biology', 'Medicine']",science of the function of living systems,27,Science of the function of living systems.,26,Physiology is a biological science,False
C169760540,Neuroscience,"['Biology', 'Psychology']",scientific study of the central nervous system,28,Scientific study of the central nervous system.,28,Neuroscience is a branch of Biology and Psychology,True
C2989005,Nuclear medicine,['Medicine'],medical specialty,27,Medical specialty using radioactive substances.,27,Nuclear medicine is a medical specialty within Medicine,True
C42219234,Anesthesia,['Medicine'],state of medically controlled temporary loss of sensation or awareness,27,Temporary loss of sensation or awareness for medical procedures.,27,Radiology is a medical imaging specialty within Medicine,True
C162853370,Marketing,['Business'],economic activity encouraging purchase or sale of products or services in a market,14,Encouraging purchase or sale of products or services.,15,Automotive engineering is a branch of Engineering,False
C159110408,Nursing,['Medicine'],activity within the health care sector,29,Activity within the health care sector focused on patient care.,36,Activity within healthcare sector,False
C90856448,Zoology,['Biology'],study of the animal kingdom,11,Study of the animal kingdom and its inhabitants.,24,Study of animals in biology,False
C33070731,Toxicology,['Biology'],"branch of biology, chemistry, and medicine",30,Study of adverse effects of chemical substances.,24,"Branch of biology, chemistry, and medicine",False
C126255220,Mathematical optimization,['Mathematics'],study of mathematical algorithms for optimization problems,26,Study of algorithms for optimization problems.,26,Mathematical optimization primarily in Mathematics,True
C95124753,Environmental ethics,['Philosophy'],part of environmental philosophy,33,Ethical considerations regarding the environment.,33,Environmental ethics mainly in Social Sciences,True
C187736073,Management,['Economics'],"administration of an organization, including activities to set the strategy of an organization and coordinate employees to accomplish its objectives",14,Administration of an organization and setting strategy.,14,"Management studies in Business, Management and Accounting",True
C116915560,Nuclear engineering,['Engineering'],applied science,22,Applied science focused on nuclear energy and applications.,22,Nuclear engineering belongs to Engineering,True
C126838900,Radiology,['Medicine'],specialty that uses medical imaging to diagnose and treat diseases seen within the body,27,Medical specialty using imaging to diagnose and treat.,27,Radiology is a Medical specialty,True
C171146098,Automotive engineering,['Engineering'],discipline of engineering,22,Discipline of engineering related to vehicles.,22,Automotive engineering is Engineering,True
C524765639,Water resource management,['Environmental science'],management of water by humans,23,Management of water resources by humans.,23,Water resource management is part of Environmental Science,True
C16674752,Mining engineering,"['Engineering', 'Geology']","engineering discipline that involves the practice, the theory, the science, the technology, and applicatIon of extracting and processing minerals from a naturally occurring environment",22,Engineering discipline for extracting resources from the earth.,23,Mining engineering is a branch of Engineering and Geology,False
C31903555,Food science,"['Biology', 'Chemistry']",applied science devoted to the study of food,11,Applied science devoted to the study of food.,16,Food science is a Chemistry and Biology interdisciplinary field,False
C144237770,Mathematical economics,"['Economics', 'Mathematics']",application of maths in economy,26,Application of mathematics in economics.,20,Mathematical economics applies mathematics within Economics,False
C117671659,Manufacturing engineering,['Engineering'],"discipline of engineering dealing with various manufacturing sciences and practices including the research, design and development of systems, processes, machines, tools, and equipment",22,Engineering dealing with manufacturing processes and practices.,16,Manufacturing engineering is a branch of Engineering,False
C55493867,Biochemistry,"['Biology', 'Chemistry']",study of chemical processes in living organisms,13,Study of chemical processes within living organisms.,16,Biochemistry is a subfield of Biology and Chemistry,False
C164705383,Cardiology,['Medicine'],,27,Medical specialty focused on the heart and blood vessels.,27,Cardiology is a medical specialty within Medicine,True
C111919701,Operating system,['Computer science'],software that manages computer hardware resources,17,Software that manages computer hardware resources.,17,Operating system is a Computer Science concept,True
C131872663,Obstetrics,['Medicine'],"field of study concentrated on pregnancy, childbirth, and the postpartum period",27,"Field focused on pregnancy, childbirth, and postpartum.",27,Obstetrics is a medical specialty within Medicine,True
C188027245,Polymer chemistry,"['Chemistry', 'Materials science']","chemistry subdiscipline that deals with the structures, chemical synthesis and properties of polymers",16,Focuses on chemical synthesis and properties of polymers.,16,Chemistry subdiscipline focusing on structures and synthesis,True
C100001284,Public economics,['Economics'],study of government economic and fiscal policy,20,Deals with government economic and fiscal policy.,20,Economics-focused study of government fiscal policies,True
C105795698,Statistics,['Mathematics'],"study of the collection, organization, analysis, interpretation, and presentation of data",26,"Core discipline for data collection, analysis, and interpretation.",26,Mathematics study of data collection and analysis,True
C77088390,Database,['Computer science'],organized collection of data in computing,17,Fundamental concept in computer science for data organization.,17,Computer science discipline involving data organization,True
C53553401,Genealogy,['History'],study of families and the tracing of their lineages and history,12,Historical and genealogical research falls under humanities.,34,History-focused study of family lineages and genealogy,False
C3116431,Public administration,['Political science'],"generic term for the administrations that perform tasks of the state, including bodies governed by public law",33,Study of government and state administration.,34,Political science area related to government administration,False
C124101348,Data mining,['Computer science'],"process of discovering patterns in large data sets using computational methods at the intersection of statistics, database systems, or machine learning",17,Involves computational methods for large data sets.,17,Computer science process for discovering data patterns,True
C70721500,Computational biology,['Biology'],"data-analytical and theoretical methods, mathematical modeling and computational simulation techniques to the study of biological, behavioral, and social systems",13,Applies computational methods to biological data.,13,Biology field involving computational and mathematical methods,True
C190253527,Law and economics,"['Economics', 'Sociology']",application of economic theory to analysis of legal systems,20,Applies economic theory to legal systems.,36,Medicine and biology intersection analyzing chemicals in organisms,False
C199539241,Law,['Political science'],,33,Study of legal systems and their societal impact.,36,Medical discipline focused on legal aspects of health,False
C111472728,Epistemology,['Philosophy'],,12,Philosophical inquiry into knowledge and belief.,34,Philosophy branch studying knowledge,False
C42360764,Chemical engineering,['Engineering'],"branch of science that applies physical sciences and life sciences together with applied mathematics and economics to produce, transform, transport, and properly use chemicals, materials and energy",15,Applies physical sciences and engineering principles.,23,Engineering branch applying physical and life sciences,False
C111368507,Oceanography,['Geology'],branch of Earth science that studies the ocean,19,Scientific study of the Earth's oceans.,19,Earth science branch studying oceans,True
C58640448,Cartography,['Geography'],study of making maps,19,Study and creation of maps.,34,Geography discipline involving map creation,False
C74650414,Classical mechanics,['Physics'],"sub-field of mechanics, which is concerned with the set of physical laws describing the motion of bodies under the action of a system of forces",31,Fundamental branch of physics describing motion.,32,Physics sub-field describing physical laws of motion,False
C109214941,Particle physics,['Physics'],branch of physics,31,Branch of physics studying subatomic particles.,31,Physics branch studying fundamental particles,True
C98274493,Pharmacology,"['Biology', 'Medicine']",study of the interactions that occur between a living organism and chemicals that affect normal or abnormal biochemical function,30,Study of drug interactions with living organisms.,36,Biology and medicine study of chemicals affecting organisms,False
C24326235,Electronic engineering,['Engineering'],"electrical engineering discipline which utilizes nonlinear and active electrical components to design electronic circuits, devices, and their systems",22,Focuses on electronic components and circuits.,23,Engineering discipline involving electrical components,False
C39549134,Public relations,['Political science'],broad term for the management of public communication of organizations,33,Management of public communication for organizations.,34,Political science area managing organizational communication,False
C115903868,Software engineering,"['Computer science', 'Engineering']",application of systematic approaches to developing software,17,Systematic approach to software development.,17,Computer science application in software development,True
C78762247,Petroleum engineering,"['Engineering', 'Geology']","field of engineering concerned with the activities related to the production of hydrocarbons, which can be either crude oil or natural gas",22,Engineering focused on hydrocarbon production.,23,Engineering field related to hydrocarbon production,False
C88463610,Agricultural engineering,['Engineering'],applied science,11,Application of engineering principles to agriculture.,23,Engineering discipline focused on agricultural systems,False
C509550671,Medical education,['Medicine'],education related to the practice of being a medical practitioner,27,Education and training for medical practitioners.,36,Medical education related to healthcare training,False
C77595967,Forensic engineering,['Engineering'],investigation of failures,22,Investigating failures in engineering contexts.,23,Engineering discipline investigating structural failures,False
C112930515,Risk analysis (engineering),"['Business', 'Medicine']",Scientific assessment and study of risks,22,Scientific assessment of risks in engineering projects.,16,Engineering field assessing risks in systems,False
C187212893,Pediatrics,['Medicine'],field of medicine dealing with the care of children,27,Medical care specifically for children.,27,Medicine specialty focused on child health,True
C24890656,Acoustics,['Physics'],"science that deals with the study of all mechanical waves in gases, liquids, and solids including vibration, sound, ultrasound and infrasound",31,"Study of mechanical waves, including sound.",36,Physics branch studying mechanical waves,False
C31972630,Computer vision,['Computer science'],computerized information extraction from images,17,Extracting information from images using computers.,17,Computer science area extracting info from images,True
C56739046,Knowledge management,['Computer science'],"process of creating, sharing, using and managing the knowledge and information of an organization",17,Managing and sharing organizational knowledge.,16,Computer science process managing organizational knowledge,False
C201995342,Systems engineering,['Engineering'],interdisciplinary field of engineering and engineering management that focuses on how to design and manage complex systems over their life cycles,22,Interdisciplinary engineering and management of complex systems.,23,Engineering discipline focusing on system design,False
C120665830,Optics,['Physics'],branch of physics concerning light,31,Branch of physics concerning the behavior of light.,31,Physics branch concerning light phenomena,True
C87717796,Environmental engineering,"['Engineering', 'Environmental science']",integration of sciences and engineering principles to improve the natural environment for life,23,Applying engineering to improve the natural environment.,23,Engineering field integrating sciences to improve environment,True
C159390177,Soil science,"['Environmental science', 'Geology']",study of soil as a natural resource on the surface of the earth,11,Study of soil as a natural resource.,23,Environmental science study of soil resources,False
C78458016,Evolutionary biology,['Biology'],sub-field of biology,11,Study of biological evolution and diversity.,13,Biology sub-field studying evolution,False
