fid,display_name,description
32,Psychology,study of mental functions and behaviours
17,Computer Science,study of computation
26,Mathematics,"area of knowledge that includes the topics of numbers, formulas and related structures, shapes and the spaces in which they are contained, and quantities and their changes"
11,Agricultural and Biological Sciences,"study of plant and animal biology for food, fuel, fiber, and reclamation, including environmental and economic impacts"
27,Medicine,"field of study for diagnosing, treating and preventing disease"
29,Nursing,caring for people who are sick or injured
28,Neuroscience,scientific study of the nervous system
12,Arts and Humanities,"examination of human culture, including art, literature, philosophy, history, and artifacts"
34,Veterinary,"branch of medicine that deals with the prevention, management, diagnosis, and treatment of disease, disorder, and injury in non-human animals"
25,Materials Science,"research, discovery and design of physical materials (especially solids)"
23,Environmental Science,interdisciplinary field that studies human interaction with the environment
33,Social Sciences,academic disciplines concerned with society and the relationships between individuals in society
31,Physics and Astronomy,"study of matter and its motion, along with related concepts such as energy and force"
13,"Biochemistry, Genetics and Molecular Biology",study of chemical processes in living organisms
16,Chemistry,"branch of physical science concerned with the composition, structure and properties of matter"
15,Chemical Engineering,"branch of science that applies physical sciences and life sciences together with applied mathematics and economics to produce, transform, transport, and properly use chemicals, materials and energy"
14,"Business, Management and Accounting",administration of a commercial enterprise
22,Engineering,"practice of using natural science, mathematics, and the engineering design process to solve technical problems"
20,"Economics, Econometrics and Finance","social science that studies the production, distribution, and consumption of goods and services"
18,Decision Sciences,branch of applied probability theory
35,Dentistry,branch of medicine dealing with oral health and teeth
21,Energy,"study of energy in physical systems, its sources, technology, management, and impact on sustainability"
30,"Pharmacology, Toxicology and Pharmaceutics",branch of biology concerning drugs
36,Health Professions,"field encompassing a wide range of disciplines focused on health care, treatment, and advice, including public health and occupational therapy"
19,Earth and Planetary Sciences,all fields of natural science related to the planet Earth and other planets
24,Immunology and Microbiology,"study of the immune system and microorganisms, including their roles in health and disease"
