cidx,precision_est,n_reservoir,p_notag
94,0.970604733190633,20,
154,0.9550605294225969,20,
230,0.9772781259179796,20,
423,0.9662857810087264,20,0.9804734939272757
804,0.9483458645609012,20,
879,0.973216713986098,20,
1002,0.9822668409562179,20,
1242,0.9590997562953651,20,0.9781379469062728
1274,0.9540454060386254,20,
1371,0.9699687876943222,20,0.9779034941281859
1847,0.9683176016628021,20,
1980,0.9579678147188131,20,0.9760024096521654
2125,0.9803501445925065,20,
2176,0.9697824621402802,20,
2300,0.9570882484237326,20,
2324,0.9740672327198935,20,
2386,0.9520094148267739,20,0.973032025187652
2614,0.9727520432016703,20,0.9859118505875928
2713,0.9529527933281836,20,
2880,0.953442766532846,20,0.9761808684468125
2935,0.9738428432776145,20,0.9845976219459918
2949,0.9492910851836246,20,0.9741196280824181
3048,0.9794719695554293,20,
3233,0.9809779884009371,20,
3285,0.9800646748386409,20,
3583,0.9792976609240878,20,
3760,0.9774074091333919,20,
4036,0.9562351577634308,20,0.9765890432644649
4235,0.9759241647928235,20,
4446,0.9671755225844721,20,
4460,0.9711311248104193,20,0.9848980185138116
4702,0.9624452585281047,20,
5256,0.9670515460086486,20,
5275,0.9576630643137047,20,
5284,0.9764423936972865,20,
5992,0.9739068041252326,20,
6133,0.955233161107029,20,
6156,0.9734868643186605,20,0.9852745045653418
6266,0.9714470657378923,20,
6313,0.9500924324805704,20,0.9778834748877155
6427,0.9744809529548906,20,0.9863544308782565
6538,0.9676074675512696,20,
6545,0.9703631995172269,20,0.9815152406055858
6827,0.9470708167848889,20,0.9730425585981426
6855,0.9533670866191646,20,0.9757256901420673
6960,0.9442263004366612,20,
7077,0.9684906101521197,20,0.9801441537937599
7326,0.9702607825972877,20,
7383,0.9547524948214079,20,0.9723271138071351
7481,0.9781209764280027,20,0.9868532972939285
7527,0.9827281671191592,20,
7572,0.9521410740384141,20,0.9756245820395044
7714,0.9816138230401693,20,
7727,0.9489849182410113,20,0.9731355855827821
7953,0.9818164662802926,20,0.9898425072371307
7969,0.988702461293399,20,
8035,0.9468620284036643,20,0.9699789458473236
8153,0.9502202978680468,20,
8182,0.9721154279851051,20,0.98361117245336
8383,0.9862588457940138,20,
8384,0.9578809022778838,20,0.9772643273425825
8477,0.9500443278075561,20,
8820,0.9732719048738423,20,0.9849264584899173
8942,0.9757403113689911,20,0.985743429036777
8951,0.9809108787995937,20,
8963,0.9703159118683711,20,0.9837583095078358
9023,0.9720464878556992,20,0.9854948434492135
9035,0.9593311709852002,20,
9078,0.9767470137206218,20,
9200,0.970218324290378,20,
9380,0.9674873480482862,20,
9400,0.9540055398172305,20,0.9751384504039456
9432,0.9717809203823038,20,0.983250780546072
9457,0.9734361377077398,20,
9466,0.9531869620751066,20,
9974,0.9679367751745926,20,
10019,0.9719110651966547,20,
10144,0.9706466379442494,20,0.9829823706015436
10277,0.9791054182641685,20,
10354,0.9812735682719987,20,
10512,0.9902686568384731,20,
10535,0.9710424229962593,20,
10710,0.9652083338912358,20,0.9781964798943619
10713,0.969127569814044,20,0.9837061035275875
10882,0.9761707505091459,20,
10945,0.97084712431867,20,
10948,0.9793622054235609,20,0.9882616983951402
11040,0.9769595349363808,20,
11110,0.9724743720653957,20,
11189,0.958949156191433,20,0.9773600992829591
11317,0.9583894958614054,20,
11818,0.9769994938196577,20,
12129,0.9815813027663826,20,
12174,0.9755901344333043,20,
12237,0.9555904397653597,20,
12489,0.956244693980939,20,
12520,0.9714910755115813,20,0.9841453591123346
12895,0.9873672312779498,20,
12932,0.9762231793537545,20,
12940,0.9669867850081569,20,
13090,0.9560445758370364,20,
13123,0.9734157884845033,20,0.9844520201366925
13362,0.9489073043381555,20,
13450,0.9801736315057115,20,
13460,0.9808820638327591,20,0.9895734070306275
13491,0.9715819340839019,20,0.9853052561064151
13492,0.9796892129039149,20,0.9908074538228361
14109,0.9847403910716979,20,
14183,0.9573361568761592,20,
14257,0.9592555164660611,20,
14261,0.9722653555115857,20,
14269,0.9828083314152783,20,
14423,0.9700094418238547,20,0.9825671086607811
14548,0.9860736365564563,20,
14555,0.968026999783944,20,
14668,0.9467559883534185,20,0.9740495565643557
14775,0.9685497234429779,20,
15539,0.9706276310648319,20,
15889,0.950069626016797,20,0.9756164456085902
16014,0.9781406449771721,20,0.9883790087447927
16076,0.9795605630092636,20,
16284,0.980732794793197,20,
16329,0.9431762426830925,20,0.9684830592550342
16486,0.9708927071322627,20,0.9838228298748346
16520,0.9729189768690828,20,0.9846184831191823
16526,0.9743057816882006,20,0.9851362696854218
16812,0.9732986206108318,20,0.9836222222451438
16967,0.9567886561435772,20,0.9775374958894121
17027,0.9673105727989547,20,0.9781449599831669
17303,0.9736813401500626,20,
17397,0.9528310173707197,20,
17431,0.9644449781892567,20,
17534,0.9706598588963635,20,
17605,0.9823149266114191,20,
17710,0.9711386053727278,20,
17966,0.9725552248791469,20,
18029,0.9543026116976877,20,0.9732695413641063
18049,0.970064950607848,20,0.9799705725991431
18064,0.9818482217255141,20,0.9884478124777423
18424,0.9718226473900877,20,
18471,0.9783732668632107,20,
18612,0.9710121505568445,20,0.9845363160559472
18679,0.9725290104786992,20,
18682,0.9569173104758664,20,
18695,0.979242584075242,20,
18727,0.9709782284957134,20,0.9837831767423384
18898,0.9555590480373123,20,0.9771887438186139
18917,0.9575427625535718,20,
18929,0.973172299797532,20,0.9845668977009431
19016,0.9723440533492562,20,
19068,0.9724329538395746,20,0.9850534293111353
19080,0.9696577771317376,20,0.985467729653219
19126,0.9520454810969732,20,0.9724252477134454
19397,0.9635654035899925,20,
19555,0.9700638549269429,20,
19557,0.9742300961928503,20,0.9852423395143775
19613,0.9819507725760686,20,
19739,0.9715305133677653,20,0.9820147303754306
19754,0.95473948904419,20,
19975,0.9700022612614767,20,
20084,0.9530288210011125,20,
20103,0.9714245782840514,20,0.9839439949410799
20369,0.9646458120834204,20,0.9835723884859869
20411,0.9715736208584527,20,0.9856324792675343
20441,0.9802216298812836,20,0.989044581738076
20598,0.9503854628613922,20,0.9747653555369068
20834,0.9717423163404352,20,0.9830664957930803
20857,0.9792930916614189,20,
20886,0.9737512229156225,20,0.9848718016012071
21126,0.979071000649317,20,
21135,0.9517873972319993,20,
21297,0.9725280306792475,20,0.985018745845061
21493,0.9725504598393753,20,
21518,0.9489084324770095,20,0.9715451503201906
21555,0.9709410337587308,20,0.984172396811681
21771,0.9791380865615957,20,0.9881255193478404
22352,0.9708368169326361,20,
22458,0.9791718286357142,20,
22815,0.9793222811768804,20,0.9878497132965502
22864,0.9797533474397705,20,
23100,0.9713182527605133,20,0.9839651914816361
23117,0.9523120829894245,20,
23535,0.9686297081384749,20,0.9828168888972232
23640,0.978572409612011,20,
23701,0.9732809254196793,20,0.985460385734279
23818,0.949393737837231,20,0.970549850325803
23839,0.9719651521170235,20,
23966,0.9859280528865322,20,
24051,0.9700455254857179,20,
24373,0.9810769595082711,20,0.9890455181895682
24714,0.9489181889310018,20,0.9706654476764629
24896,0.9637744901304026,20,
25092,0.9543730235540513,20,
25258,0.9739150706007459,20,0.9851369401287982
25333,0.983784994684663,20,
25363,0.9568510360845135,20,0.9766702726572553
25655,0.9449200042193672,20,
25826,0.9467059009362405,20,0.9742950708219881
25992,0.9712947450115772,20,0.9843977700165144
26002,0.9818313486870428,20,
26313,0.9521620624306252,20,
26544,0.9733202062131021,20,
26648,0.9859655703499215,20,
26679,0.9553145537630767,20,0.9767089456689428
26872,0.9796116319564888,20,
27155,0.9698068354302729,20,
27541,0.9811111999096183,20,
27551,0.9573595297080442,20,0.9742818771323675
27661,0.9721834865749834,20,0.9842282880164781
27682,0.9808474420552837,20,
27705,0.9728585075771109,20,0.9849437862527144
27738,0.9709477316005468,20,
27840,0.9593685668707195,20,0.9775025094924309
28012,0.9721781482849086,20,0.9826824969173756
28318,0.9793381847576418,20,
28347,0.955449557507307,20,
28496,0.9442639289491156,20,
28498,0.9700680120019751,20,
28818,0.9581413752576398,20,
28859,0.9870042620883052,20,
28984,0.954888464773938,20,
29098,0.9559075614191048,20,
29245,0.9818054052823806,20,
29285,0.9554955273182262,20,0.977591688658619
29366,0.9558563367937991,20,
29563,0.9506183991454218,20,
29623,0.9806782141952113,20,
29684,0.9805211087362725,20,
29698,0.9560475324188851,20,
29705,0.9731184354229165,20,
29726,0.9746677539058215,20,0.9852814339041834
29867,0.9811326042035649,20,0.9897068841649513
29879,0.9546645790498933,20,
29889,0.9521748264180785,20,
29937,0.9533510942873624,20,0.9753917736189712
29941,0.9540734904864209,20,0.9790178820105967
30015,0.9559551763836973,20,
30038,0.9800680861817493,20,0.9892665891054193
30062,0.9791793598779004,20,
30085,0.9779517147164867,20,
30099,0.9511775500413124,20,
30284,0.9804554732748123,20,
30406,0.9703876757213298,20,
30428,0.9711507021107375,20,0.9833155949006296
30614,0.958465199621064,20,
30664,0.9530621196001524,20,
30667,0.9716234203931876,20,0.9851305747837257
30699,0.9524346851267709,20,
30731,0.9819960715868291,20,
30756,0.9570241330336999,20,
30789,0.9676687911258817,20,
30814,0.9862306392294686,20,
30823,0.9559040197878172,20,
30826,0.9846679618368057,20,
30868,0.9738975855109995,20,0.9856795193069402
30938,0.9504540981927793,20,
30959,0.9802521424641656,20,0.9886621009753328
31030,0.9868556810065867,20,0.9928594333593773
31087,0.9589493596595986,20,
31134,0.9548292947310129,20,
31154,0.9549604572130912,20,
31169,0.971880641854057,20,0.9858273765438699
31383,0.9744219304835722,20,
31451,0.9805032430327991,20,
31499,0.9938579270709962,20,
31713,0.9567004983491433,20,
31744,0.9560563775113392,20,
31801,0.9551197814138016,20,
31858,0.9686751474085724,20,
31896,0.9725856190364046,20,0.9841626984334834
31916,0.9799344487129222,20,0.990320375606057
32035,0.953661699141208,20,
32193,0.9562940923470846,20,
32354,0.950437952385079,20,0.9734726377774732
32413,0.9526081567363569,20,
32676,0.9562614949597357,20,
32724,0.9702537528137112,20,
32782,0.9727955880217426,20,
32910,0.9670356445528643,20,0.9788137133093804
32945,0.954855715347555,20,
33152,0.954544380985838,20,
33157,0.9565940675644654,20,
33266,0.9713589524737974,20,0.9850506781817133
33268,0.9583372098848665,20,
33290,0.9708414530910771,20,
33450,0.9536753359258029,20,
33463,0.9684322842148692,20,0.9812330691105947
33482,0.9880713143385638,20,
33497,0.9792651607285467,20,
33513,0.9535937625148986,20,0.9774796486983798
33619,0.9811632547388257,20,
33659,0.9575954480195235,20,
33704,0.9547318471662614,20,0.9759777033345829
33711,0.9912006632040807,20,
33715,0.9552777062584109,20,
33733,0.9597105044734094,20,
33785,0.9563360379821118,20,
33808,0.9867660307047101,20,
33909,0.9555440118071397,20,
33912,0.9554151510825921,20,0.9766567545791149
34056,0.9704493747556644,20,0.9860066385756316
34127,0.9566039516475697,20,0.974734376956617
34222,0.971768137863646,20,
34314,0.9682208627060558,20,0.9843015628573831
34344,0.9785016888926631,20,
34360,0.9533847828263985,20,
34466,0.9710028958906859,20,
34596,0.9724115964689071,20,
34746,0.9560946090029094,20,
34786,0.9565805671381163,20,
34799,0.9534470649156048,20,
34842,0.9712083047570885,20,0.9848500915981437
34891,0.9712168117631729,20,0.9844684108360222
34894,0.9522395985903443,20,
34901,0.9572110520569643,20,
34947,0.9716264236762194,20,0.9835018715710885
34961,0.9775710225058771,20,
35010,0.9545567215571014,20,0.9758455822076507
35052,0.9688492899864961,20,
35076,0.9717718072270964,20,
35154,0.9577782657667646,20,
35291,0.9782008673872026,20,0.9894087794712922
35340,0.9866206752530683,20,0.9926711703792438
35355,0.9805450045533817,20,
35471,0.9545591653682471,20,
35545,0.987348382202694,20,0.9938930704629287
35564,0.9560711008927818,20,
35751,0.9539648569134632,20,
35752,0.9740966294416973,20,0.986374296889815
35781,0.9714754027639841,20,
35910,0.9913651141037642,20,
35971,0.954553966599135,20,
36034,0.9721854713962739,20,0.9863367900191521
36188,0.9694676796308748,20,
36284,0.9544662923282308,20,
36364,0.956963639527489,20,
36379,0.9865920001893201,20,
36409,0.9853015784164741,20,
36545,0.9690063615192621,20,
36777,0.954335003710846,20,
36872,0.9721109074455914,20,0.9833543766273897
37067,0.9705987592287219,20,
37079,0.9565148901155431,20,
37268,0.9581443449087013,20,0.971690980667813
37289,0.9710346963253006,20,
37294,0.9718837163185718,20,
37306,0.9555300063188354,20,
37315,0.974269684026566,20,
37352,0.95662368140345,20,
37363,0.9535213849929262,20,
37523,0.9788487852550706,20,
37525,0.9543786437196278,20,0.9752615306885815
37601,0.955554218401627,20,
37656,0.9540875578985668,20,
37695,0.9820876834367894,20,
37708,0.9552935563160819,20,
37865,0.9708170064186362,20,
37875,0.9741140990781298,20,0.9853729749256627
37885,0.9546483971750297,20,
37916,0.9549992265342032,20,
37939,0.972378615232806,20,
38029,0.9706692874242249,20,
38231,0.9739543064196768,20,
38254,0.9686151249567239,20,
38336,0.956736867991039,20,0.9759431835379413
38429,0.9863311369208938,20,
38478,0.9761191821981795,20,0.9862835265663434
38589,0.9819582681166199,20,
38878,0.9548456232500641,20,
38959,0.9553850193931253,20,0.9752095986544485
38988,0.9565635833858248,20,
39087,0.9808782488006532,20,
39090,0.9556246764682189,20,
39221,0.9688608715447107,20,
39228,0.952951953441638,20,
39244,0.9702721142012034,20,
39390,0.9784294610315198,20,
39602,0.9740238576923973,20,0.9854275842679374
39682,0.9813909978630418,20,
39766,0.9730569710149762,20,0.9856119435017114
39834,0.9537449185320085,20,0.9767762661342945
39866,0.9543108297732426,20,
40031,0.955229464440795,20,
40068,0.9868514244594145,20,
40070,0.9661730332810249,20,
40084,0.9576711767110128,20,
40220,0.9547014501913171,20,
40398,0.9560163688224461,20,0.9758689158136586
40463,0.9558204430540815,20,
40470,0.9576845204435818,20,0.9786574643261342
40513,0.9804532175996965,20,
40614,0.9531527378014746,20,
40685,0.9705026410257694,20,0.9855734836294818
40718,0.9568888749371242,20,0.9769177282464844
40749,0.980655802748907,20,
40773,0.9725133579612605,20,
40813,0.9507215510788845,20,
40823,0.9560999169541156,20,
40842,0.9802525315437721,20,
40902,0.9822054637006387,20,0.9893984463919449
40927,0.9875177360440824,20,0.9926205171531388
41020,0.9573606372340147,20,0.9796938601585191
41043,0.9540249291386568,20,0.9770530449095627
41060,0.9559600869910836,20,
41090,0.9705597328153273,20,
41113,0.9705479731902422,20,
41141,0.9714794998019833,20,
41226,0.9534584645612846,20,
41252,0.9737172206453998,20,
41385,0.986788891027649,20,
41425,0.952915434448434,20,
41448,0.9563134853043215,20,
41505,0.9540642516079949,20,
41507,0.9794954633370047,20,
41952,0.9521699296672056,20,0.9740915616044535
42109,0.9542700724730956,20,
42175,0.9666776492038766,20,
42309,0.9563149660768404,20,
42328,0.9541683518837683,20,
42376,0.9815573039103411,20,0.9905917486352888
42409,0.9551607977431885,20,
42470,0.9726919888130838,20,
42553,0.9871009698490937,20,
42629,0.9675925101339056,20,
42658,0.9534886179074521,20,
42720,0.9541108203670359,20,0.9755906876395822
42761,0.9558994853829906,20,0.9756880096298695
42890,0.9545117703454267,20,0.9770541166139585
42951,0.9546203928965735,20,0.9761887881430785
43007,0.9721826150812142,20,
43091,0.9728980565906576,20,
43093,0.9579358656984003,20,0.9761686598773933
43198,0.9812380476301854,20,0.9892316934231025
43339,0.9558008816148167,20,
43349,0.9802063572754827,20,0.9889143398079752
43513,0.9798286859241901,20,0.9894544003938531
43629,0.9559086650928463,20,0.9795832201498973
43679,0.9544718912713905,20,
43680,0.9570340403174832,20,
43685,0.9783244262360549,20,
43738,0.9802444905581893,20,
43741,0.9586421231972618,20,
43795,0.9603996976777436,20,
43798,0.9675552933062679,20,0.9836618579866953
43828,0.9553194489539042,20,0.9754234373211081
43852,0.9710329683059686,20,
43893,0.9555909103176145,20,
43912,0.9554460362569079,20,
44030,0.9810343009686303,20,
44096,0.9547315454398202,20,
44130,0.970813906423518,20,
44211,0.9574010276014853,20,
44295,0.9541388998171169,20,0.9780652056802015
44333,0.9567012960121237,20,
44519,0.9705233603592391,20,0.9813299700383549
44711,0.956241164313567,20,
44745,0.9552498426403695,20,
44926,0.9579575991014421,20,
44931,0.9572686729387356,20,
45040,0.9864025008085922,20,
45108,0.9563743299701924,20,
45143,0.956721819935793,20,
45189,0.9770261995786911,20,
45274,0.9560419255043728,20,
45304,0.9546540747017469,20,0.9757860137585691
45431,0.9721320551830116,20,0.9823063440039008
45625,0.9684318897469604,20,0.984566115868791
45680,0.9711295660693535,20,
45696,0.9571368644110209,20,
45740,0.9798882931329244,20,
45802,0.9720908719453248,20,0.9846650906550547
45815,0.9557130045076899,20,
45854,0.9710051514029677,20,
45953,0.9576574604598989,20,
45958,0.9545553263071715,20,
46067,0.9571819367813253,20,0.9770066974271905
46174,0.9710697718190344,20,0.983996038831544
46185,0.9730335542535163,20,
46199,0.9777011368985477,20,
46286,0.9532559207397595,20,
46291,0.9860064841888907,20,0.9927584016015729
46304,0.9811792305524281,20,
46391,0.9574320344532262,20,
46462,0.9809088602268913,20,0.9863165964220053
46473,0.9762242337432179,20,
46541,0.9553335145246094,20,
46560,0.9827031497159557,20,
46666,0.991425017662998,20,
46760,0.9815919646431583,20,0.9900073738118856
46767,0.9534313674327016,20,
46946,0.9472698767385868,20,
46982,0.9555249954687441,20,
47011,0.953872928864641,20,0.9752696873923236
47055,0.95541699028231,20,0.9685854864867435
47161,0.9671053758881516,20,
47181,0.9555085154587484,20,
47227,0.9553990050054448,20,
47359,0.9773591915754016,20,
47493,0.9543651827909769,20,
47506,0.9557786986580616,20,
47529,0.9714724715504872,20,
47590,0.9700346028160979,20,
47755,0.9803607683425225,20,0.9894840856333985
47774,0.9716376837310292,20,
47871,0.9715113206930808,20,
47997,0.9566956375611488,20,
48004,0.95299797370539,20,
48007,0.972389980010111,20,0.9835943685369007
48043,0.956767554855819,20,
48171,0.9480940883332603,20,
48195,0.956009288900213,20,0.9751715926019131
48218,0.9552670571385373,20,
48262,0.9551999326329488,20,
48331,0.9579727327998091,20,
48363,0.971000645218776,20,
48434,0.957292892847075,20,
48608,0.9711804344317899,20,
48811,0.9808184297281045,20,
48827,0.9707116974467921,20,
48828,0.9702763057215595,20,
48876,0.9715185283695102,20,0.9828127916008371
48892,0.9813486992074699,20,
48957,0.9558927780025737,20,
49024,0.9863561924133407,20,
49067,0.9532507445750518,20,
49100,0.9852750377212388,20,
49131,0.9722084132534254,20,0.9851451142739164
49161,0.9555954542233082,20,0.9794630872261058
49196,0.9685483025041763,20,
49241,0.9561100574058676,20,
49266,0.9570738426184258,20,
49307,0.9738493286680237,20,
49317,0.9728134960588953,20,0.9833984105264393
49359,0.99608271788466,20,
49483,0.9576187632603869,20,0.9780182893661372
49529,0.956927834952021,20,
49680,0.9682531649313242,20,0.9842927157867798
49816,0.957473765712121,20,
49870,0.9503065891298107,20,
49954,0.9578790902460174,20,0.9776881310685114
50044,0.9813102696705517,20,
50162,0.9703722292092951,20,
50165,0.9556260863450617,20,
50352,0.9705299267425916,20,
50361,0.9686989096896875,20,
50377,0.9544999695232578,20,
50498,0.952657434358185,20,
50576,0.9548117066946518,20,
50629,0.9720950816065981,20,0.9827264764651085
50938,0.9808610372920237,20,0.9898999823387865
51061,0.9806690883925084,20,0.986224889579596
51105,0.9592637874444911,20,0.9769769104388933
51155,0.9721624661353208,20,
51248,0.973000982267938,20,0.984091015043399
51266,0.9558195123910075,20,
51269,0.9729467849527651,20,
51271,0.9560418058582426,20,
51331,0.9807725124998434,20,
51612,0.9781554845849494,20,
51615,0.9698440538480202,20,
51645,0.9732448978802897,20,0.9826740023017816
51730,0.9541089874191027,20,0.9786993614411368
51762,0.9567544951720836,20,
51780,0.9793349997052916,20,
51908,0.9720491059752829,20,
52108,0.964814120987155,20,0.9788825680171913
52262,0.9871292682739794,20,
52471,0.9715303756066132,20,
52513,0.9809774718838475,20,
52580,0.9747500296142064,20,
52630,0.9702531434152677,20,
53126,0.9814688686841102,20,
53234,0.9810221726852031,20,
53428,0.9943929040277221,20,
53495,0.981347778964173,20,
53572,0.9706157639583048,20,0.9851837600507365
53943,0.9728158809306884,20,
54458,0.9730736518511801,20,
54459,0.9738179710109731,20,0.9837692744718434
54654,0.9713603451457349,20,
54834,0.972859669030265,20,
54911,0.9609517207271094,20,0.9767376627615492
54946,0.9730556284973186,20,
55019,0.9667000854459784,20,
55032,0.9745623190225297,20,0.9847195113953984
55208,0.9728160415740719,20,0.9853078762316344
55224,0.9708082588793252,20,0.979533110911323
55299,0.9664575664301106,20,
55340,0.9722434059251679,20,0.9843953562604695
55442,0.9777211472927219,20,
55472,0.9669999660004954,20,0.9803172999289184
55727,0.9739426175538078,20,0.9849345186596423
55739,0.9804655810156945,20,
55823,0.9757025940529678,20,
55943,0.9644701014785155,20,0.9806154446140928
55958,0.9713130778233878,20,0.9772307108205296
56059,0.9681945553679429,20,
56086,0.9736894337948746,20,0.9851883677736272
56100,0.9793668325728347,20,0.9850297644068292
56328,0.9722898556050573,20,
56587,0.9734019171624195,20,
56628,0.9722673019620602,20,
56660,0.9790888010395522,20,
56801,0.9717160824524835,20,0.9830766476618478
56870,0.9734667408032035,20,0.984267825486391
56933,0.9722616399179047,20,
57156,0.9723140659050544,20,0.9841949543238525
57370,0.9730424898745232,20,0.9852400452618658
57442,0.9717135474899299,20,0.9844014559613037
57570,0.9798702771561005,20,
57646,0.9708593226821801,20,0.9836563250416878
57721,0.9726564121264415,20,
57728,0.9737464502104803,20,
57821,0.9690958465755711,20,0.9834249500255916
57846,0.9688265467428998,20,0.9852659601405198
57905,0.9810911380668633,20,0.9861171860839574
57908,0.9731603470233008,20,
58011,0.972100364240912,20,0.9837489455714841
58126,0.9729424983112761,20,0.9840785869484083
58249,0.9809974763202212,20,
58285,0.9738706747842272,20,0.985366246981577
58393,0.9711019703029502,20,
58467,0.9731559526225029,20,0.9828279804860104
58666,0.9694697831528879,20,
58980,0.9710140217186544,20,
59109,0.9725864569338079,20,0.9855203832112729
59133,0.9689760402976315,20,
59269,0.9692283278400105,20,0.9825672159503785
59420,0.9813253050673334,20,0.9888114940202941
59471,0.9732580899938312,20,
59611,0.9719806976973793,20,
59618,0.9702528058882345,20,
59632,0.9728430984797282,20,
59747,0.9882940853467328,20,
59894,0.9753060531813975,20,0.9855742432290476
59928,0.9653707259780079,20,
59966,0.9709470442970624,20,0.9827677450480852
60001,0.9717228923198716,20,0.9849582664796614
60116,0.9648568976550947,20,
60117,0.9873296872492517,20,
60118,0.9695005088405875,20,0.9807347072214615
60132,0.972097297877131,20,0.9830237473143274
60162,0.9676644502211458,20,
60210,0.9725022901185479,20,
60250,0.972480334134881,20,
60293,0.9731748987905242,20,0.9847308036609643
60310,0.971574953202798,20,0.9856214053307429
60345,0.9734375990636582,20,0.9859577469432386
60400,0.9746030205648338,20,
60403,0.9668732555520292,20,
60405,0.9700417155295362,20,
60448,0.9783279349103795,20,0.9897427802760869
60811,0.9710212814359419,20,
