concept,reason
biosimilar,home_sealed:Immunology and Microbiology (OpenAlex S0)
cardiac resynchronization therapy,t0_out_of_dev
dictionary learning,t0_out_of_dev
drug-eluting stent,t0_out_of_dev
H5N1,t0_out_of_dev
microbial fuel cell,home_sealed:Environmental Science (OpenAlex S0)
demand response,t0_out_of_dev
genome-wide association study,t0_out_of_dev
microblog,home_sealed:Social Sciences (OpenAlex S0)
virtual power plant,t0_out_of_dev
exome sequencing,t0_out_of_dev
vehicle-to-grid,t0_out_of_dev
chronic traumatic encephalopathy,t0_out_of_dev
lipidomics,home_sealed_s2:Chemistry
structural health monitoring,t0_out_of_dev
differential privacy,t0_out_of_dev
ultra-wideband,t0_out_of_dev
carbon capture and storage,home_sealed_s2:Environmental Science
capsule endoscopy,t0_out_of_dev
HPV vaccine,t0_out_of_dev
transcatheter aortic valve implantation,home_sealed_s2:Physics
memristor,home_sealed_s2:Physics
nanopore sequencing,t0_out_of_dev
mHealth,t0_out_of_dev
microgrid,t0_out_of_dev
NoSQL,t0_out_of_dev
plug-in hybrid electric vehicle,home_sealed_s2:Environmental Science
deep belief network,t0_out_of_dev
piezoelectric nanogenerator,t0_out_of_dev
pay for performance,t0_out_of_dev
