concept,field,rho_star,rho_sd,has_data,rho_hat,v,lor_concept_j,bg_LOR_j,n_child_j
ChIP-seq,Chemistry,0.19984408710154428,0.7334101195833092,0,,,,2.933190790913054,1.3333333333333333
ChIP-seq,Computer Science,-0.5656596510194658,0.13875620282422643,1,-0.5797055957876986,0.019951534311258467,0.27836081215790304,0.8580664079456016,70.16666666666667
ChIP-seq,Engineering,-0.25992822258547926,0.7195584587752704,0,,,,2.540135016814388,0.8333333333333333
ChIP-seq,Environmental Science,-0.20802399922319276,0.7133833836904605,0,,,,2.2689734024679327,5.666666666666666
ChIP-seq,Medicine,-0.25898974501705646,0.2205834018142266,1,-0.2534865859862575,0.053621159765458844,0.6334149030650258,0.8869014890512833,37.833333333333336
ChIP-seq,Physics,0.11741077793358841,0.7533689629135745,0,,,,,0.0
DNA barcoding,Agricultural and Food Sciences,0.2559965728780869,0.7394662938924678,0,,,,,0.0
DNA barcoding,Computer Science,-0.2138840483732804,0.73708882777242,0,,,,1.3390363644761905,3.833333333333333
DNA barcoding,Environmental Science,-0.13226547785124965,0.08217612707477746,1,-0.13194614074121927,0.006839484009410123,0.002880960879129166,0.13482710162034844,63.50000000000001
DNA barcoding,Medicine,-0.24593352045500966,0.7230493015909631,0,,,,2.3805079036712598,1.6666666666666665
LTE-Advanced,Biology,0.5590478615920211,0.7613798811616307,0,,,,,0.0
LTE-Advanced,Business,0.08223276252306488,0.7451516661544438,0,,,2.9195862287813616,3.5028008484422695,2.0
LTE-Advanced,Environmental Science,1.7497928868324166,0.4762533298054531,1,3.177702187710392,0.39951950747319526,4.928924529322022,1.75122234161163,2.8333333333333335
LTE-Advanced,Geography,0.4797054224640316,0.8337616874063556,0,,,,,1.0
LTE-Advanced,Physics,1.0358667854993604,0.4705320833374199,1,1.4244714065580357,0.3536272705191863,2.849063819993042,1.4245924134350063,5.0
MapReduce,Biology,0.15689325147957284,0.7528407563445733,0,,,,2.9236886059151557,7.333333333333333
MapReduce,Business,-0.3199218475893834,0.7362660570407386,0,,,,2.1972588491459457,4.0
MapReduce,Engineering,-0.17120503524341424,0.13278420294049748,1,-0.16973318392353676,0.018246176554907716,0.5372833898174268,0.7070165737409636,170.08333333333343
MapReduce,Environmental Science,-0.15317397889257306,0.7100301488830344,0,,,,1.7639291707927276,15.000000000000005
MapReduce,Geography,0.07755081235158327,0.82581573985206,0,,,,4.853193151333662,0.8333333333333333
MapReduce,Linguistics,0.5335117914792517,0.7869925700762155,0,,,,2.9160186443668827,1.0
MapReduce,Mathematics,-0.8164653594922198,0.4321848889911873,1,-1.217237899909946,0.2747582810896385,0.20861036172277952,1.4258482616327255,28.58333333333333
MapReduce,Medicine,0.09770691968516232,0.457987794478628,1,0.3882490807727792,0.3536923608752572,3.7988816678233763,3.410632587050597,6.166666666666666
MapReduce,Physics,0.4192453789266827,0.6050953983036798,1,1.0215419718582268,1.024010241458624,4.3745145558501894,3.3529725839919626,3.5833333333333335
RNA-seq,Agricultural and Food Sciences,0.22796897555225934,0.7194415532953635,0,,,,2.9037268267483296,6.5
RNA-seq,Chemistry,0.22796897555225934,0.7194415532953635,0,,,,2.877661193878282,0.9166666666666666
RNA-seq,Computer Science,-0.18800522533638583,0.10056607426804048,1,-0.18668192253144256,0.010308191406354784,0.3731998613073748,0.5598817838388174,74.50000000000001
RNA-seq,Engineering,-0.2318033341347642,0.7115133537124563,0,,,,1.874751958630971,1.1666666666666665
RNA-seq,Environmental Science,-0.07899666474550651,0.25558708469957453,1,-0.0609669720477497,0.07503266378710088,1.0709125112634128,1.1318794833111625,49.75000000000001
RNA-seq,Materials Science,0.2448789446321188,0.38245528821480185,1,0.252981036134063,0.20119540821691584,2.967748192326697,2.714767156192634,3.8333333333333335
RNA-seq,Mathematics,-0.2306837099154265,0.749245606005041,0,,,,2.446276945878026,2.1666666666666665
RNA-seq,Medicine,-0.5619046113385793,0.2962514935289802,1,-0.6345968589858635,0.10600944542969819,0.7515832519015606,1.386180110887424,38.75
RNA-seq,Physics,0.14553566638430349,0.7457916436860667,0,,,,,1.0
Web 2.0,Agricultural and Food Sciences,0.49404555481550955,0.7098979307237822,0,,,,,0.5
Web 2.0,Art,0.8435572965380325,0.6158050168889033,1,2.089998167647495,1.4975234973800717,4.527214426433478,2.4372162587859827,11.833333333333334
Web 2.0,Biology,1.0140469517373418,0.5262445190278426,1,1.8326083358676706,0.5563723001275738,4.169949448271041,2.33734111240337,3.3333333333333335
Web 2.0,Business,-0.6992848147768576,0.26252305935910614,1,-0.8161675557991881,0.07932752200260772,0.7290513757745576,1.5452189315737457,54.50000000000003
Web 2.0,Chemistry,0.49404555481550955,0.7098979307237822,0,,,,,0.0
Web 2.0,Economics,0.6287351545387416,0.5400631495812972,1,1.1338470484454315,0.6078720878324055,4.082112730033938,2.948265681588506,3.666666666666667
Web 2.0,Education,-0.0794195882007282,0.128339396339087,1,-0.09167042662438307,0.016962339805928983,1.0495037629691968,1.1411741895935799,165.33333333333337
Web 2.0,Engineering,-0.09446651742188575,0.4184312434033177,1,-0.17788634420553895,0.2720948454531004,1.4863597262063923,1.6642460704119313,21.583333333333336
Web 2.0,Environmental Science,0.46477682621226885,0.41461491898185515,1,0.7057231855818511,0.26724170286612864,3.0316803851421614,2.3259571995603103,8.749999999999998
Web 2.0,Geography,0.12221791344965999,0.5025639418771448,1,-0.05839105392567534,0.389557895531804,3.1408699949781114,3.1992610489037867,17.583333333333336
Web 2.0,Geology,0.49404555481550955,0.7098979307237822,0,,,,,0.0
Web 2.0,History,0.49404555481550955,0.7098979307237822,0,,,,1.5992964364230295,1.95
Web 2.0,Law,0.8603170323199307,0.5238484892180466,1,0.5931637228972075,0.5091468824808828,3.7703902469190558,3.1772265240218482,6.2
Web 2.0,Linguistics,0.9582117675329817,0.5076396979358822,1,1.1530795269498215,0.4414836083344061,3.7601609877863895,2.607081460836568,7.666666666666665
Web 2.0,Mathematics,0.03539286934782371,0.7368831368995282,0,,,4.493329738500002,3.5369324767830586,0.8333333333333333
Web 2.0,Medicine,-0.3177535474212826,0.31595964524775544,1,-0.41031628503873296,0.12543588039037248,2.581559304058166,2.991875589096899,24.916666666666657
Web 2.0,Philosophy,0.3988564150655648,0.6147180192501149,1,0.06415499783262835,1.4765014709555249,3.523936963501895,3.4597819656692668,5.2
Web 2.0,Physics,0.4116122456475537,0.7341367418424567,0,,,,2.542688388462692,1.3333333333333333
Web 2.0,Political Science,-0.053650768734865184,0.5219844046816963,1,-0.4917151568738132,0.5371108849385154,2.2524922010885597,2.744207357962373,44.2
Web 2.0,Psychology,1.3862613082758464,0.45210763238340373,1,2.380186820536271,0.32300236110431113,3.925630856760464,1.545444036224193,5.166666666666666
Web 2.0,Sociology,-0.16809641824636323,0.44432691092013255,1,-0.012016751343619791,0.3059488711941736,1.412325949883563,1.4243427012271828,42.699999999999996
WiMAX,Art,0.14648120800584355,0.7283221017488162,0,,,,,0.5
WiMAX,Biology,0.04868035205325241,0.750890765196623,0,,,,,0.0
WiMAX,Business,-0.5165059345535084,0.43337781340583204,1,-0.5765631010802221,0.28537628631478323,2.244235224945744,2.820798326025966,2.583333333333333
WiMAX,Economics,-0.15505377262168574,0.534210160282472,1,-0.270496269677202,0.5553227067612417,3.0000202990666116,3.2705165687438136,2.333333333333333
WiMAX,Education,-0.12370392378908648,0.7539333545467316,0,,,,,0.0
WiMAX,Engineering,-0.33524509929036744,0.07394900937087472,1,-0.3355340356600593,0.005526527480837,0.07657267418173584,0.41210670984179515,255.66666666666677
WiMAX,Environmental Science,-0.4606689202252467,0.5360872681760129,1,-0.7771598652062348,0.6668940754713065,2.2624088516099023,3.039568716816137,3.7500000000000004
WiMAX,Geography,-0.030662087074737138,0.8235753775380497,0,,,,,0.0
WiMAX,Materials Science,0.14648120800584355,0.7283221017488162,0,,,,4.653960350157523,0.3333333333333333
WiMAX,Medicine,-0.35544888532725305,0.7118030413716739,0,,,,3.0531406724098837,1.9166666666666665
WiMAX,Philosophy,0.14648120800584355,0.7283221017488162,0,,,,,0.0
WiMAX,Physics,-0.0501913717844706,0.5813394367023085,1,-0.2767558453412966,0.8327988645064336,2.7538517627127854,3.030607608054082,7.75
WiMAX,Political Science,-0.058733131998112004,0.7523652031301404,0,,,,,1.0
ZigBee,Agricultural and Food Sciences,-1.3291317135881129,0.4328223502534362,1,-2.249363365837684,0.2856660480474588,2.7426215780126015,4.9919849438502855,1.9166666666666663
ZigBee,Art,0.02357073167904103,0.7249923700478819,0,,,,,0.0
ZigBee,Biology,-0.07423012427355011,0.753801257510089,0,,,,,0.0
ZigBee,Business,-0.5510452233425064,0.7372709272972099,0,,,,,0.0
ZigBee,Environmental Science,-0.7341826883018452,0.27805816600153993,1,-0.8099935409065893,0.09098491156947737,0.5950055227483129,1.4049990636549021,28.74999999999998
ZigBee,Geography,-0.15357256340153966,0.8265730580355365,0,,,,,0.0
ZigBee,Medicine,0.11742454790431278,0.3357482169968324,1,0.32170203589138757,0.14397778016232174,2.272124113378669,1.9504220774872814,13.333333333333336
ZigBee,Philosophy,0.02357073167904103,0.7249923700478819,0,,,,,0.0
ZigBee,Physics,-0.058862577488914825,0.7513134514454806,0,,,3.5812014403157475,2.5155732689017376,3.0
cloud computing,Biology,-0.011289500621284226,0.7585150658865913,0,,,,4.634501563431453,0.5
cloud computing,Business,-0.48810459969024045,0.7421327881432732,0,,,,1.0828800368083615,3.5
cloud computing,Economics,-0.12772970154236532,0.7651941156405949,0,,,,1.9012528659927859,1.8333333333333333
cloud computing,Education,-0.18367377646362312,0.7621646355352487,0,,,,2.4961989988457867,1.0
cloud computing,Engineering,-0.19810007348766365,0.15939993104790573,1,-0.18697337444738218,0.02667429533550802,0.13948789206927945,0.32646126651666163,27.83333333333333
cloud computing,Environmental Science,-1.2982911044810983,0.5028626592001798,1,-2.4452991896708554,0.493020324656744,-1.24300816159539,1.2022910280754655,6.166666666666665
cloud computing,Geography,-0.09063193974927378,0.831018047646653,0,,,,,0.0
cloud computing,Law,0.6731166732292088,0.7825626537741006,0,,,,4.169992086241599,1.0
cloud computing,Medicine,-0.41541873800178963,0.7197792227846481,0,,,,,0.0
cloud computing,Physics,0.004078046163351057,0.7560745383101724,0,,,,,0.0
cloud computing,Political Science,-0.11870298467264864,0.7606454006741779,0,,,,,0.0
cloud computing,Sociology,-0.7898512066983693,0.7611995515243408,0,,,,,0.0
cognitive radio,Business,0.021004802188817506,0.744709225485605,0,,,,,2.0
cognitive radio,Economics,1.0740669105672196,0.5022801555300588,1,1.786515372826519,0.4318968327137598,3.9450796119083713,2.1585642390818522,5.166666666666666
cognitive radio,Environmental Science,0.18775267088562786,0.7192209161305181,0,,,,2.5428491230174832,4.333333333333333
cognitive radio,Law,1.1822260751082667,0.7846057266816333,0,,,6.610701594784914,3.5046047716990993,0.6666666666666666
cognitive radio,Philosophy,0.5956207572103649,0.7395304882531625,0,,,,,0.0
cognitive radio,Physics,0.513187448042409,0.7593133379401094,0,,,5.301645156640712,,4.0
cognitive radio,Political Science,1.363252576736865,0.447362740493791,1,2.058242262809405,0.2999838851134502,5.641761201265515,3.5835189384561104,2.333333333333333
cognitive radio,Psychology,0.195689652389136,0.7631671834972792,0,,,,,0.0
comparative effectiveness research,Biology,0.31561738888835456,0.7414739136224844,0,,,5.0634872022738655,3.549051221662851,1.5
comparative effectiveness research,Business,0.19090962340228357,0.46843831233311084,1,0.5045399978891816,0.37403029583925,2.159824507981606,1.6552845100924245,9.583333333333332
comparative effectiveness research,Computer Science,-0.21760158407010038,0.3919338789117056,1,-0.3012424816591741,0.21796220642800843,1.9318640773034779,2.233106558962652,21.166666666666664
comparative effectiveness research,Economics,-0.6289240029368988,0.24219372365696637,1,-0.7575503021549668,0.06522440108469665,0.2483191356966073,1.005869437851574,84.58333333333333
comparative effectiveness research,Education,0.20809222122125148,0.4571969730191486,1,0.2592024134491915,0.3309026736946079,2.8799307439425443,2.620728330493353,7.0
comparative effectiveness research,Engineering,-0.04635406484607785,0.7043626467849019,0,,,,,1.5
comparative effectiveness research,Environmental Science,0.24332036219087758,0.4374780831300397,1,0.42089750850908736,0.3136125093170682,4.223748051254399,3.802850542745311,4.0
comparative effectiveness research,Law,1.2592259630911138,0.35266279261909816,1,1.3553472818347498,0.1557200147399352,3.599558765467951,2.244211483633201,3.916666666666667
comparative effectiveness research,Political Science,0.37984978585942575,0.309679867828209,1,0.42697385244383856,0.11528508111562549,1.0111358281950384,0.5841619757511999,23.33333333333333
comparative effectiveness research,Psychology,0.4050527181047536,0.4573407590754553,1,0.7146141890733801,0.3319755733689471,4.1224097731234615,3.4077955840500813,5.833333333333333
comparative effectiveness research,Sociology,-0.16833265686731608,0.5827958878596329,1,0.43760720315692847,0.8636610328621257,4.458037919235398,4.02043071607847,2.5
compressed sensing,Biology,0.003761672800469129,0.7488686811347707,0,,,,4.399226994626152,5.166666666666666
compressed sensing,Business,-0.4730534262684871,0.7321783752415972,0,,,,,1.0
compressed sensing,Chemistry,0.10156252875306027,0.7260783427465438,0,,,,,2.833333333333333
compressed sensing,Engineering,-0.4131879988300397,0.09956689250322338,1,-0.41451138193103343,0.010107847036451142,0.22172513945419925,0.6362365213852327,445.5833333333315
compressed sensing,Environmental Science,-0.30630555757167677,0.7057220599759847,0,,,,3.3121396154891656,24.999999999999986
compressed sensing,Geology,0.10156252875306027,0.7260783427465438,0,,,,,4.166666666666666
compressed sensing,Materials Science,0.10156252875306027,0.7260783427465438,0,,,,3.398869091902564,3.3333333333333335
compressed sensing,Mathematics,-0.09069048713222927,0.17296148414440415,1,-0.07068900496090413,0.03152769585205864,0.8550171603741378,0.9257061653350419,136.99999999999986
compressed sensing,Medicine,-0.2889640326414481,0.3918152905301256,1,-0.2306709391120796,0.21972621672293058,2.6609698088981633,2.891640748010243,49.166666666666686
compressed sensing,Physics,-1.032526460212662,0.2560719028483532,1,-1.2177986904249676,0.07397764336637899,0.8210800863954429,2.0388787768204106,121.16666666666644
copy number variation,Agricultural and Food Sciences,0.1752045447250782,0.736299592422191,0,,,,,1.0
copy number variation,Computer Science,-0.03242163247587704,0.29316305817116994,1,0.031129418446730117,0.10175684078521574,1.639677975913531,1.6085485574668008,25.66666666666666
copy number variation,Environmental Science,-0.23266354159965882,0.716291425117924,0,,,,3.3039337679467797,0.8333333333333333
copy number variation,Psychology,-0.8589189564481564,0.40212939084789073,1,-1.1933668088754124,0.22144767018189848,1.4333235204974517,2.626690329372864,9.5
crowdsourcing,Art,0.031094420661452404,0.7149518435277742,0,,,,2.0698436459598324,7.583333333333333
crowdsourcing,Biology,-0.06670643529113873,0.7382023901594866,0,,,,3.1440881027446324,1.6666666666666665
crowdsourcing,Business,-0.6724124664112455,0.2514913362281928,1,-0.6944606285035853,0.07183130614461171,1.336145628177529,2.0306062566811143,57.66666666666668
crowdsourcing,Chemistry,0.031094420661452404,0.7149518435277742,0,,,,,0.0
crowdsourcing,Economics,-0.936517610445616,0.3113211451416662,1,-1.1456247483366233,0.11655306768230823,1.0120634813618412,2.1576882296984645,31.999999999999996
crowdsourcing,Education,0.22508974971297963,0.42111923465683376,1,0.5113117729967951,0.2589285424875191,2.6006490344764375,2.0893372614796424,7.833333333333332
crowdsourcing,Engineering,0.294842348520294,0.34091433818643124,1,0.5563970773415521,0.15180134786657007,2.0876585429347774,1.5312614655932253,23.33333333333332
crowdsourcing,Environmental Science,-0.40652941785976227,0.3832470629612966,1,-0.421441543450785,0.21044196776257082,2.2773410879116924,2.6987826313624774,15.166666666666673
crowdsourcing,Geography,-0.08008166985716689,0.5516699487140869,1,0.003583685154451288,0.5325756574182415,4.0065548393538215,4.00297115419937,5.833333333333333
crowdsourcing,History,0.031094420661452404,0.7149518435277742,0,,,,,1.0833333333333333
crowdsourcing,Law,1.05513256944081,0.6126832102490772,1,2.125471574955991,1.0274807918978917,5.140497051444661,3.01502547648867,5.666666666666666
crowdsourcing,Linguistics,-0.12475963127217143,0.35083254029599775,1,-0.2825425701090176,0.15242716559362,2.027209047706987,2.3097516178160045,24.333333333333336
crowdsourcing,Mathematics,-0.40513631456870036,0.621152949303894,1,-0.33681829158894794,1.2794568398113755,0.986004882298865,1.322823173887813,6.0
crowdsourcing,Medicine,-0.47083567267164417,0.6987616132493184,0,,,,6.305542290053646,8.083333333333332
crowdsourcing,Philosophy,0.031094420661452404,0.7149518435277742,0,,,,,2.0
crowdsourcing,Physics,-0.05133888850650345,0.7364532681726066,0,,,,,0.0
crowdsourcing,Political Science,-1.5387050784819676,0.47307060511364346,1,-2.751883714754118,0.3733256628458808,0.8640259305851031,3.615909645339221,15.75
crowdsourcing,Psychology,-0.26616081379132234,0.5461139361667812,1,-0.10888717771849965,0.6432077509226306,1.8284627001179008,1.9373498778364004,13.750000000000004
crowdsourcing,Sociology,-1.0205338103489288,0.37047265219385445,1,-1.096257066100969,0.18142459328158253,1.126034118690716,2.222291184791685,30.91666666666666
cyber-physical system,Environmental Science,-0.2654406496364228,0.26460337240326665,1,-0.27837584105323065,0.0808048218072361,0.9251390033569651,1.2035148444101957,19.916666666666664
cyber-physical system,Medicine,-0.43007848945455,0.4512084750921858,1,-0.5391063355109496,0.3322497693516509,2.825254409467896,3.3643607449788457,5.833333333333332
cyber-physical system,Physics,0.1272142528138663,0.7560862602391207,0,,,5.103555107772052,,0.25
cyber-physical system,Political Science,0.004433221977866608,0.7605958805653056,0,,,4.258445572902527,,1.6666666666666665
energy harvesting,Biology,0.25233146636821535,0.7454052923817348,0,,,4.395819956806218,4.139601153810221,0.3333333333333333
energy harvesting,Chemistry,0.3501323223208065,0.7152240593355841,0,,,3.721669276936927,3.20545280453606,0.5
energy harvesting,Computer Science,-0.132356098896108,0.1710326417764609,1,-0.13328579337814261,0.03096454325375325,1.4052756942878573,1.5385614876659999,13.916666666666671
energy harvesting,Environmental Science,0.21253047347655685,0.11236761390202307,1,0.22086765606607628,0.012953622960522845,1.1138081356507126,0.8929404795846363,23.083333333333325
energy harvesting,Materials Science,-0.2865365434254191,0.24106186994431228,1,-0.38542685549582245,0.06522346537056628,0.8073515974386809,1.1927784529345034,16.833333333333336
energy harvesting,Medicine,0.9278551668704135,0.4741504854320953,1,1.9752904199364107,0.40738660997284176,4.395819956806218,2.420529536869807,1.3333333333333333
energy harvesting,Physics,0.04287446474209561,0.06984121494671826,1,0.04024053509613468,0.0049195363671910505,0.5906296623574586,0.5503891272613239,44.500000000000014
extreme learning machine,Biology,-0.7189228134913015,0.5190291569174688,1,-1.3962109737116535,0.5098449015683071,1.8993214368070563,3.29553241051871,1.8333333333333333
extreme learning machine,Business,-0.8542628545861252,0.4873796600088832,1,-1.0717516855124052,0.42212484126862254,1.8869448457339784,2.9586965312463835,3.1666666666666665
extreme learning machine,Engineering,-0.9244996171014308,0.4558259831519262,1,-1.259500316126409,0.350427053632825,0.24843031816919692,1.5079306342956058,25.166666666666664
extreme learning machine,Environmental Science,-0.5325962189817975,0.4558210720281021,1,-0.584474876449318,0.35461171189386725,1.5902629950635612,2.174737871512879,5.333333333333334
extreme learning machine,Materials Science,-0.08857135190907217,0.616967221891,1,-0.17005429331862043,1.353704883742065,2.8063675463028463,2.976421839621467,1.5
extreme learning machine,Mathematics,-0.27980570931133497,0.3158512505314586,1,-0.21034240371844176,0.1204615004065223,0.30882416335430335,0.5191665670727451,12.833333333333334
extreme learning machine,Medicine,-1.0728348715122609,0.5681896756916478,1,-2.1532366845702766,0.8937569989697084,1.4310944364956881,3.5843311210659645,5.833333333333333
folksonomy,Art,0.7018458732008201,0.4936363108167624,1,1.0229021107374645,0.4514056939763638,2.9643044030416505,1.941402292304186,5.583333333333333
folksonomy,Business,-0.024393656625121107,0.5375952757447883,1,0.19361538240178522,0.6226038050674986,2.9996140850565687,2.8059987026547835,6.166666666666666
folksonomy,Education,0.29525647649225006,0.4581462467154829,1,0.42263189629886,0.3296460839957173,2.1696776740835526,1.7470457777846926,14.666666666666666
folksonomy,Engineering,-0.05658695422815874,0.7106981989674741,0,,,,1.6223809163851872,3.6666666666666665
folksonomy,Geography,0.6594168752718761,0.4846198660190519,1,1.0142556640960594,0.3438200140173748,4.5197300555163595,3.5054743914203,2.666666666666667
folksonomy,Linguistics,0.5128596977617896,0.41997738182502253,1,0.415184321946388,0.24249004767839924,2.2480002077678263,1.8328158858214383,8.666666666666666
folksonomy,Mathematics,-0.055467330008821036,0.7487387592610175,0,,,3.860475142143434,,3.0
folksonomy,Medicine,0.04003874304758259,0.5814017210515419,1,0.378256659872791,1.02334617073758,3.828744418465731,3.45048775859294,4.333333333333333
folksonomy,Philosophy,0.5122908847806351,0.6494795628879007,1,1.0880082533435087,2.2157783046378645,3.1057084785068345,2.017700225163326,2.833333333333333
folksonomy,Physics,0.3207520462909089,0.7460857277865471,0,,,,2.3828629714477074,1.0
folksonomy,Political Science,0.19797101545490925,0.7491048031505142,0,,,,3.281183229456087,5.5
folksonomy,Sociology,-0.86032148898774,0.4370668002712842,1,-1.1235799627289873,0.2855441348402296,0.6570666820249704,1.7806466447539577,14.083333333333334
human microbiome,Computer Science,-0.2181533570021586,0.729928487204367,0,,,,1.0694928665285177,3.5
human microbiome,Environmental Science,-0.17237653352660776,0.07368478290180906,1,-0.1725886764818943,0.005486823941835399,0.0,0.1725886764818943,15.750000000000004
human microbiome,Medicine,-0.23505151603599295,0.08512849583232307,1,-0.23478637596552693,0.00734833303141137,0.07887345410181734,0.31365983006734427,27.583333333333325
induced pluripotent stem cell,Agricultural and Food Sciences,0.2519510213468379,0.7493802776640118,0,,,,,0.5
induced pluripotent stem cell,Chemistry,0.2519510213468379,0.7493802776640118,0,,,,3.318384940151489,5.166666666666667
induced pluripotent stem cell,Computer Science,-0.21792959990452945,0.7469073753799707,0,,,,2.900550150614372,1.5
induced pluripotent stem cell,Engineering,-0.20782128834018568,0.7352822018834251,0,,,,2.297348715529842,21.416666666666664
induced pluripotent stem cell,Environmental Science,-0.15591706497789917,0.7295078907065228,0,,,,2.4294863032689804,2.4166666666666665
induced pluripotent stem cell,Law,0.8385563392447397,0.7949270592189623,0,,,,3.911370618757187,1.5
induced pluripotent stem cell,Materials Science,0.2519510213468379,0.7493802776640118,0,,,,2.8690169296658867,5.499999999999999
induced pluripotent stem cell,Philosophy,0.2519510213468379,0.7493802776640118,0,,,,2.5678388369580665,3.0
interactome,Chemistry,0.20090596713705067,0.7340715950805053,0,,,,0.8642373006731754,4.833333333333334
interactome,Computer Science,-0.3097108477115026,0.1463580694414105,1,-0.31187287201783165,0.022286602178752873,0.11327800339788391,0.42515087541571556,30.333333333333325
interactome,Environmental Science,-0.20696211918768637,0.7140557794432191,0,,,,2.069210536279822,4.5
interactome,Medicine,-0.5076685782469904,0.3059019707343511,1,-0.5636961602334809,0.11385231468969495,0.7582879329570429,1.3219840931905238,10.500000000000002
internet of things,Business,-0.29719374947700733,0.742660779887174,0,,,,0.6511701900958152,0.8333333333333333
internet of things,Engineering,-0.38447751547321896,0.22231543633807638,1,-0.4106866883579162,0.054449241756708726,-0.12416213351435115,0.2865245548435651,7.333333333333333
internet of things,Environmental Science,0.19512302923828406,0.5133310596564596,1,0.6095291383540278,0.5344990753120776,2.1041341542702074,1.4946050159161797,1.0
internet of things,Law,0.8640275234424419,0.7830594854223022,0,,,,1.6274564179367788,0.5
internet of things,Medicine,-0.22450788778855651,0.7203123800433944,0,,,,,0.0
internet of things,Sociology,-0.5989403564851361,0.761708016544523,0,,,,,0.0
latent Dirichlet allocation,Biology,0.1524850339671729,0.7639222840592023,0,,,,3.2623700541103493,2.0
latent Dirichlet allocation,Business,-0.32433006510178336,0.7478306911574794,0,,,,2.508073709069535,0.5
latent Dirichlet allocation,Engineering,-0.2094864197672595,0.7274363788635761,0,,,,2.458782285990429,2.1666666666666665
latent Dirichlet allocation,Environmental Science,-0.157582196404973,0.7219841980182834,0,,,,,0.3333333333333333
latent Dirichlet allocation,Linguistics,0.5291035739668518,0.7977367503520393,0,,,,2.0371397562060896,4.333333333333333
latent Dirichlet allocation,Mathematics,-0.21643655458517086,0.2874173361822934,1,-0.21827247773446934,0.09553393481940087,0.4261027740639979,0.6443752517984672,15.833333333333334
latent Dirichlet allocation,Medicine,-0.25164420341333255,0.7254874691346588,0,,,,3.8140425970679424,0.5
learning to rank,Business,-0.3680120108769716,0.7473007231277481,0,,,,,1.8333333333333333
learning to rank,Linguistics,0.4854216281916635,0.7972521071831379,0,,,2.9869513793674822,,2.0
learning to rank,Mathematics,-0.47181516943672885,0.2099440731368631,1,-0.49667265937643107,0.04749628669298074,0.4529481228286381,0.9496207822050692,32.5
learning to rank,Medicine,-0.2953261491885208,0.7249481462038821,0,,,,4.2686154717388884,1.3333333333333333
long noncoding RNA,Computer Science,-0.3320879474711299,0.7378388245262485,0,,,,1.2510588192070322,5.833333333333333
long noncoding RNA,Environmental Science,-0.2700754125444996,0.7203326489323502,0,,,,3.385895099179756,1.5
long noncoding RNA,Medicine,-0.9173852545162173,0.217869421013741,1,-0.9859614401530055,0.05204959284291236,0.17824751180639004,1.1642089519593954,27.333333333333332
mashup,Art,1.1927362854752495,0.5263380375972486,1,2.4067685682295448,0.5944213282089976,6.7898294549448,4.383060886715255,3.1666666666666665
mashup,Biology,0.7339838392379188,0.6316739796668372,1,2.4265260917601794,1.430963725720667,5.182485277037923,2.7559591852777436,2.1666666666666665
mashup,Business,-0.3792181724445386,0.2705879324129026,1,-0.4074559896773877,0.08487302827104899,1.042061679372991,1.4495176690503788,30.999999999999996
mashup,Education,-0.24306690617065202,0.42315730279838676,1,-0.4349841312954257,0.261663265874203,2.515738569159662,2.9507227004550876,18.333333333333336
mashup,Engineering,-0.12368251500545202,0.23830508222889685,1,-0.12353257770901993,0.0640655806405994,1.1618152311930323,1.2853478089020522,28.41666666666666
mashup,Environmental Science,-0.1073473996233028,0.30959831391579007,1,-0.11716162127435847,0.11915572773911322,2.279880764964925,2.3970423862392836,13.333333333333334
mashup,Geography,-0.18130102358597877,0.5719445456479828,1,-0.6716567887109997,0.6069267350946527,3.2149553674785163,3.886612156189516,8.25
mashup,History,0.3351070320290909,0.7141762037748297,0,,,5.374220042570526,3.918366479350321,0.9166666666666665
mashup,Law,0.36522157359029006,0.4934023995144748,1,-0.17427161523603285,0.40709121483176397,4.4346967365492285,4.608968351785261,3.166666666666667
mashup,Medicine,0.15165540594083088,0.46000661879099347,1,0.43212534474177344,0.36980261677744397,3.7178822991298888,3.2857569543881153,6.749999999999999
mashup,Philosophy,0.3351070320290909,0.7141762037748297,0,,,,,0.5
mashup,Physics,0.2526737228611351,0.7383513376293745,0,,,,2.6579258139196416,1.0
mashup,Political Science,0.16646185987833242,0.5709167191117304,1,0.23467345422103003,0.7832616395798349,3.3576610126772444,3.1229875584562143,5.333333333333333
mashup,Sociology,-0.47055230358912997,0.6066835010367913,1,-0.28775686042872817,1.0856500766218848,2.844783138650999,3.1325399990797274,2.1666666666666665
metagenomics,Agricultural and Food Sciences,0.11300154778439578,0.7328212013223032,0,,,,,0.0
metagenomics,Chemistry,0.11300154778439578,0.7328212013223032,0,,,,1.7455944724271264,1.6666666666666665
metagenomics,Computer Science,-0.35687907346697156,0.7304071273608291,0,,,,1.260143603185632,7.416666666666664
metagenomics,Engineering,-0.3467707619026278,0.7187122513745517,0,,,,1.8513713984973712,1.6666666666666665
metagenomics,Environmental Science,-0.08966219762408978,0.04004991754837084,1,-0.08887593593700178,0.0016089565085627264,0.0,0.08887593593700178,36.333333333333314
metagenomics,Medicine,-1.2675264407373212,0.2138614731125698,1,-1.3723633978588177,0.0501057980046329,0.24487337913013296,1.6172367769889506,7.249999999999998
natural orifice transluminal endoscopic surgery,Biology,0.15622108181676314,0.7622146677299637,0,,,,,0.0
natural orifice transluminal endoscopic surgery,Engineering,-0.1957140491118748,0.16486527642868135,1,-0.19503017965782454,0.028612929123663623,0.30879974994312986,0.5038299296009544,71.66666666666667
network coding,Engineering,0.014958167743151951,0.0881463656591628,1,0.015733842144652288,0.007886323157801437,0.30824852996027463,0.29251468781562234,193.16666666666674
network coding,Environmental Science,0.025560624826300393,0.7111373297811497,0,,,,2.3009952209454507,3.666666666666667
network coding,Mathematics,-0.37659275802468656,0.4147724239031813,1,-0.5804069222402087,0.2435762397527233,0.3654242931666306,0.9458312154068393,26.166666666666664
network coding,Physics,1.5405613007334735,0.39246703584713805,1,2.1341070029824714,0.20952188544655528,4.59511985013459,2.4610128471521184,2.333333333333333
next-generation sequencing,Agricultural and Food Sciences,0.208140593803228,0.7400132099793217,0,,,,3.80329766195472,2.0
next-generation sequencing,Biology,-0.0951353687252118,0.27324316347729555,1,-0.13679285586153966,0.08513293166703687,1.028544726051393,1.1653375819129326,20.583333333333336
next-generation sequencing,Chemistry,0.208140593803228,0.7400132099793217,0,,,,3.5474874091318616,0.5
next-generation sequencing,Computer Science,-0.26858425365851935,0.6493176697759562,1,-0.29840969846960164,1.8298955834354844,2.987364023883474,3.285773722353076,4.833333333333334
next-generation sequencing,Engineering,-0.2516317158837955,0.7258200134999443,0,,,,1.3412328689887705,1.0
next-generation sequencing,Environmental Science,-0.19972749252150904,0.7198670635618072,0,,,,3.28256132519379,1.3333333333333333
next-generation sequencing,Materials Science,0.208140593803228,0.7400132099793217,0,,,,,0.0
optogenetics,Chemistry,0.8712988271055416,0.5873507890079078,1,2.8122096238451366,1.0005422920201887,4.506648973980506,1.6944393501353696,7.833333333333333
optogenetics,Computer Science,-0.41316201380105133,0.7204428662870582,0,,,,2.9710477742550307,7.5
optogenetics,Engineering,-1.4659566126532133,0.23596748060371414,1,-1.624177384474699,0.06250771698807449,0.44359704755806034,2.0677744320327593,77.83333333333333
optogenetics,Environmental Science,0.42690901499926726,0.3552332492584014,1,0.7398420575356424,0.16888960078708157,3.277628408938728,2.537786351403086,2.333333333333333
optogenetics,Materials Science,0.05671860745031601,0.7204725098194528,0,,,3.3877743613300146,4.381310636773652,1.3333333333333333
optogenetics,Medicine,-0.023811052438647062,0.2225370871581103,1,0.031274423765624504,0.054891596831315455,0.9931605038672969,0.9618860801016724,87.99999999999999
optogenetics,Philosophy,0.05671860745031601,0.7204725098194528,0,,,,,0.5
optogenetics,Physics,-0.9059333848038236,0.4505178783909292,1,-1.5692997585476274,0.31646567037817086,0.8526623083349185,2.421962066882546,23.833333333333332
optogenetics,Psychology,-1.360288720840519,0.43453425232269044,1,-2.040753408564268,0.2809414538750137,0.13057657459566868,2.1713299831599366,23.666666666666664
pandemic H1N1,Agricultural and Food Sciences,0.26227045645117175,0.7239120220405978,0,,,,3.0299220715374924,1.1666666666666665
pandemic H1N1,Art,0.26227045645117175,0.7239120220405978,0,,,,3.35845273625014,1.0
pandemic H1N1,Biology,0.22619910743468313,0.12841827670316536,1,0.22869404044178332,0.01697187463876032,1.0928677287782727,0.8641736883364893,44.33333333333334
pandemic H1N1,Business,-0.31234549857037563,0.7297442384041111,0,,,,,0.0
pandemic H1N1,Chemistry,0.26227045645117175,0.7239120220405978,0,,,,4.521371560635005,0.3333333333333333
pandemic H1N1,Computer Science,-0.18464074995405885,0.42107933052006963,1,-0.17004653211563392,0.26680540755762033,3.40327854786598,3.573325079981614,2.5
pandemic H1N1,Economics,0.19552032564773295,0.6020184910086063,1,0.5387927741148975,0.9773213357853789,4.761856175200801,4.223063401085904,1.8333333333333333
pandemic H1N1,Education,-0.00791467534375831,0.7499267591961436,0,,,,,0.0
pandemic H1N1,Engineering,-0.19750185323585182,0.7098459862545999,0,,,,4.776759276297445,1.1666666666666665
pandemic H1N1,Environmental Science,-0.5586282175478939,0.15154910208878247,1,-0.5822995746237091,0.024066042321413166,0.11782692347622319,0.7001264980999322,49.83333333333334
pandemic H1N1,Geography,0.08512716137059104,0.8201140756848574,0,,,,,1.0
pandemic H1N1,History,0.26227045645117175,0.7239120220405978,0,,,,,0.0
pandemic H1N1,Law,0.8488757743490736,0.7702979108087642,0,,,,,0.0
pandemic H1N1,Mathematics,-0.19638222901651411,0.7476495392021727,0,,,4.167443204534924,3.519344649702824,0.6666666666666666
pandemic H1N1,Philosophy,0.26227045645117175,0.7239120220405978,0,,,,,0.0
pandemic H1N1,Political Science,0.05705611644721617,0.7482988442218055,0,,,3.008154793552548,2.7545999175157356,3.0
pandemic H1N1,Psychology,-0.49743069762034253,0.4164237507700286,1,-0.7098182563556827,0.24789501987667312,3.2708273396656518,3.9806455960213345,1.5
pandemic H1N1,Sociology,-0.023470036111882586,0.5737213568278015,1,1.0710800412909522,0.7781972642231222,6.00141487796115,4.930334836670197,2.8333333333333335
patient-centered medical home,Business,-0.2062726245063779,0.3912215672010449,1,-0.21059587151182046,0.2142796098161127,0.93283315013322,1.1434290216450405,11.916666666666666
patient-centered medical home,Computer Science,0.25564205073524804,0.4620598200013872,1,0.5556402513732608,0.36126131922385124,3.181575454506943,2.625935203133682,4.166666666666666
patient-centered medical home,Economics,0.33079564035393894,0.3573403521164079,1,0.3963585824440181,0.16365955411178237,1.4357475293420676,1.0393889468980495,8.083333333333332
patient-centered medical home,Education,-0.30085075989787363,0.4678183471624416,1,-0.6457350181759638,0.3554099992405619,1.4337878319890758,2.0795228501650396,9.833333333333332
patient-centered medical home,Law,1.6861314454665948,0.35191765063340336,1,1.9524300934077545,0.15472775885038545,4.491158167631234,2.5387280742234792,1.8333333333333333
patient-centered medical home,Political Science,-0.23093880963393948,0.4153636924826764,1,-0.4682625218106091,0.24756878985328473,0.6792315275073237,1.1474940493179329,11.083333333333334
patient-centered medical home,Psychology,0.09898566752891326,0.4267597744377514,1,0.17683701452195555,0.26773771864554063,2.7696033463985406,2.592766331876585,8.5
patient-centered medical home,Sociology,-0.43766132182811834,0.46244496587231015,1,-0.38713348009264337,0.3428496104939232,2.0776325556529525,2.464766035745596,5.0
piRNA,Chemistry,0.25195102134683395,0.7493802776640118,0,,,,2.7286354874538223,1.75
piRNA,Computer Science,-0.21792959990453334,0.7469073753799705,0,,,,1.9455224655020513,4.0
piRNA,Environmental Science,-0.15591706497790306,0.7295078907065228,0,,,,2.119837035638803,6.75
piRNA,Medicine,-0.2499790719862626,0.7330420246134943,0,,,,2.2969178304203797,11.25
ribotype 027,Biology,-0.24045748706798717,0.35674457218138284,1,-0.33809004831680933,0.16168419793538413,0.7872972931035308,1.1253873414203401,10.5
ribotype 027,Environmental Science,-0.7269263551218295,0.39482363148279215,1,-0.9543460448139967,0.22210387418376085,0.08381606523367653,1.0381621100476732,7.0
sentiment analysis,Business,-0.5661213259283315,0.7407112800143493,0,,,,0.25407426164868685,7.333333333333333
sentiment analysis,Economics,-0.2057464277804564,0.7639723166975192,0,,,,3.2787882776169894,0.8333333333333333
sentiment analysis,Education,-0.26169050270171423,0.7603607899433193,0,,,,2.6784502423206087,1.1666666666666665
sentiment analysis,Linguistics,-0.0890000200024173,0.1827572264868874,1,-0.12046556425931904,0.03511159276465687,0.34827647845323373,0.46874204271255276,33.333333333333336
sentiment analysis,Medicine,-1.2969906116047616,0.2412835221667374,1,-1.4221871800769361,0.06542450909614489,0.9559999200791277,2.378187100156064,2.9166666666666665
sentiment analysis,Political Science,-0.19671971091073973,0.7594954935810302,0,,,,3.3925034742068263,3.8333333333333335
sentiment analysis,Psychology,-0.3914364757280131,0.7594184452536413,0,,,,1.0029477131668825,2.583333333333333
sentiment analysis,Sociology,-0.8678679329364604,0.7594647271262894,0,,,,,0.5
service-oriented architecture,Art,0.5412024035114986,0.7209533611025181,0,,,,,0.0
service-oriented architecture,Biology,0.44340154755890754,0.7439574710350303,0,,,,3.8180799173603255,2.666666666666667
service-oriented architecture,Business,-0.6768825099618831,0.23279372220724062,1,-0.7691766034188193,0.060229608757995025,0.796356289169104,1.5655328925879233,66.83333333333334
service-oriented architecture,Economics,0.32696134663782644,0.7498286706146291,0,,,4.8640372180004725,3.5691644062645196,1.1666666666666665
service-oriented architecture,Education,0.9174125736465831,0.5192335403429623,1,1.7057671477452332,0.5121381580453949,3.9566991148737904,2.2509319671285573,6.416666666666667
service-oriented architecture,Engineering,0.009464124986868341,0.1118112671528786,1,0.007267418829211947,0.012817653456642207,0.3739360243169694,0.3666686054877574,125.74999999999991
service-oriented architecture,Environmental Science,0.6294104066667109,0.3139665685497798,1,0.7747181149411071,0.12299971160169121,2.2569617810856974,1.4822436661445904,19.58333333333333
service-oriented architecture,Geography,0.39866619579510404,0.6604477868247995,1,0.49478589772762227,1.1663022158387244,3.8497303265110143,3.354944428783392,5.333333333333332
service-oriented architecture,Medicine,0.563319494488898,0.41738509707592597,1,0.8965617223583333,0.2670258904878604,3.6989022816481127,2.8023405592897794,9.5
service-oriented architecture,Physics,0.45876909434354285,0.741758618714061,0,,,,,1.0
service-oriented architecture,Political Science,0.7521019644640691,0.44498136368298297,1,1.0525761464912868,0.3032205784442579,3.8621906316802708,2.809614485188984,5.333333333333333
severe acute respiratory syndrome,Biology,-0.17633215273199532,0.15745417423121716,1,-0.21874943926494628,0.025916710627059202,0.8355802345049042,1.0543296737698504,152.66666666666674
severe acute respiratory syndrome,Business,1.4024558760406958,0.46730821517225013,1,2.612432855709863,0.3713202848362984,6.449680220601675,3.8372473648918115,1.3333333333333333
severe acute respiratory syndrome,Chemistry,0.6054725758109405,0.31260537523005266,1,0.6045384755561443,0.12013254899289712,2.570382453107878,1.9658439775517336,50.250000000000014
severe acute respiratory syndrome,Computer Science,0.13885705490668,0.7152828637192742,0,,,,2.4001117033713215,6.249999999999999
severe acute respiratory syndrome,Economics,0.39449661928437507,0.7465474860366159,0,,,4.888279318469736,5.185733421035627,0.8333333333333333
severe acute respiratory syndrome,Education,0.33855254436311727,0.7432069890387387,0,,,,3.6041382256588457,0.8333333333333333
severe acute respiratory syndrome,Engineering,1.1094916170539098,0.5502450376184055,1,2.882696475808906,0.7751993661604737,5.310055087536397,2.427358611727491,5.166666666666667
severe acute respiratory syndrome,Environmental Science,-0.4501049127109348,0.13856896038159142,1,-0.4810815826904239,0.019981794358478935,0.3936015237577868,0.8746831064482107,228.5000000000003
severe acute respiratory syndrome,Geography,0.4315943810774666,0.8138894650717818,0,,,,5.7156866466487015,0.9166666666666665
severe acute respiratory syndrome,History,0.6087376761580473,0.7120907513902529,0,,,,,0.5
severe acute respiratory syndrome,Law,1.1200395462383195,0.4378171451758139,1,1.0699526711338456,0.2793012058140415,4.00095316816267,2.931000497028825,1.8333333333333333
severe acute respiratory syndrome,Materials Science,0.6087376761580473,0.7120907513902529,0,,,,,0.0
severe acute respiratory syndrome,Mathematics,0.8108326839722926,0.5322044244508339,1,1.7126356247719654,0.5731122959661086,4.137290061159182,2.4246544363872164,6.0
severe acute respiratory syndrome,Physics,0.5263043669900914,0.7385834106530295,0,,,,3.7718967672721413,1.0
severe acute respiratory syndrome,Political Science,0.7300036630049773,0.5399281924154464,1,1.2020381095660184,0.6071282068068633,4.135226762105401,2.933188652539383,5.166666666666667
severe acute respiratory syndrome,Psychology,-0.049393663727334725,0.5179745902514594,1,-0.3651529875440227,0.5135270024111158,4.058386359532764,4.423539347076787,14.333333333333332
severe acute respiratory syndrome,Sociology,-0.1795989019024636,0.5829429957383401,1,0.0021171130389139314,0.8668541853340859,2.382023038466482,2.379905925427568,3.5833333333333335
single-incision laparoscopic surgery,Biology,0.7310234582001751,0.3304503564169932,1,0.8991207877514911,0.13370592002477905,4.704512629320355,3.805391841568864,1.5
single-incision laparoscopic surgery,Engineering,-0.449592936476362,0.1887317115628272,1,-0.47602111930565927,0.03817326196178974,0.5719554810926625,1.0479766003983217,32.33333333333333
sirtuin,Chemistry,0.5624700008280568,0.4942784364462636,1,0.8334936905457606,0.43913691352483647,2.4888786229603292,1.6553849324145686,10.5
sirtuin,Environmental Science,-0.10455991853201077,0.7157610231929652,0,,,,1.94676936775678,1.6666666666666665
sirtuin,Medicine,-0.2088906142131085,0.12324933517887598,1,-0.20927301284353017,0.01563741909485446,0.4162330251281072,0.6255060379716374,33.66666666666667
smart grid,Art,0.33207486388090746,0.7237743834980593,0,,,,,1.0
smart grid,Business,-0.24254109114063993,0.7295375372322761,0,,,3.1716637829707044,,4.999999999999999
smart grid,Chemistry,0.33207486388090746,0.7237743834980593,0,,,,,0.0
smart grid,Computer Science,-0.2828606577655697,0.08556831328451955,1,-0.2854252013464566,0.007424058975580907,0.23496039549928677,0.5203855968457434,335.91666666666526
smart grid,Economics,0.429269872647108,0.392714913901903,1,0.5844634328619163,0.20925147428713153,1.5551879322452498,0.9707244993833335,29.83333333333331
smart grid,Education,0.061889732085977436,0.7497066750754761,0,,,5.300186919619245,,0.5833333333333333
smart grid,Environmental Science,-0.13116181854810532,0.05017295755500462,1,-0.13149541302252918,0.0025299915533048,0.008184010678411216,0.13967942370094039,473.4166666666607
smart grid,Geography,0.15493156880032677,0.8199700234523729,0,,,,,0.3333333333333333
smart grid,History,0.33207486388090746,0.7237743834980593,0,,,4.717117960110495,,0.5
smart grid,Law,0.9186801817788093,0.7700871198727034,0,,,2.504234469886761,,1.3333333333333333
smart grid,Materials Science,0.33207486388090746,0.7237743834980593,0,,,,,1.0
smart grid,Philosophy,0.33207486388090746,0.7237743834980593,0,,,,,1.6666666666666665
smart grid,Physics,0.3409830894455855,0.45975558777916875,1,0.4142857789898291,0.33698870126429586,2.1948867232289295,1.7806009442391004,5.416666666666667
smart grid,Political Science,0.31281216685310215,0.3731136682398889,1,0.3940070506320028,0.18335484032401037,3.1864298224998175,2.7924227718678147,5.833333333333333
smart grid,Sociology,-0.5442876981487688,0.7487599726812589,0,,,,,0.75
social tagging,Art,0.3446971706802472,0.7184523523529179,0,,,2.4143775709545316,,2.0
social tagging,Business,-0.25341890083658053,0.39022968159444504,1,-0.2652558207674267,0.21151074229034827,3.023318373007606,3.2885741937750326,2.3333333333333335
social tagging,Education,-0.24442917229185643,0.44452231991445307,1,-0.47236015661509345,0.3000934121099265,2.0737098023197538,2.546069958934847,8.25
social tagging,Engineering,-0.11507513900677632,0.7107050663961948,0,,,,,1.0
social tagging,Linguistics,1.4182937369245547,0.49667910139912164,1,2.1784780470084275,0.4016394070530297,3.810517708159288,1.6320396611508605,2.5
social tagging,Medicine,-0.15723292265284936,0.7085871615446782,0,,,4.345247374562206,,1.5
social tagging,Philosophy,0.6902457981221262,0.3477255077156,1,0.818764516108347,0.15617839201608924,3.677746281121603,2.858981765013256,1.3333333333333333
social tagging,Political Science,0.13948283067629166,0.748980170268124,0,,,,,1.0
social tagging,Psychology,0.30551535778360095,0.4840087159789309,1,0.6450781530817342,0.3952558872588879,3.2485602266380313,2.603482073556297,2.833333333333333
social tagging,Sociology,-1.2408233858126405,0.4334667116311665,1,-1.711359045279286,0.27862063229736694,-0.37649143473816576,1.3348676105411201,14.083333333333334
synthetic biology,Chemistry,-0.07211422585847219,0.2526344351428786,1,-0.10761908817810384,0.0731818915665549,1.4617505893509757,1.5693696775290795,11.0
synthetic biology,Computer Science,-0.38629281533241255,0.3468569012668788,1,-0.404212774105735,0.1566882483193607,0.7241825667890326,1.1283953408947676,15.250000000000005
synthetic biology,Engineering,0.11335621488877606,0.13117187866462732,1,0.13209132585806746,0.017818596855256427,0.3659680138207808,0.23387668796271335,45.83333333333334
synthetic biology,Environmental Science,-0.017426144327824522,0.31565853617861855,1,0.05969821130188313,0.1251242689362517,1.1824145808763848,1.1227163695745017,13.083333333333337
synthetic biology,History,-0.10253195515152774,0.5483934340037941,1,-0.5334566898055275,0.7728253153665647,2.166964624357626,2.7004213141631537,1.4999999999999998
synthetic biology,Law,0.15099995826586754,0.6100306312282713,1,-1.185740110994165,0.9896026030410389,3.0446242914615436,4.2303644024557086,1.6666666666666665
synthetic biology,Materials Science,0.29061136003701515,0.35924359556283597,1,0.3566160633083506,0.17431891695278992,1.4557945232773906,1.09917845996904,2.083333333333333
synthetic biology,Medicine,-0.05211214782090967,0.5000012973756742,1,0.3322894089100361,0.5072723851654704,1.734160019981837,1.4018706110718009,4.833333333333333
synthetic biology,Philosophy,-0.5275215595142909,0.27537947381070843,1,-0.6679013955185451,0.08943236858899502,0.9139668624132662,1.5818682579318113,13.416666666666668
synthetic biology,Political Science,-0.0736018722551445,0.7417526291100363,0,,,,2.6415094278694706,4.0
synthetic biology,Sociology,-0.7932514508843089,0.42651820803935087,1,-0.824217638708856,0.26810048038228707,1.5625371780249435,2.3867548167337995,5.333333333333333
takotsubo cardiomyopathy,Environmental Science,-0.8390586832643903,0.3883338901947406,1,-1.1226448893623742,0.2102851455352801,2.6582927091695097,3.780937598531884,1.5
vehicular ad hoc network,Art,0.10323435065478975,0.7406098455577687,0,,,,,1.0
vehicular ad hoc network,Business,-0.47138160436675763,0.7466058907993792,0,,,3.379683970626529,,1.4999999999999998
vehicular ad hoc network,Environmental Science,-1.0253622486272462,0.2590595814956115,1,-1.1571305061076758,0.07677199632109881,0.3601855571710021,1.5173160632786777,76.5
vehicular ad hoc network,Geography,-0.07390894442579093,0.8350277557198454,0,,,,3.4089032596113613,1.8333333333333333
vehicular ad hoc network,Physics,0.0208010414868339,0.7604903771375691,0,,,,,0.5
vehicular ad hoc network,Political Science,-0.1019799893491658,0.764845552945679,0,,,,2.0315438362934235,4.666666666666666
wireless body area network,Business,-0.23219232942611662,0.7355930675991527,0,,,,,0.0
wireless body area network,Computer Science,-0.10526437350049916,0.07328920495248023,1,-0.10497765921433014,0.005425058788068764,0.12584575665760708,0.23082341587193722,100.24999999999986
wireless body area network,Environmental Science,-0.06544446072930626,0.7088636697415431,0,,,,1.7309551160490924,1.1666666666666665
wireless body area network,Medicine,-0.024834727173098314,0.07001011263287926,1,-0.023247788858337337,0.0049482007100484565,0.34535729717391606,0.3686050860322534,74.91666666666669
wireless body area network,Physics,0.5415851070763598,0.3876023923330224,1,0.6776798069635038,0.20294592272449777,1.5346867724065327,0.8570069654430289,8.833333333333332
zinc finger nuclease,Chemistry,0.14832902976736329,0.737279991522548,0,,,,0.5756002268683013,4.333333333333334
zinc finger nuclease,Engineering,-0.46354271701682453,0.38724301839917113,1,-0.5391185323003758,0.20865027851469994,0.3010698747568474,0.8401884070572232,6.083333333333333
zinc finger nuclease,Medicine,-0.7036869131160879,0.4389499125626868,1,-0.9565725085192653,0.30332853664356885,0.07234455546742666,1.028917063986692,12.166666666666668
