concept,field,j,R_j,n_j_early,n_j_late,log_n_j_early,growth_j,share_j,dev_group
zinc finger nuclease,Engineering,1,1,10.25,37.666666666666664,2.327277705584417,0.7252354951114458,0.07118055555555555,"Biochemistry, Genetics and Molecular Biology"
zinc finger nuclease,Medicine,3,1,35.833333333333336,208.83333333333337,3.578878558899608,0.8685000680378064,0.24884259259259262,"Biochemistry, Genetics and Molecular Biology"
zinc finger nuclease,Chemistry,4,1,7.666666666666666,21.499999999999996,2.03688192726104,1.0414538748281612,0.053240740740740734,"Biochemistry, Genetics and Molecular Biology"
Web 2.0,Engineering,1,1,493.61666666666514,290.72988888888887,6.201759237553277,1.2265193784648651,0.039263177431329,Computer Science
Web 2.0,Biology,2,0,94.49999999999999,16.12077777777778,4.548599834499697,-0.05863343924985679,0.007516703786191581,Computer Science
Web 2.0,Medicine,3,1,284.83333333333354,236.8086666666667,5.651904213887537,1.7591665327881951,0.022656167143917855,Computer Science
Web 2.0,Chemistry,4,0,8.416666666666664,1.1117777777777778,2.130213867053259,1.1814999484738773,0.0006694771449782625,Computer Science
Web 2.0,Physics,6,1,82.08333333333333,66.9846111111111,4.407734991384088,0.8244831826210323,0.006529059285184046,Computer Science
Web 2.0,Mathematics,7,1,24.916666666666664,27.238555555555546,3.215536923602686,1.414732296440424,0.001981917488599015,Computer Science
Web 2.0,Environmental Science,8,1,153.20000000000007,95.33494444444437,5.031744257306491,1.9476942708488127,0.012185809735921175,Computer Science
Web 2.0,Agricultural and Food Sciences,9,1,11.166666666666668,14.45311111111111,2.412933150162911,1.3862943611198906,0.0008882172022483881,Computer Science
Web 2.0,Geology,10,0,5.416666666666666,8.338333333333333,1.6894806201076367,1.8055527913603908,0.0004308516279563076,Computer Science
Web 2.0,Geography,11,1,220.08333333333348,226.80266666666677,5.394006262509133,1.4338627780389994,0.017505833068193987,Computer Science
Web 2.0,Psychology,12,1,83.25,79.4921111111111,4.421848128860553,2.3400329805595437,0.006621858097359251,Computer Science
Web 2.0,Sociology,13,1,675.9500000000013,654.2812222222226,6.5161191088104164,1.7247404908607251,0.05376630607699693,Computer Science
Web 2.0,Economics,14,1,68.03333333333343,54.75505555555558,4.219997781147691,1.343522635129613,0.005411496447131231,Computer Science
Web 2.0,Business,15,1,835.3666666666705,579.5141666666672,6.727870750221604,1.5331445866976576,0.06644660091208046,Computer Science
Web 2.0,Political Science,16,1,902.2833333333346,929.168277777778,6.8049285875158105,1.7993927785410535,0.07176927563898663,Computer Science
Web 2.0,Education,17,1,1652.4999999999875,1413.9033888888866,7.410044571725834,1.7891307546571336,0.13144288895959255,Computer Science
Web 2.0,Law,18,1,116.94999999999995,85.60688888888888,4.761746493030188,1.3779261114493744,0.009302418071905875,Computer Science
Web 2.0,Linguistics,19,1,91.91666666666659,133.13538888888888,4.520882369465501,1.80854488592007,0.007311220702089337,Computer Science
Web 2.0,Philosophy,20,1,158.3666666666667,226.8026666666667,5.0649130195247665,1.8242612321325915,0.012596775904125649,Computer Science
Web 2.0,History,21,1,96.94999999999996,122.85144444444447,4.574195381688661,1.6186453931850135,0.007711581291759509,Computer Science
Web 2.0,Art,22,1,525.833333333333,611.4777777777778,6.264984305747258,1.5084157983748716,0.041825750344681535,Computer Science
sentiment analysis,Medicine,3,1,7.416666666666666,47.729166666666664,2.0037297199441393,1.4098248585300845,0.008150183150183149,Computer Science
sentiment analysis,Psychology,12,1,9.583333333333332,45.534722222222214,2.26002547857525,1.4816045409242158,0.010531135531135528,Computer Science
sentiment analysis,Sociology,13,1,12.0,75.26944444444445,2.4849066497880004,1.5493339883643948,0.013186813186813185,Computer Science
sentiment analysis,Economics,14,1,12.16666666666667,52.99583333333336,2.4986999719203364,1.1939224684724346,0.013369963369963371,Computer Science
sentiment analysis,Business,15,1,52.58333333333334,308.2097222222225,3.962399212753213,1.7069102552429205,0.05778388278388279,Computer Science
sentiment analysis,Political Science,16,1,25.5,109.39305555555555,3.2386784521643803,0.7312989465243214,0.02802197802197802,Computer Science
sentiment analysis,Education,17,1,6.999999999999999,40.26805555555555,1.9459101490553132,1.2527629684953678,0.00769230769230769,Computer Science
sentiment analysis,Linguistics,19,1,127.74999999999997,432.7444444444443,4.850075229083814,1.314535592008832,0.14038461538461533,Computer Science
smart grid,Computer Science,0,1,1751.8499999999153,2714.60593333333,7.468427651392636,2.8242655240215733,0.1887769396551575,Engineering
smart grid,Chemistry,4,1,7.583333333333331,16.437666666666665,2.0259528567288494,1.6218604324326575,0.0008171695402298597,Engineering
smart grid,Materials Science,5,1,36.74999999999999,45.95075,3.6041382256588457,1.710790406694387,0.0039601293103447045,Engineering
smart grid,Physics,6,1,145.91666666666674,165.1238333333333,4.983035682497852,1.7161659137097511,0.01572377873563171,Engineering
smart grid,Environmental Science,8,1,3111.7166666668127,4396.47810000009,8.042929835737848,2.3057538521475074,0.3353142959770169,Engineering
smart grid,Geography,11,1,16.5,54.16958333333333,2.803360380906535,1.822156946412426,0.0017780172413792556,Engineering
smart grid,Sociology,13,1,5.783333333333333,34.36966666666665,1.7549802177247584,1.7972996496036704,0.0006232040229884866,Engineering
smart grid,Economics,14,1,215.98333333333454,327.7820166666668,5.3752012442133195,2.551027533194662,0.023274066091953437,Engineering
smart grid,Business,15,1,87.61666666666656,113.19574999999993,4.472971238597347,1.697419946792333,0.009441451149424985,Engineering
smart grid,Political Science,16,1,86.93333333333332,114.46593333333331,4.465141541384388,2.1170242528288794,0.009367816091953734,Engineering
smart grid,Education,17,1,8.833333333333332,13.822583333333332,2.1785324443240666,1.5178707189086098,0.0009518678160919246,Engineering
smart grid,Law,18,0,25.39999999999999,14.943333333333332,3.2347491740244907,1.6953918199307927,0.0027370689655171563,Engineering
smart grid,Philosophy,20,1,6.749999999999999,20.54708333333333,1.9095425048844383,2.0476928433652555,0.0007273706896551499,Engineering
smart grid,History,21,0,5.416666666666667,0.0,1.6894806201076369,1.5755363607584192,0.0005836925287356142,Engineering
smart grid,Art,22,1,17.0,29.139499999999998,2.833213344056216,1.4469189829363254,0.0018318965517240815,Engineering
crowdsourcing,Engineering,1,1,112.74999999999989,401.47527777777844,4.725172978382787,2.3558575596029767,0.05300893276915834,Computer Science
crowdsourcing,Biology,2,1,11.166666666666666,51.35277777777778,2.412933150162911,2.367123614131617,0.005249960821187897,Computer Science
crowdsourcing,Medicine,3,1,33.0,240.1388888888888,3.4965075614664802,2.737903164251891,0.015514809590973188,Computer Science
crowdsourcing,Chemistry,4,0,6.833333333333333,9.790277777777778,1.9218125974762528,-0.3227733922630512,0.0032126625920702056,Computer Science
crowdsourcing,Physics,6,1,6.333333333333334,19.765277777777783,1.845826690498331,1.7635885922613588,0.002977589719479703,Computer Science
crowdsourcing,Mathematics,7,1,8.333333333333332,52.27638888888889,2.120263536200091,2.1400661634962708,0.003917881209841714,Computer Science
crowdsourcing,Environmental Science,8,1,69.86666666666667,351.52638888888924,4.246588663778778,2.6461747973841234,0.03284751606331294,Computer Science
crowdsourcing,Geography,11,1,41.616666666666674,134.071388888889,3.7285007280576727,1.5943242746240522,0.019565898761949526,Computer Science
crowdsourcing,Psychology,12,1,29.283333333333324,140.01944444444456,3.377018525964996,2.669120354733993,0.013767434571383779,Computer Science
crowdsourcing,Sociology,13,1,110.39999999999989,336.34222222222223,4.704110133842994,2.0519846954467966,0.05190409026798298,Computer Science
crowdsourcing,Economics,14,1,66.28333333333336,187.08666666666662,4.19393848298559,2.036441544120597,0.031162827143081006,Computer Science
crowdsourcing,Business,15,1,197.78333333333345,477.9502777777786,5.287172155443039,1.7067662563946617,0.0929869926343833,Computer Science
crowdsourcing,Political Science,16,1,103.78333333333332,303.49861111111096,4.642305392650351,2.1972245773362196,0.048793292587368704,Computer Science
crowdsourcing,Education,17,1,43.41666666666668,125.42638888888892,3.770843391965367,1.6018139873234407,0.020412161103275338,Computer Science
crowdsourcing,Law,18,1,17.916666666666668,55.78611111111111,2.8857313783396625,1.9867321435755685,0.008423444601159687,Computer Science
crowdsourcing,Linguistics,19,1,67.66666666666669,152.02638888888893,4.214593690373678,3.123832276181307,0.031813195423914725,Computer Science
crowdsourcing,Philosophy,20,1,9.083333333333336,27.33888888888889,2.2064412324411435,2.1498223384416355,0.00427049051872747,Computer Science
crowdsourcing,History,21,1,19.916666666666668,46.734722222222224,2.99155690214351,2.480266270231498,0.009363736091521697,Computer Science
crowdsourcing,Art,22,1,45.75000000000001,111.75694444444447,3.8231917917215306,1.849579040116881,0.021509167842031014,Computer Science
mashup,Engineering,1,1,131.44999999999987,76.00000000000004,4.8786265511758895,0.7830803150187184,0.06472181191531261,Computer Science
mashup,Biology,2,0,11.166666666666666,1.4999999999999998,2.412933150162911,-0.5959834321062972,0.005498112588215987,Computer Science
mashup,Medicine,3,1,28.866666666666656,9.833333333333334,3.3626875269002796,0.792445401542226,0.01421303134744789,Computer Science
mashup,Physics,6,0,20.916666666666664,6.166666666666666,3.0405462893437836,0.20391218938632205,0.010298703430165765,Computer Science
mashup,Environmental Science,8,1,46.950000000000024,39.91666666666668,3.8490832056542725,1.1638154824788718,0.02311669128508126,Computer Science
mashup,Geography,11,1,66.11666666666667,34.41666666666666,4.191420858292229,0.38299225225610556,0.03255375020515346,Computer Science
mashup,Sociology,13,1,25.499999999999993,22.833333333333332,3.2386784521643803,0.4462871026284198,0.012555391432791727,Computer Science
mashup,Business,15,1,94.25,27.33333333333333,4.54595082632812,0.7238009216509478,0.0464057114721812,Computer Science
mashup,Political Science,16,1,39.083333333333336,15.000000000000002,3.6656961186582793,1.1020078776692477,0.019243394058755955,Computer Science
mashup,Education,17,1,93.24999999999999,39.583333333333336,4.535284058523925,0.43615091881160856,0.045913343180699166,Computer Science
mashup,Law,18,0,22.666666666666664,7.999999999999999,3.120895416507997,0.9555114450274362,0.011160347940259316,Computer Science
mashup,Philosophy,20,1,13.5,9.5,2.6026896854443837,0.7295148247308201,0.006646971935007387,Computer Science
mashup,History,21,1,11.333333333333334,10.666666666666668,2.4277482359480516,1.6650077635889111,0.005580173970129659,Computer Science
mashup,Art,22,1,46.5,73.0,3.8394523125933104,1.6447060512715581,0.022895125553914333,Computer Science
DNA barcoding,Computer Science,0,1,13.51693851944793,25.333333333333325,2.6039436041039776,1.1989721985965438,0.01856946354883081,"Biochemistry, Genetics and Molecular Biology"
DNA barcoding,Medicine,3,1,14.017565872020079,65.66666666666671,2.6403112482748528,1.7434125168741155,0.01925722145804677,"Biochemistry, Genetics and Molecular Biology"
DNA barcoding,Environmental Science,8,1,252.81681304893362,738.3333333333345,5.532665167375009,1.356815335954282,0.3473177441540579,"Biochemistry, Genetics and Molecular Biology"
DNA barcoding,Agricultural and Food Sciences,9,1,8.677540777917189,45.49999999999999,2.160738168012966,2.2166909199191114,0.011921137093076567,"Biochemistry, Genetics and Molecular Biology"
pandemic H1N1,Computer Science,0,1,52.548453385247676,9.833333333333334,3.9617356655910436,-0.7193166547184695,0.013028338136407289,Medicine
pandemic H1N1,Engineering,1,0,21.067813108371187,2.9166666666666665,3.0477464307051676,-0.1817834784627452,0.005223342939481263,Medicine
pandemic H1N1,Biology,2,1,281.3884923210035,80.83333333333333,5.63973624946244,0.14633610699623786,0.06976464937560029,Medicine
pandemic H1N1,Chemistry,4,1,29.0590525632706,10.916666666666666,3.36933005483263,0.42356867071365284,0.007204610951008638,Medicine
pandemic H1N1,Mathematics,7,0,12.592256110750593,8.25,2.5330820306320114,0.5722336340788662,0.00312199807877041,Medicine
pandemic H1N1,Environmental Science,8,1,699.6935539692852,118.33333333333317,6.550642459145867,-1.0703369702433307,0.17347502401536996,Medicine
pandemic H1N1,Agricultural and Food Sciences,9,1,54.824745836037195,12.083333333333334,4.004141658379612,-0.8529889636337764,0.01359269932756963,Medicine
pandemic H1N1,Geography,11,0,11.236166991131299,1.3333333333333333,2.4191377712827937,0.4406932100444651,0.0027857829010566734,Medicine
pandemic H1N1,Psychology,12,0,34.386545533203545,3.0,3.5376653696518447,-1.1863758022946065,0.00852545629202689,Medicine
pandemic H1N1,Sociology,13,1,56.42299372701709,13.5,4.032876765616285,-0.09225059725730649,0.013988952929875106,Medicine
pandemic H1N1,Economics,14,0,33.27261518494484,5.499999999999999,3.504734691838833,-0.7312273993217046,0.008249279538904891,Medicine
pandemic H1N1,Business,15,0,23.489400821977068,2.8333333333333335,3.1565492905539667,-1.0693703376323707,0.005823727185398649,Medicine
pandemic H1N1,Political Science,16,1,104.22513519359723,20.5,4.646553320898159,-0.7789483757985942,0.025840537944284318,Medicine
pandemic H1N1,Education,17,0,21.309971879731773,4.166666666666666,3.0591751265287903,-0.8348717536759166,0.005283381364073001,Medicine
pandemic H1N1,Law,18,0,11.62362102530824,2.5,2.453039322958475,-2.4557340661262796,0.0028818443804034554,Medicine
pandemic H1N1,Philosophy,20,0,11.139303482587065,0.3333333333333333,2.410479708539679,-2.2739505876635344,0.002761767531219978,Medicine
pandemic H1N1,History,21,0,13.318732424832358,1.0833333333333333,2.589171497283055,-0.5440762814893682,0.0033021133525456257,Medicine
pandemic H1N1,Art,22,0,13.07657365347177,0.0,2.5708223586148584,-0.7495114965363934,0.003242074927953887,Medicine
WiMAX,Engineering,1,1,1676.649999999996,3055.15405555555,7.424553034018414,2.4299346265429866,0.4270631686194598,Computer Science
WiMAX,Biology,2,0,61.0,18.771,4.110873864173311,0.0,0.015537442689760601,Computer Science
WiMAX,Medicine,3,1,9.416666666666666,27.113666666666674,2.24248116892434,2.26002547857525,0.0023985396501952838,Computer Science
WiMAX,Materials Science,5,0,9.5,6.778416666666668,2.2512917986064953,1.1676051601550612,0.002419765664798782,Computer Science
WiMAX,Physics,6,1,183.4166666666667,324.14736111111114,5.211760431738462,1.7312815502652537,0.04671845814229931,Computer Science
WiMAX,Environmental Science,8,1,39.11666666666666,83.42666666666666,3.666548633628923,1.747459210331474,0.009963491254882,Computer Science
WiMAX,Geography,11,1,23.666666666666664,52.836888888888886,3.1640675883732055,1.2188614168196867,0.006028188147393456,Computer Science
WiMAX,Economics,14,1,18.316666666666666,15.642499999999995,2.9078113921815207,1.2638810570793453,0.00466547800984888,Computer Science
WiMAX,Business,15,0,79.14999999999999,52.489277777777765,4.371344786327021,2.112043800026989,0.020160468670402484,Computer Science
WiMAX,Political Science,16,0,52.366666666666674,38.06341666666666,3.9582702565934658,1.4527841023887234,0.0133384275768382,Computer Science
WiMAX,Education,17,0,6.083333333333334,2.7808888888888887,1.8055527913603908,-0.0953101798043249,0.0015494990660553606,Computer Science
WiMAX,Philosophy,20,0,8.0,4.171333333333333,2.0794415416798357,0.22314355131420976,0.0020376974019358164,Computer Science
WiMAX,Art,22,1,22.5,33.02305555555556,3.1135153092103742,1.236762627148927,0.005731023942944484,Computer Science
latent Dirichlet allocation,Engineering,1,1,11.166666666666668,27.416666666666657,2.412933150162911,2.159484249353372,0.014170896785109981,Computer Science
latent Dirichlet allocation,Biology,2,1,11.666666666666666,12.500000000000004,2.456735772821304,1.3862943611198906,0.01480541455160744,Computer Science
latent Dirichlet allocation,Medicine,3,1,8.0,32.83333333333333,2.0794415416798357,1.6094379124341003,0.010152284263959388,Computer Science
latent Dirichlet allocation,Mathematics,7,1,51.666666666666664,64.08333333333334,3.9448128282511368,0.741349282377823,0.06556683587140438,Computer Science
latent Dirichlet allocation,Environmental Science,8,1,5.0,25.58333333333333,1.6094379124341003,1.6422277352570913,0.0063451776649746175,Computer Science
latent Dirichlet allocation,Business,15,1,10.166666666666666,24.416666666666664,2.3191143949452564,1.4781019103730135,0.012901861252115055,Computer Science
latent Dirichlet allocation,Linguistics,19,1,24.416666666666668,48.166666666666664,3.195265959229067,1.3862943611198908,0.030985617597292715,Computer Science
social tagging,Engineering,1,0,7.5,4.166666666666667,2.0149030205422647,1.8971199848858813,0.009640102827763494,Computer Science
social tagging,Medicine,3,0,6.0,5.333333333333333,1.791759469228055,1.0986122886681098,0.007712082262210796,Computer Science
social tagging,Psychology,12,0,10.333333333333332,7.083333333333333,2.3353749158170363,1.8458266904983307,0.013281919451585258,Computer Science
social tagging,Sociology,13,1,47.083333333333336,24.416666666666664,3.8519190813584405,0.8261396348798575,0.060518423307626384,Computer Science
social tagging,Business,15,0,13.000000000000002,8.666666666666668,2.5649493574615367,1.496642418288756,0.016709511568123392,Computer Science
social tagging,Political Science,16,0,10.166666666666668,4.166666666666666,2.3191143949452564,1.276293465905562,0.013067694944301628,Computer Science
social tagging,Education,17,1,30.333333333333325,25.58333333333333,3.41224721784874,1.0908301482260547,0.03898886032562123,Computer Science
social tagging,Linguistics,19,0,9.5,5.833333333333333,2.2512917986064953,0.6359887667199966,0.012210796915167093,Computer Science
social tagging,Art,22,1,18.083333333333332,11.333333333333332,2.8949907037524594,0.6737290947028437,0.023243359040274202,Computer Science
synthetic biology,Computer Science,0,1,72.11666666666666,148.4833333333333,4.278285178002784,1.3469690673348476,0.08185773741959902,"Biochemistry, Genetics and Molecular Biology"
synthetic biology,Engineering,1,1,160.45000000000013,455.73333333333,5.077982367555867,1.3543658803416052,0.18212258796821826,"Biochemistry, Genetics and Molecular Biology"
synthetic biology,Medicine,3,1,28.416666666666654,102.36666666666653,3.346975827495516,1.1296569103500704,0.03225501324252745,"Biochemistry, Genetics and Molecular Biology"
synthetic biology,Chemistry,4,1,64.16666666666673,221.23333333333406,4.16148386505973,1.6228096493999908,0.07283390087022337,"Biochemistry, Genetics and Molecular Biology"
synthetic biology,Materials Science,5,1,17.000000000000004,55.96666666666675,2.833213344056216,0.837396789404492,0.019296254256526698,"Biochemistry, Genetics and Molecular Biology"
synthetic biology,Environmental Science,8,1,56.86666666666674,173.96666666666695,4.0407093463894705,1.794320290089729,0.06454786227771486,"Biochemistry, Genetics and Molecular Biology"
synthetic biology,Sociology,13,1,9.583333333333334,22.449999999999992,2.26002547857525,2.268683541318364,0.010877790389708677,"Biochemistry, Genetics and Molecular Biology"
synthetic biology,Political Science,16,1,8.999999999999998,24.233333333333324,2.197224577336219,1.8621402659898545,0.010215664018161189,"Biochemistry, Genetics and Molecular Biology"
synthetic biology,Law,18,1,8.333333333333332,19.03333333333333,2.120263536200091,1.8191584434161694,0.009458948164964065,"Biochemistry, Genetics and Molecular Biology"
synthetic biology,Philosophy,20,1,32.533333333333324,89.29999999999995,3.482265204750937,2.752598577363279,0.0369277336360197,"Biochemistry, Genetics and Molecular Biology"
long noncoding RNA,Computer Science,0,1,17.0,93.13883333333338,2.833213344056216,2.3353749158170367,0.030965391621129334,"Biochemistry, Genetics and Molecular Biology"
long noncoding RNA,Medicine,3,1,137.50000000000003,2613.7891999999993,4.923623917106626,2.6135240276100937,0.25045537340619317,"Biochemistry, Genetics and Molecular Biology"
long noncoding RNA,Environmental Science,8,1,7.166666666666666,106.11064444444449,1.9694406464655074,1.6314168191528755,0.01305403764420158,"Biochemistry, Genetics and Molecular Biology"
comparative effectiveness research,Computer Science,0,1,51.33333333333334,20.0,3.9383403137455195,1.2527629684953678,0.029100529100529116,Medicine
comparative effectiveness research,Engineering,1,0,8.5,7.5,2.1400661634962708,1.6094379124341003,0.004818594104308392,Medicine
comparative effectiveness research,Biology,2,0,7.833333333333333,0.5,2.0583881324820035,-0.3227733922630512,0.004440665154950871,Medicine
comparative effectiveness research,Environmental Science,8,0,10.0,2.8333333333333335,2.302585092994046,0.6286086594223741,0.005668934240362814,Medicine
comparative effectiveness research,Psychology,12,0,16.0,7.666666666666667,2.772588722239781,0.47803580094299974,0.009070294784580503,Medicine
comparative effectiveness research,Sociology,13,0,8.333333333333332,6.5,2.120263536200091,0.033901551675681416,0.004724111866969011,Medicine
comparative effectiveness research,Economics,14,1,222.16666666666686,63.666666666666686,5.403427850950655,0.2797182791606422,0.12594482237339397,Medicine
comparative effectiveness research,Business,15,1,33.99999999999999,9.666666666666666,3.526360524616161,0.5257142362597415,0.019274376417233563,Medicine
comparative effectiveness research,Political Science,16,0,73.58333333333336,10.833333333333334,4.29841855081596,-0.556482626103386,0.04171390778533639,Medicine
comparative effectiveness research,Education,17,1,26.499999999999996,14.333333333333334,3.2771447329921766,0.9844989819006887,0.015022675736961455,Medicine
comparative effectiveness research,Law,18,0,15.58333333333334,6.5,2.7462019670665865,0.3387737336094919,0.008834089191232054,Medicine
sirtuin,Medicine,3,1,109.74999999999994,543.5833333333329,4.69820505195528,1.8044984950054845,0.39056939501779364,"Biochemistry, Genetics and Molecular Biology"
sirtuin,Chemistry,4,1,35.24999999999999,84.58333333333333,3.5624655292582776,0.8602012652231116,0.12544483985765129,"Biochemistry, Genetics and Molecular Biology"
sirtuin,Environmental Science,8,1,7.58333333333333,44.33333333333336,2.0259528567288494,0.17435338714477774,0.02698695136417557,"Biochemistry, Genetics and Molecular Biology"
next-generation sequencing,Computer Science,0,1,67.08333333333334,733.9373333333339,4.205935627630563,2.9298595294032834,0.14395565092989987,Medicine
next-generation sequencing,Engineering,1,1,6.416666666666665,75.2473333333333,1.8588987720656833,2.0037297199441393,0.013769670958512155,Medicine
next-generation sequencing,Biology,2,1,236.5000000000001,3282.857999999997,5.465948207931988,3.9527219154507387,0.5075107296137341,Medicine
next-generation sequencing,Chemistry,4,1,5.916666666666666,61.34533333333332,1.777773227253315,1.4000876832522264,0.0126967095851216,Medicine
next-generation sequencing,Materials Science,5,1,5.75,62.0073333333333,1.749199854809259,1.9095425048844386,0.012339055793991414,Medicine
next-generation sequencing,Environmental Science,8,1,36.24999999999999,913.5599999999987,3.5904393813006834,3.2981490057627085,0.07778969957081543,Medicine
next-generation sequencing,Agricultural and Food Sciences,9,1,7.083333333333333,182.27066666666673,1.957744606702316,2.0476928433652555,0.015200286123032902,Medicine
energy harvesting,Computer Science,0,1,42.25000000000003,258.03550000000035,3.7436043538031836,1.3143208614948012,0.039671361502347506,Engineering
energy harvesting,Biology,2,0,18.61666666666667,34.125638888888886,2.9240572368471,0.8034952377288109,0.017480438184663567,Engineering
energy harvesting,Medicine,3,1,18.16666666666667,74.46747222222224,2.899588413001089,1.6635051337043762,0.01705790297339596,Engineering
energy harvesting,Chemistry,4,0,25.366666666666656,51.683216666666645,3.23343597619953,0.8280664984593163,0.023818466353677646,Engineering
energy harvesting,Materials Science,5,1,126.11666666666626,543.3968833333306,4.837207404472418,1.328326522911454,0.11841940532081358,Engineering
energy harvesting,Physics,6,1,250.5833333333341,1053.2516888888933,5.523791533200532,1.5650491333930963,0.23528951486698074,Engineering
energy harvesting,Environmental Science,8,1,135.8666666666665,549.6130777777761,4.911674012680459,1.3754480810788827,0.1275743348982786,Engineering
ZigBee,Biology,2,1,11.25,14.693333333333332,2.4203681286504293,0.6931471805599453,0.00464876033057849,Computer Science
ZigBee,Medicine,3,1,99.74999999999991,172.03444444444426,4.602667055769972,2.37024374146786,0.04121900826446257,Computer Science
ZigBee,Physics,6,0,152.0,159.48388888888888,5.0238805208462765,1.7950872593207297,0.0628099173553716,Computer Science
ZigBee,Environmental Science,8,1,180.50000000000045,678.0361111111075,5.195730777772938,2.5466840094842422,0.07458677685950396,Computer Science
ZigBee,Agricultural and Food Sciences,9,1,14.666666666666671,70.55861111111108,2.685577345250152,2.2512917986064953,0.006060606060606033,Computer Science
ZigBee,Geography,11,1,5.5,17.14222222222222,1.7047480922384253,0.6931471805599453,0.0022727272727272618,Computer Science
ZigBee,Business,15,0,27.5,23.570555555555558,3.3141860046725258,1.6637499017878403,0.011363636363636308,Computer Science
ZigBee,Philosophy,20,0,9.0,9.183333333333334,2.1972245773362196,1.3862943611198906,0.0037190082644627917,Computer Science
ZigBee,Art,22,1,27.0,43.773888888888884,3.295836866004329,1.4469189829363254,0.011157024793388376,Computer Science
extreme learning machine,Engineering,1,1,127.49999999999991,578.999999999999,4.84811636459848,1.4798547592004276,0.1914414414414414,Computer Science
extreme learning machine,Biology,2,1,10.0,27.583333333333332,2.302585092994046,0.6225296133459921,0.015015015015015024,Computer Science
extreme learning machine,Medicine,3,1,35.66666666666666,150.41666666666666,3.574216545793796,1.8931119634883427,0.05355355355355357,Computer Science
extreme learning machine,Materials Science,5,1,6.833333333333332,40.916666666666686,1.9218125974762525,0.6931471805599453,0.010260260260260263,Computer Science
extreme learning machine,Mathematics,7,1,43.00000000000001,139.75,3.7612001156935624,0.5761755039744411,0.06456456456456461,Computer Science
extreme learning machine,Environmental Science,8,1,18.833333333333332,191.91666666666708,2.9356283494842854,1.4198170531585346,0.02827827827827829,Computer Science
extreme learning machine,Business,15,1,11.166666666666666,24.833333333333332,2.412933150162911,0.8056251639866356,0.016766766766766774,Computer Science
wireless body area network,Computer Science,0,1,252.75000000000105,503.6666666666614,5.532400857900585,1.0419983888628503,0.2646596858638754,Engineering
wireless body area network,Medicine,3,1,204.75000000000065,390.16666666666396,5.321789722733182,0.8353216693404848,0.21439790575916295,Engineering
wireless body area network,Physics,6,0,36.33333333333333,25.5,3.592735593561034,0.6409614273893751,0.03804537521815008,Engineering
wireless body area network,Environmental Science,8,1,5.749999999999999,16.250000000000007,1.7491998548092589,1.0986122886681098,0.006020942408376962,Engineering
wireless body area network,Business,15,0,15.833333333333332,10.25,2.762117422372486,-0.339867825622351,0.01657940663176265,Engineering
learning to rank,Medicine,3,1,10.166666666666666,17.0,2.3191143949452564,1.0169342576538425,0.015569167942827975,Computer Science
learning to rank,Mathematics,7,0,62.50000000000001,31.333333333333332,4.135166556742356,-0.164549387048157,0.0957120980091884,Computer Science
learning to rank,Business,15,1,6.499999999999999,12.500000000000002,1.8718021769015913,0.4054651081081644,0.00995405819295559,Computer Science
learning to rank,Linguistics,19,1,7.0,9.666666666666666,1.9459101490553132,1.3862943611198906,0.010719754977029098,Computer Science
service-oriented architecture,Engineering,1,1,660.5000000000008,1045.968583333332,6.492997123962382,1.720748433584864,0.17977681001633117,Computer Science
service-oriented architecture,Biology,2,0,9.999999999999998,7.795666666666667,2.3025850929940455,1.2992829841302607,0.0027218290691344575,Computer Science
service-oriented architecture,Medicine,3,1,56.916666666666686,101.19375000000007,4.04158820978279,2.534778479828174,0.015491743785156963,Computer Science
service-oriented architecture,Physics,6,1,20.250000000000004,20.388666666666662,3.0081547935525483,1.4131056185705475,0.005511703864997278,Computer Science
service-oriented architecture,Environmental Science,8,1,96.16666666666654,196.84058333333277,4.5660827972800435,1.9230313666703835,0.02617492288150967,Computer Science
service-oriented architecture,Geography,11,1,21.0,47.82341666666665,3.044522437723423,2.1218008155189776,0.0057158410451823615,Computer Science
service-oriented architecture,Economics,14,1,11.583333333333332,13.942249999999998,2.449567283342691,1.7247487589450945,0.00315278533841408,Computer Science
service-oriented architecture,Business,15,1,315.4999999999999,466.8405000000005,5.754158681981267,1.93747128040945,0.08587370713119212,Computer Science
service-oriented architecture,Political Science,16,1,25.916666666666664,35.23041666666667,3.2548862623912336,1.8718021769015913,0.007054073670840136,Computer Science
service-oriented architecture,Education,17,1,51.83333333333334,89.35033333333334,3.9480334429511794,1.924677928949539,0.014108147341680276,Computer Science
service-oriented architecture,Art,22,0,5.75,5.0971666666666655,1.749199854809259,1.55814461804655,0.0015650517147523134,Computer Science
piRNA,Computer Science,0,1,9.75,13.500000000000002,2.277267285009756,-0.05129329438755058,0.01973684210526316,"Biochemistry, Genetics and Molecular Biology"
piRNA,Medicine,3,1,28.75,84.5,3.3586377672433594,0.5671064596645803,0.05819838056680163,"Biochemistry, Genetics and Molecular Biology"
piRNA,Chemistry,4,0,7.083333333333334,2.5,1.9577446067023163,0.9852836033611067,0.014338731443994605,"Biochemistry, Genetics and Molecular Biology"
piRNA,Environmental Science,8,1,12.833333333333332,26.999999999999993,2.5520459526256287,0.6744550475477928,0.025978407557354928,"Biochemistry, Genetics and Molecular Biology"
network coding,Engineering,1,1,424.41666666666623,1416.7626666666683,6.050715677096603,2.020411264790132,0.29555478180129957,Computer Science
network coding,Physics,6,1,21.833333333333332,39.53405555555553,3.0834378539730967,1.132513840343791,0.015204271123491176,Computer Science
network coding,Mathematics,7,1,65.66666666666667,103.62877777777776,4.1845914400698785,1.1852267615048808,0.04572887650882079,Computer Science
network coding,Environmental Science,8,1,13.250000000000005,39.64177777777773,2.5839975524322316,0.8915981192837832,0.009227019498607245,Computer Science
severe acute respiratory syndrome,Computer Science,0,1,45.416666666666686,13.250000000000002,3.815879144875244,-0.24965467686254147,0.007629206562517465,Medicine
severe acute respiratory syndrome,Engineering,1,1,36.99999999999999,9.916666666666666,3.6109179126442243,-0.135801541159062,0.006215353603225234,Medicine
severe acute respiratory syndrome,Biology,2,1,476.6666666666656,152.41666666666666,6.166817434585841,-0.25861250142990444,0.08007167254605466,Medicine
severe acute respiratory syndrome,Chemistry,4,1,143.4166666666666,49.00000000000001,4.965754146423539,0.4066989145570931,0.02409149448457348,Medicine
severe acute respiratory syndrome,Materials Science,5,0,5.916666666666666,1.0833333333333333,1.777773227253315,0.07598590697792205,0.0009938966347499813,Medicine
severe acute respiratory syndrome,Physics,6,0,9.666666666666668,1.0,2.2686835413183646,-0.7907856501238613,0.00162383112156335,Medicine
severe acute respiratory syndrome,Mathematics,7,0,19.416666666666664,5.833333333333332,2.9661318037777002,0.27541197985996646,0.0032616607872781073,Medicine
severe acute respiratory syndrome,Environmental Science,8,1,966.4166666666719,163.25,6.873595073168708,-1.0626251417356085,0.1623411165238816,Medicine
severe acute respiratory syndrome,Geography,11,0,7.083333333333332,2.583333333333333,1.9577446067023159,-0.3958956570920139,0.0011898762528696958,Medicine
severe acute respiratory syndrome,Psychology,12,1,46.833333333333336,10.666666666666666,3.846595200105691,-1.0249245728769503,0.007867181813091402,Medicine
severe acute respiratory syndrome,Sociology,13,1,33.58333333333332,16.416666666666668,3.514029912158682,-0.2505425255023243,0.005641413293017497,Medicine
severe acute respiratory syndrome,Economics,14,1,36.16666666666667,18.833333333333325,3.5881378843124048,-0.18336922582639842,0.006075368161711154,Medicine
severe acute respiratory syndrome,Business,15,0,25.916666666666657,7.833333333333333,3.2548862623912336,0.06230388333615463,0.004353547231087945,Medicine
severe acute respiratory syndrome,Political Science,16,1,81.58333333333331,33.499999999999986,4.4016249927425095,-0.46473451656572445,0.013704574724228612,Medicine
severe acute respiratory syndrome,Education,17,0,14.916666666666671,6.916666666666666,2.702479156052755,-0.5823958162672422,0.0025057394031020664,Medicine
severe acute respiratory syndrome,Law,18,0,27.166666666666664,6.333333333333333,3.3019907315787074,-0.2006706954621511,0.004563525393359069,Medicine
severe acute respiratory syndrome,History,21,0,6.583333333333333,3.3333333333333335,1.8845412026790211,-0.06187540371808741,0.0011058849879612468,Medicine
cognitive radio,Physics,6,1,86.99999999999999,127.28722222222224,4.465908118654584,1.1349799328389847,0.0187904967602592,Computer Science
cognitive radio,Environmental Science,8,1,20.416666666666664,85.31833333333327,3.0163515607567266,1.9506607518139116,0.004409647228221747,Computer Science
cognitive radio,Psychology,12,0,11.5,6.626666666666667,2.4423470353692043,-0.8109302162163288,0.002483801295896331,Computer Science
cognitive radio,Economics,14,1,11.000000000000002,26.50666666666666,2.3978952727983707,1.167605160155061,0.0023758099352051867,Computer Science
cognitive radio,Business,15,1,25.5,34.23777777777777,3.2386784521643803,1.791759469228055,0.0055075593952483865,Computer Science
cognitive radio,Political Science,16,1,7.583333333333331,21.53666666666667,2.0259528567288494,0.43363598507486073,0.0016378689704823629,Computer Science
cognitive radio,Law,18,0,5.916666666666666,0.0,1.777773227253315,1.023388867430522,0.001277897768178547,Computer Science
cognitive radio,Philosophy,20,0,5.0,3.3133333333333335,1.6094379124341003,1.791759469228055,0.0010799136069114485,Computer Science
MapReduce,Engineering,1,1,496.4166666666657,979.0048055555533,6.207415627840685,1.8177473425235053,0.1857151764559172,Computer Science
MapReduce,Biology,2,1,37.58333333333333,65.19349999999999,3.626560689714678,1.5976034547870974,0.01406035665294927,Computer Science
MapReduce,Medicine,3,1,20.333333333333332,70.07513888888889,3.0122615755052013,1.876917277568362,0.0076069335328594724,Computer Science
MapReduce,Physics,6,1,33.0,42.20255555555555,3.4965075614664802,1.1786549963416462,0.012345679012345703,Computer Science
MapReduce,Mathematics,7,1,65.08333333333334,133.53644444444444,4.175668500051686,1.9784751517334722,0.024348422496570692,Computer Science
MapReduce,Environmental Science,8,1,64.00000000000013,146.2916944444444,4.158883083359674,2.0167032010464134,0.023943135054246258,Computer Science
MapReduce,Geography,11,1,6.333333333333333,20.943805555555556,1.8458266904983307,0.5198754592859086,0.0023693727397431147,Computer Science
MapReduce,Business,15,1,18.666666666666668,59.7449611111111,2.9267394020670396,1.5522794985941517,0.006983414390821812,Computer Science
MapReduce,Linguistics,19,0,5.5,2.8345,1.7047480922384253,0.47000362924573563,0.0020576131687242835,Computer Science
cyber-physical system,Medicine,3,1,23.833333333333325,64.67805555555555,3.171085161031852,2.477302050402781,0.01622418879056046,Computer Science
cyber-physical system,Physics,6,1,6.083333333333333,41.453888888888876,1.8055527913603908,1.0006318803079062,0.004141139096891308,Computer Science
cyber-physical system,Environmental Science,8,1,82.49999999999991,233.66508333333357,4.412798293340634,1.807888851157941,0.056160653505786175,Computer Science
cyber-physical system,Political Science,16,1,12.833333333333334,29.142583333333327,2.5520459526256287,1.8787708462176849,0.008736101656455636,Computer Science
induced pluripotent stem cell,Computer Science,0,1,5.333333333333333,11.303055555555556,1.6739764335716716,1.6739764335716716,0.0020395156150414266,Medicine
induced pluripotent stem cell,Engineering,1,1,66.50000000000004,302.4374722222223,4.197201947661809,3.2245738459828392,0.025430210325047803,Medicine
induced pluripotent stem cell,Chemistry,4,1,14.416666666666668,19.538138888888888,2.668384944709779,2.100060828882572,0.0055130656469088565,Medicine
induced pluripotent stem cell,Materials Science,5,1,15.250000000000005,72.33955555555556,2.724579503053421,2.633087162628755,0.005831739961759081,Medicine
induced pluripotent stem cell,Environmental Science,8,1,7.333333333333332,22.606111111111115,1.992430164690206,1.9694406464655074,0.002804333970681961,Medicine
induced pluripotent stem cell,Agricultural and Food Sciences,9,1,10.166666666666666,28.74205555555556,2.3191143949452564,2.3353749158170367,0.003887826641172719,Medicine
induced pluripotent stem cell,Law,18,1,8.833333333333334,10.657166666666667,2.178532444324067,1.0986122886681098,0.003377947737412363,Medicine
induced pluripotent stem cell,Philosophy,20,0,9.916666666666664,7.750666666666667,2.294216843323529,1.041453874828161,0.003792224346717652,Medicine
vehicular ad hoc network,Physics,6,0,40.5,39.15688888888889,3.7013019741124933,1.8101086078962514,0.017693315858453382,Computer Science
vehicular ad hoc network,Environmental Science,8,1,141.66666666666632,271.1356944444454,4.9534768802563045,1.1427229871155822,0.06189019950487793,Computer Science
vehicular ad hoc network,Geography,11,1,14.333333333333336,22.669777777777785,2.662587827025453,2.7300291078209855,0.006261831949905313,Computer Science
vehicular ad hoc network,Business,15,0,13.166666666666668,3.8641666666666667,2.5776883832389665,0.9745596399981308,0.005752147953982787,Computer Science
vehicular ad hoc network,Political Science,16,0,17.0,13.653388888888891,2.833213344056216,1.2237754316221159,0.00742682394058537,Computer Science
vehicular ad hoc network,Art,22,0,16.0,6.955500000000001,2.772588722239781,1.2039728043259361,0.006989951944080348,Computer Science
compressed sensing,Engineering,1,1,1481.7499999999884,3392.375166666671,7.30097910066794,1.8330537931281117,0.3596480582524263,Computer Science
compressed sensing,Biology,2,1,15.083333333333336,19.50461111111111,2.7135903814778257,1.1676051601550612,0.0036610032362459745,Computer Science
compressed sensing,Medicine,3,1,326.7499999999998,507.83347222222284,5.789195352504331,1.5474110624034436,0.07930825242718482,Computer Science
compressed sensing,Chemistry,4,1,9.5,21.88322222222222,2.2512917986064953,2.302585092994046,0.0023058252427184587,Computer Science
compressed sensing,Materials Science,5,1,16.333333333333336,57.80024999999997,2.793208009442517,1.8268507890393255,0.003964401294498403,Computer Science
compressed sensing,Physics,6,1,421.4999999999986,977.1334444444436,6.0438197774419065,1.9427186569846693,0.10230582524271864,Computer Science
compressed sensing,Mathematics,7,1,382.833333333332,455.2661666666669,5.94759973346104,1.1690639496187232,0.0929207119741102,Computer Science
compressed sensing,Environmental Science,8,1,82.83333333333327,300.6564444444439,4.416830556868573,2.518200377887465,0.0201051779935276,Computer Science
compressed sensing,Geology,10,1,14.000000000000002,27.82975,2.639057329615259,0.8649974374866047,0.003398058252427203,Computer Science
compressed sensing,Business,15,1,5.0,12.36877777777778,1.6094379124341003,1.0986122886681098,0.0012135922330097151,Computer Science
internet of things,Engineering,1,1,117.1321398124465,2610.8330666666966,4.76330269761163,1.4228628862036372,0.32009132420091285,Computer Science
internet of things,Medicine,3,1,8.354646206308608,130.9226666666668,2.1228178160051874,0.6193757954171424,0.02283105022831051,Computer Science
internet of things,Environmental Science,8,1,25.64876385336741,837.621333333329,3.244495377604293,1.3250719871670305,0.07009132420091321,Computer Science
internet of things,Sociology,13,0,6.349531116794542,31.778133333333333,1.8483809703034273,1.5727341568793771,0.017351598173515986,Computer Science
internet of things,Business,15,1,21.889173060528552,220.01493333333312,3.085992133778193,0.8609597028779737,0.059817351598173536,Computer Science
internet of things,Law,18,0,5.096334185848253,28.859733333333335,1.6285214941904078,0.9335943921407988,0.013926940639269417,Computer Science
ribotype 027,Biology,2,1,17.833333333333336,17.166666666666668,2.8810693652338513,1.845826690498331,0.07524613220815754,Medicine
ribotype 027,Environmental Science,8,1,13.5,12.666666666666668,2.6026896854443837,0.8266785731844679,0.056962025316455694,Medicine
folksonomy,Engineering,1,0,9.166666666666666,2.1666666666666665,2.2155737160044158,-0.5596157879354228,0.009066930431915593,Computer Science
folksonomy,Medicine,3,0,11.166666666666666,4.833333333333333,2.412933150162911,1.5339303599259553,0.011045169798878995,Computer Science
folksonomy,Physics,6,0,5.0,1.5,1.6094379124341003,0.4054651081081644,0.004945598417408505,Computer Science
folksonomy,Mathematics,7,0,6.0,5.333333333333333,1.791759469228055,0.5877866649021191,0.005934718100890206,Computer Science
folksonomy,Geography,11,0,7.166666666666666,4.25,1.9694406464655074,1.0745147370890493,0.007088691064952191,Computer Science
folksonomy,Sociology,13,1,37.91666666666667,18.5,3.6353907691629503,0.010582109330537008,0.0375041213320145,Computer Science
folksonomy,Business,15,0,20.833333333333336,7.333333333333333,3.036554268074246,1.3660916538023713,0.020606660072535442,Computer Science
folksonomy,Political Science,16,0,12.0,5.333333333333333,2.4849066497880004,0.0,0.011869436201780412,Computer Science
folksonomy,Education,17,1,52.666666666666664,20.416666666666664,3.963982744358857,0.38526240079064505,0.05209363666336959,Computer Science
folksonomy,Linguistics,19,1,25.666666666666664,10.333333333333334,3.245193133185574,0.5655505234552373,0.025387405209363657,Computer Science
folksonomy,Philosophy,20,0,6.999999999999999,4.5,1.9459101490553132,-0.1732717212740368,0.006923837784371906,Computer Science
folksonomy,Art,22,1,19.583333333333332,11.000000000000002,2.9746788643561586,-0.11672427430814143,0.019370260468183312,Computer Science
patient-centered medical home,Computer Science,0,1,14.366705471478467,16.666666666666664,2.6649134094689284,2.1608553374966277,0.017022961203483764,Medicine
patient-centered medical home,Psychology,12,1,22.552386495925496,42.0,3.11584089165385,0.9557974299794276,0.02672209026128265,Medicine
patient-centered medical home,Sociology,13,1,12.27852153667055,21.75,2.5078515194342117,0.9462759776843873,0.014548693586698332,Medicine
patient-centered medical home,Economics,14,1,23.22060535506402,37.08333333333333,3.1450400463461117,1.5141656279250792,0.027513855898653974,Medicine
patient-centered medical home,Business,15,1,53.20692665890573,64.08333333333336,3.974188588227639,1.2620985223329668,0.06304433887569279,Medicine
patient-centered medical home,Political Science,16,0,26.47817229336437,6.166666666666665,3.2763207065327555,0.8111238383053416,0.03137371338083925,Medicine
patient-centered medical home,Education,17,1,25.89348079161816,39.0,3.253991230134667,1.6271667421685676,0.030680918448139333,Medicine
human microbiome,Computer Science,0,1,18.333333333333336,36.41666666666666,2.908720896564361,1.763588592261359,0.039941902687000715,"Biochemistry, Genetics and Molecular Biology"
human microbiome,Medicine,3,1,158.83333333333346,373.1666666666654,5.067855434426148,1.1976033560404555,0.34604212055192457,"Biochemistry, Genetics and Molecular Biology"
human microbiome,Environmental Science,8,1,84.41666666666656,208.0833333333344,4.435764854460682,1.3595510361443812,0.18391430646332574,"Biochemistry, Genetics and Molecular Biology"
natural orifice transluminal endoscopic surgery,Engineering,1,1,125.16666666666666,64.66666666666667,4.82964618253608,0.5820723636386804,0.15803872053872053,Medicine
natural orifice transluminal endoscopic surgery,Biology,2,0,11.0,1.0,2.3978952727983707,1.0986122886681098,0.013888888888888888,Medicine
RNA-seq,Computer Science,0,0,425.49999999999926,693.4511503834614,6.053264948013427,1.8553175447290498,0.11948890761022207,"Biochemistry, Genetics and Molecular Biology"
RNA-seq,Engineering,1,1,12.666666666666671,33.165055018339444,2.5389738710582765,1.4350845252893225,0.0035570532621922823,"Biochemistry, Genetics and Molecular Biology"
RNA-seq,Medicine,3,1,606.3333333333334,2679.669445370681,6.407429889850013,2.656502615549905,0.17027052326125683,"Biochemistry, Genetics and Molecular Biology"
RNA-seq,Chemistry,4,1,22.33333333333333,104.18517283538957,3.106080330722856,1.2851982442485217,0.006271646541233757,"Biochemistry, Genetics and Molecular Biology"
RNA-seq,Materials Science,5,1,28.999999999999975,50.2500833611204,3.3672958299864733,2.003068562895262,0.008143779837124426,"Biochemistry, Genetics and Molecular Biology"
RNA-seq,Physics,6,1,7.5,22.110036678892968,2.0149030205422647,1.7047480922384253,0.0021061499578770085,"Biochemistry, Genetics and Molecular Biology"
RNA-seq,Mathematics,7,1,7.666666666666665,19.430032232966546,2.0368819272610397,2.1000608288825715,0.0021529532902742747,"Biochemistry, Genetics and Molecular Biology"
RNA-seq,Environmental Science,8,1,423.41666666666515,1923.5731910636816,6.048356721805728,2.82642095349605,0.11890386595525601,"Biochemistry, Genetics and Molecular Biology"
RNA-seq,Agricultural and Food Sciences,9,1,65.00000000000006,439.8557296876732,4.174387269895638,2.6012071054841615,0.01825329963493409,"Biochemistry, Genetics and Molecular Biology"
optogenetics,Computer Science,0,1,20.5,33.50588888888888,3.0204248861443626,1.2150226405125208,0.013099041533546327,"Biochemistry, Genetics and Molecular Biology"
optogenetics,Engineering,1,1,282.50000000000006,633.1780555555536,5.643678550586496,1.5787929349321386,0.18051118210862627,"Biochemistry, Genetics and Molecular Biology"
optogenetics,Medicine,3,1,373.6666666666666,933.0661666666678,5.92336413440405,1.9256830443531927,0.23876464323748667,"Biochemistry, Genetics and Molecular Biology"
optogenetics,Chemistry,4,1,34.749999999999986,95.93922222222221,3.5481795720108007,1.5488132906176655,0.022204472843450472,"Biochemistry, Genetics and Molecular Biology"
optogenetics,Materials Science,5,1,9.833333333333336,44.63983333333331,2.2857779746776647,1.9187591599893623,0.006283280085197021,"Biochemistry, Genetics and Molecular Biology"
optogenetics,Physics,6,1,72.5,137.14522222222203,4.283586561860629,1.9591116609138495,0.046325878594249206,"Biochemistry, Genetics and Molecular Biology"
optogenetics,Environmental Science,8,1,7.333333333333333,35.795111111111105,1.992430164690206,1.363304842895192,0.004685835995740149,"Biochemistry, Genetics and Molecular Biology"
optogenetics,Psychology,12,1,65.16666666666667,144.22099999999998,4.17694809075731,2.564949357461537,0.041640042598509064,"Biochemistry, Genetics and Molecular Biology"
optogenetics,Philosophy,20,0,6.333333333333333,7.491999999999999,1.8458266904983307,1.1526795099383853,0.004046858359957402,"Biochemistry, Genetics and Molecular Biology"
metagenomics,Computer Science,0,1,33.999999999999986,173.75000000000043,3.526360524616161,1.5960148921019595,0.039812646370023436,"Biochemistry, Genetics and Molecular Biology"
metagenomics,Engineering,1,1,8.916666666666666,19.949999999999996,2.187922184673906,0.6799019538099246,0.010441061670569875,"Biochemistry, Genetics and Molecular Biology"
metagenomics,Medicine,3,1,32.49999999999997,204.7500000000009,3.481240089335691,1.7449281695439556,0.03805620608899297,"Biochemistry, Genetics and Molecular Biology"
metagenomics,Chemistry,4,1,51.416666666666714,103.19999999999976,3.9399623741173886,0.5830219149704791,0.06020686963309924,"Biochemistry, Genetics and Molecular Biology"
metagenomics,Environmental Science,8,1,324.41666666666663,908.4500000000107,5.782028697822455,1.216591268285149,0.3798790007806404,"Biochemistry, Genetics and Molecular Biology"
metagenomics,Agricultural and Food Sciences,9,1,6.25,36.66666666666667,1.8325814637483102,0.5773153650348236,0.007318501170960193,"Biochemistry, Genetics and Molecular Biology"
LTE-Advanced,Biology,2,0,11.0,8.0,2.3978952727983707,0.1823215567939546,0.0066950699939135735,Computer Science
LTE-Advanced,Physics,6,1,58.666666666666664,56.33333333333335,4.071871706370042,1.807507826196194,0.03570703996753906,Computer Science
LTE-Advanced,Environmental Science,8,1,5.916666666666666,15.833333333333341,1.777773227253315,1.8325814637483102,0.0036011361330898764,Computer Science
LTE-Advanced,Geography,11,0,6.0,3.5,1.791759469228055,1.791759469228055,0.0036518563603164947,Computer Science
LTE-Advanced,Business,15,1,35.416666666666664,21.5,3.5671825191364164,1.3961144073008662,0.02155609657131264,Computer Science
cloud computing,Engineering,1,1,322.6666666666665,5427.6320000000105,5.776619798608467,3.6482700220346977,0.22055137844611492,Computer Science
cloud computing,Biology,2,1,6.416666666666666,114.208,1.8588987720656835,1.8588987720656835,0.004385964912280696,Computer Science
cloud computing,Medicine,3,1,11.166666666666668,457.5200000000002,2.412933150162911,2.05127066471314,0.00763271815903394,Computer Science
cloud computing,Physics,6,1,9.666666666666666,135.536,2.268683541318364,2.120263536200091,0.00660742766005923,Computer Science
cloud computing,Environmental Science,8,1,55.53333333333343,814.5919999999983,4.016983441064634,3.157608139187658,0.03795853269537482,Computer Science
cloud computing,Geography,11,1,11.483333333333333,111.456,2.440896708791558,2.524394421295119,0.007849168375484154,Computer Science
cloud computing,Sociology,13,0,5.833333333333333,35.776,1.7635885922613586,1.4403615823901663,0.003987240829346087,Computer Science
cloud computing,Economics,14,1,18.566666666666666,231.85599999999994,2.921367858265129,2.668962812394163,0.012690817953975832,Computer Science
cloud computing,Business,15,1,83.66666666666663,1173.7279999999992,4.4268406504636735,2.7397988994167903,0.05718842560947814,Computer Science
cloud computing,Political Science,16,1,13.7,315.104,2.617395832834079,2.6878474937846906,0.009364319890635669,Computer Science
cloud computing,Education,17,1,28.08333333333333,618.512,3.335176280564361,3.3701652724144266,0.01919571656413759,Computer Science
cloud computing,Law,18,1,15.9,272.44799999999987,2.766319109226186,2.328902401311419,0.010868079289131907,Computer Science
single-incision laparoscopic surgery,Engineering,1,1,73.33333333333334,30.833333333333336,4.295015257684252,0.3725209523888102,0.11060834590246356,Medicine
single-incision laparoscopic surgery,Biology,2,0,6.5,1.0,1.8718021769015913,1.5040773967762742,0.00980392156862745,Medicine
ChIP-seq,Computer Science,0,1,199.66666666666674,261.25000000000017,5.29664930944734,1.262500143773226,0.14978744686171544,"Biochemistry, Genetics and Molecular Biology"
ChIP-seq,Engineering,1,0,7.499999999999999,8.083333333333332,2.0149030205422647,0.7282385003712157,0.00562640660165041,"Biochemistry, Genetics and Molecular Biology"
ChIP-seq,Medicine,3,1,242.16666666666674,609.1666666666667,5.489626194342228,2.0887961468470566,0.18167041760440109,"Biochemistry, Genetics and Molecular Biology"
ChIP-seq,Chemistry,4,1,17.33333333333333,21.666666666666657,2.8526314299133175,0.5645298027378516,0.013003250812703168,"Biochemistry, Genetics and Molecular Biology"
ChIP-seq,Physics,6,0,7.333333333333333,3.0,1.992430164690206,1.9218125974762528,0.005501375343835957,"Biochemistry, Genetics and Molecular Biology"
ChIP-seq,Environmental Science,8,1,23.999999999999993,88.75,3.1780538303479453,1.9980959022258833,0.01800450112528131,"Biochemistry, Genetics and Molecular Biology"
copy number variation,Computer Science,0,1,54.83333333333336,106.4999999999999,4.004298281537317,2.182298927119544,0.050030413625304186,"Biochemistry, Genetics and Molecular Biology"
copy number variation,Environmental Science,8,1,12.333333333333336,62.08333333333336,2.512305623976115,1.3694872428035092,0.011253041362530422,"Biochemistry, Genetics and Molecular Biology"
copy number variation,Agricultural and Food Sciences,9,1,7.166666666666666,41.08333333333333,1.9694406464655074,2.1000608288825715,0.006538929440389298,"Biochemistry, Genetics and Molecular Biology"
copy number variation,Psychology,12,1,23.666666666666664,47.16666666666668,3.1640675883732055,3.1060803307228566,0.02159367396593675,"Biochemistry, Genetics and Molecular Biology"
interactome,Computer Science,0,1,102.99999999999996,150.83333333333331,4.634728988229635,0.5784842722398059,0.1751700680272109,"Biochemistry, Genetics and Molecular Biology"
interactome,Medicine,3,1,87.08333333333329,283.0833333333335,4.466865514610911,1.5055383174159491,0.14810090702947845,"Biochemistry, Genetics and Molecular Biology"
interactome,Chemistry,4,1,34.583333333333336,73.6666666666667,3.543371870442698,1.2200921862058192,0.05881519274376421,"Biochemistry, Genetics and Molecular Biology"
interactome,Environmental Science,8,1,17.25,39.91666666666668,2.847812143477369,1.652257909617029,0.02933673469387757,"Biochemistry, Genetics and Molecular Biology"
