concept,panel_group,t0,newborn,home,dev_group,label_coverage_early,label_coverage_late,O1,O2r,O2r_m50,O2r_m20,O3,N_late,O2r_hurdle,B_logvol,B_growth,B_offhome,B_entropy,B_nfields,off_early_vol,off_growth
zinc finger nuclease,Biochem/Genetics,2005,True,"Biochemistry, Genetics and Molecular Biology","Biochemistry, Genetics and Molecular Biology",1.0,1.0,1,4.394055932474659,5.40661184839642,3.7051190403699428,0,507,1,5.056245805348308,1.3862943611198906,0.12179487179487179,0.5158274719589571,3,2.995732273553991,1.6739764335716716
Web 2.0,CS/AI,2006,True,Computer Science,Computer Science,0.9979310344827587,0.999487879822465,0,6.37237697223034,7.897366879064992,5.305981278032702,0,5855,1,8.888894669371593,0.9093702890295813,0.5824464409122322,1.5456998108425575,19,8.346404870435956,1.5349635728097115
sentiment analysis,CS/AI,2007,True,Computer Science,Computer Science,1.0,1.0,1,4.855416439172036,6.273924927110448,3.9111959095180566,0,1432,1,5.834810737062605,1.6236225474260568,0.1436950146627566,0.6735115983450788,9,3.912023005428146,1.4403615823901663
smart grid,Engineering,2008,True,Engineering,Engineering,1.0,0.9994525547445255,0,4.704592812623607,5.988289849119129,3.861587539839372,0,5477,1,8.22764270790443,1.8004931491968095,0.2346338856226617,0.958184771992562,15,6.778784897685177,2.128231705849268
cancer stem cell,Biochem/Genetics,2003,True,Medicine,Medicine,1.0,1.0,1,3.770810731536796,4.718441646518064,3.2306478822938063,0,3298,1,6.78897174299217,2.0104486701928845,0.33258173618940245,0.9350527040930209,10,5.69035945432406,2.0707834789367214
crowdsourcing,CS/AI,2008,True,Computer Science,Computer Science,1.0,1.0,1,9.2901929204594,11.413644691328694,7.6584169069345105,0,3084,1,6.872128101338986,2.2440416373814354,0.47717842323651455,1.6650185735390075,17,6.133398042996649,2.1832383353614797
mashup,CS/AI,2007,True,Computer Science,Computer Science,1.0,1.0,0,7.212326518663192,8.814940937846265,6.045713307135668,0,453,1,6.706862336602747,0.4315762521118502,0.4455324357405141,1.539812308899922,14,5.8998973535824915,0.6466271649250525
DNA barcoding,Biochem/Genetics,2005,True,"Biochemistry, Genetics and Molecular Biology","Biochemistry, Genetics and Molecular Biology",1.0,1.0,1,5.849419928890956,6.951898278089634,5.092092346970843,0,1703,1,6.5998704992128365,1.2172982589230854,0.5831062670299727,1.4911174901021342,11,6.061456918928017,1.3752036744257325
WiMAX,Engineering,2004,True,Engineering,Engineering,1.0,1.0,0,3.139895498296317,3.795190101919485,2.768955078112808,0,2761,1,7.295735072749282,1.5760750087649789,0.28716904276985744,0.9463803941455431,14,6.049733455231958,1.8904309967350845
latent Dirichlet allocation,CS/AI,2007,True,Computer Science,Computer Science,1.0,1.0,1,6.4025747048752395,8.283160258570902,5.091012070740429,0,531,1,5.429345628954441,1.824549292051046,0.16740088105726872,0.7909328183209177,7,3.6635616461296463,1.8562979903656263
synthetic biology,Biochem/Genetics,2005,True,"Biochemistry, Genetics and Molecular Biology","Biochemistry, Genetics and Molecular Biology",1.0,1.0,1,7.493336369822506,9.683047816722066,5.958540598776606,0,1667,1,6.525029657843462,1.7303905228517629,0.315712187958884,1.3383567796208893,16,5.375278407684165,1.7715567619105355
