concept,panel_group,t0,newborn,O1,O3,B_logvol,B_growth,home_s2,O2r,O2r_m50,O2r_m20,N_late,O2r_hurdle,B_offhome,B_entropy,B_nfields,off_early_vol,off_growth,label_coverage_early,late_sample_n,thin_early,thin_late,dev_group,home_openalex_topic,exact_share,parent_thin,n_papers,n_links,n_children,n_off_children,n_bg_children,A_h,A_h_sd,A_h_missing,A_h_u,A_h_u_sd,n_nat_fields,max_rho,n_data_fields,A_h_MH,raw_LOR,bg_LOR,raw_LOR_sampled,A_h_crude,relay_share,self_share,coverage,A_unif,A_imp,R_away,eligible,oof_B5,oof_B5_plus_A_h
zinc finger nuclease,Biochem/Genetics,2005,True,1,0,5.056245805348308,1.3862943611198906,Biology,5.124500306205242,6.017529548381468,4.422534467630558,628.0,1,0.4473379629629629,1.2996785979622638,6,4.180777067994408,0.9487479420215363,1.0,628,1.0,1.0,"Biochemistry, Genetics and Molecular Biology","Biochemistry, Genetics and Molecular Biology",1.0,1.0,152,260,64,15,57,-0.6236388477496668,0.3259975742941373,0,-0.10362199157947072,0.2638554423002647,0,-0.46354271701682453,2,-0.9515830224297892,-0.08455514215105583,0.2419516759763174,-0.22866209787116634,-0.4706137738474837,0.2513721999703308,0.2838443139813003,0.5069444444444444,-0.19084947269253477,-0.04545203420587324,0.1636148614526407,0,5.149640333599452,5.213653571545471
Web 2.0,CS/AI,2006,True,0,0,8.888894669371593,0.9093702890295813,Computer Science,9.664584982487199,11.787327834830341,8.02989779273579,9522.376666666674,1,0.5240388694453308,1.94840286632742,23,8.793189753461156,1.6235801891908275,0.9667279975467648,2855,1.0,3.3353333333333333,Computer Science,Computer Science,1.0,5.820666666666667,13044,1216,867,246,170,-0.0637597650235339,0.11084548652077997,0,0.24209453346867554,0.1899240010945899,7,1.3862613082758464,15,-0.35399443727886815,0.33810526929950263,0.6965492097081195,0.2250561119483231,-0.4714930977597964,0.29310114013156724,0.11018998272884283,0.07675787464206173,0.05896102891567065,0.06431419289437787,0.06195520753332921,1,7.83745317247754,7.837738106621418
sentiment analysis,CS/AI,2007,True,1,0,5.834810737062605,1.6236225474260568,Computer Science,5.854284570144275,7.367353889360064,4.821948711686442,3936.833333333328,1,0.29871794871794866,1.1474230169505588,12,5.6088611081430795,1.4326874006896009,1.0,2990,1.0,1.3166666666666667,Computer Science,Computer Science,1.0,1.0,962,248,180,16,97,-0.18619466530375536,0.1693735593115505,0,-0.24345639225361818,0.25811750699683883,0,-0.0890000200024173,2,-0.6970029629440071,0.19610336972275627,0.3204405241876497,0.09101965335625042,-0.22942087083139925,0.2177877428998505,0.05423280423280423,0.2076923076923077,0.5889915152915095,0.5612852635517458,0.13134883720930232,0,5.3488655557968485,5.421520790127115
smart grid,Engineering,2008,True,0,0,8.22764270790443,1.8004931491968095,Engineering,4.909581695185032,5.883836961761443,4.333510566594939,13413.136000000106,1,0.5974173850574596,1.3878559962035646,19,8.620657911188111,2.4309602591408597,0.99572877736252,2992,1.0,4.483,Engineering,Engineering,0.9996212121212121,3.5646666666666667,9365,2569,1392,995,161,-0.16537013578867749,0.04634418112021668,0,0.08012384253407347,0.22568365153884926,1,0.429269872647108,5,-0.20175564883431557,0.018169226332415075,0.09092277124051344,0.03220830381163223,-0.058714467428881215,0.31940984380697496,0.13186431623931621,0.16810344827586207,0.11814890195959277,0.10625097799172478,0.1803649847389298,1,5.829147761787095,5.822307898817909
cancer stem cell,Biochem/Genetics,2003,True,1,0,6.78897174299217,2.0104486701928845,Biology|Medicine,2.7780582314205073,3.2358999767509253,2.5316127917279823,4418.052666666666,1,0.022483940042826552,0.8147580949620571,7,3.091042453358316,2.1058747987479913,0.9978813559322034,2998,1.0,1.4736666666666667,Medicine,Medicine,1.0,1.0,944,194,144,0,94,-0.062148449775311206,,1,2.2534358321113994e-15,,0,,0,,4.113213046526483,2.803664358916103,4.132496328186477,1.3288319692703738,0.0,0.04966887417218543,0.16167023554603854,-0.07627758686454533,-0.07102609818083461,,0,3.953000886617345,3.9306454108522257
crowdsourcing,CS/AI,2008,True,1,0,6.872128101338986,2.2440416373814354,Computer Science,9.794944307448656,12.33466972362842,7.845179428474448,6621.183333333321,1,0.4720341639241493,1.9097387985858612,20,6.9127594041035945,2.2177075335270477,0.9962825278810409,2987,1.0,2.216666666666667,Computer Science,Computer Science,1.0,1.0,2152,1600,682,153,156,-0.5274614956474406,0.1269982895060508,0,-0.2208566006853816,0.19861523707917322,2,1.05513256944081,12,-0.7719160993950704,0.8236100817554289,1.2641098956813985,0.8791259592364775,-0.384983936444921,0.3908361167289739,0.06951336089991553,0.33568406205923834,0.1450174684621542,0.18796946327052735,0.32229830078367055,1,7.990098195017629,7.9288798636206215
mashup,CS/AI,2007,True,0,0,6.706862336602747,0.4315762521118502,Computer Science,8.016407508433279,10.2003006188258,6.423636595654506,1012.0000000000001,1,0.32921385196126707,1.4497343682948263,18,6.506730298899994,0.7543856382559452,0.9933110367892977,1012,1.0,1.0,Computer Science,Computer Science,1.0,1.0753333333333333,2093,2125,610,47,122,-0.12481552007763244,0.13840908083622547,0,0.08315601068225692,0.20551672949694252,2,1.1927362854752495,11,-0.275298154247535,0.6756954596978446,1.0451547683786655,0.8874247510245303,-0.15773001735413517,0.15195116406471937,0.18538926604620035,0.3372722796651896,-0.2726029061825054,-0.04193654662061086,0.08741894456755042,0,6.897992013179334,6.941266695161026
DNA barcoding,Biochem/Genetics,2005,True,1,0,6.5998704992128365,1.2172982589230854,Biology,4.391864411104848,5.4792170457384355,3.721365540139613,1991.0000000000027,1,0.41895919303072,1.0203151848325083,8,5.723472336145314,1.3822393495912282,0.9973297730307076,1991,1.001254705144291,1.0,"Biochemistry, Genetics and Molecular Biology","Biochemistry, Genetics and Molecular Biology",0.875,1.0,749,309,180,4,92,-0.13226547785124965,0.08217612707477746,0,0.004045551531252913,0.2697276976113955,0,-0.13226547785124965,1,-0.2540676696771425,0.07576326651688176,0.15843378490251317,0.19255384960958483,0.03412006470707166,0.030357142857142864,0.1469551282051282,0.2861072902338377,-0.20197128793674818,-0.15020527596039945,0.13806998939554607,0,3.7956081474742143,3.777417599605642
pandemic H1N1,Medicine,2009,True,0,1,8.290292591224315,-1.1303065903770249,Medicine,6.315744662446432,7.976791288132694,5.247118370467737,746.9999999999992,1,0.37001681075888565,1.369518020262629,20,7.3088270892713565,-0.6873690646439395,0.9971489665003563,747,2.90590525632706,1.0,Medicine,,0.8498367791077258,1.0,1403,611,315,46,132,-0.1820998849738501,0.09607084028929319,0,0.01031943510433772,0.22667819997982228,1,0.22619910743468313,6,-0.42479254504691477,0.37074901709409486,0.6264709860092089,0.3310883865585651,-0.2953825994506438,0.17994336165250713,0.11002994011976049,0.24063400576368876,0.15630381247417752,0.160977376642075,0.21598417593722338,0,7.047780510676812,7.177269311919655
WiMAX,Engineering,2004,True,0,0,7.295735072749282,1.5760750087649789,Computer Science,4.344918999651318,5.336594976992007,3.725342007792513,6179.830333333329,1,0.5623238240787911,1.286288809522089,20,7.700151840194047,2.1246690077177894,0.9781094527363184,2963,1.0,2.0856666666666666,Computer Science,Engineering,1.0,1.5,4020,923,524,58,121,-0.32903003161209965,0.07267592821353072,0,-0.10546981334099045,0.2390517945627211,0,-0.0501913717844706,5,-0.7953457380121113,0.08784664039284867,0.4938899412260535,0.24988319601947764,-0.24400674520657586,0.07839852094529225,0.1443303073737856,0.152317880794702,-0.10928294967403893,-0.09628471261702928,0.14673977112519254,0,6.181227222955116,6.189192018560837
latent Dirichlet allocation,CS/AI,2007,True,1,0,5.429345628954441,1.824549292051046,Computer Science,5.968786374516194,8.076230400671285,4.619295924391386,1475.9999999999998,1,0.1879230118443316,0.8945487097351085,13,5.004505433720719,1.4319965146007458,0.9988165680473373,1476,1.0,1.0,Computer Science,Computer Science,1.0,1.0,845,205,159,4,82,-0.21643655458517086,0.2874173361822934,0,-0.0016651314270699695,0.27570703775072847,0,-0.21643655458517086,1,-0.769896317907502,0.5680150398342906,0.5394710092897569,0.5112247457030393,-0.028246263586717557,0.0665680473372781,0.09689922480620154,0.2182741116751269,-0.09603355655017776,-0.02693899673368616,0.058510638297872335,0,4.98789706996015,5.094008883786944
social tagging,CS/AI,2006,True,0,0,5.683579767338681,1.2335316065674804,Computer Science,5.371844649571047,7.235906429892706,4.191927095187483,580.0,1,0.2245072836332476,1.063477608218983,16,5.168588259873252,1.3187209362871655,0.9948979591836735,580,1.0,1.0,Computer Science,,0.9823943661971831,1.0,784,656,292,16,95,-0.4707795277668117,0.2473645980376812,0,0.09274614933341321,0.23009013038987827,2,1.4182937369245547,6,-0.5929881199345279,0.1730949142178378,1.0259505050135311,0.28055911142399825,-0.7453913935895329,0.10618556701030929,0.20568197780587164,0.43573264781491,-0.6365329090555418,-0.5762169651596045,0.058537958092733225,0,5.891325714922161,5.907722132327404
synthetic biology,Biochem/Genetics,2005,True,1,0,6.525029657843462,1.7303905228517629,Biology,8.290163036305248,9.97809554839617,6.996621181818042,2370.0000000000064,1,0.5442300416193726,1.8272641587941612,16,6.174757853822231,1.6432485118828053,0.9967532467532467,2370,1.0,1.0,"Biochemistry, Genetics and Molecular Biology","Biochemistry, Genetics and Molecular Biology",1.0,1.0,924,544,220,99,173,-0.11029423247681697,0.09927379268083981,0,-0.12033855359802295,0.20402634832702504,1,0.29061136003701515,10,-0.3948526575646488,0.06493482188102341,0.30952692745818255,0.08271977250912742,-0.22680715494905512,0.37045634920634923,0.15474583895636526,0.28036322360953464,0.0855086229876243,0.07586280032721386,0.23813733366259973,1,7.5646999587002455,7.534367338358674
long noncoding RNA,Biochem/Genetics,2008,False,1,0,6.16541785423142,2.133962380558253,Biology,3.2652457993648243,3.88220788188565,2.896607789803797,5514.5566666666655,1,0.32043108682452953,0.9119379980001262,7,5.175678811915256,2.762117422372486,1.0,2990,1.0,1.8443333333333334,"Biochemistry, Genetics and Molecular Biology",,0.9828080229226361,1.0,565,142,116,7,98,-0.9173852545162173,0.217869421013741,0,-0.11415834756659658,0.27193300802552667,0,-0.9173852545162173,1,-1.0311759501748303,0.09637719677263468,0.7142238825818822,0.048980766447448455,-0.6652431161344338,0.06658878504672898,0.0211864406779661,0.21493624772313297,0.11232638393435257,-0.009579134851617988,0.1396011396011396,0,3.2774813257136914,3.449129921775663
comparative effectiveness research,Medicine,2009,True,0,0,7.32052696227274,0.14201800650184135,Medicine,5.163979761443002,6.7969786703034805,4.122393637966781,746.0000000000001,1,0.27692743764172356,1.1126056733218626,15,6.193384461970566,0.35007288736414677,0.9988845510317903,746,1.0,1.0,Medicine,,0.9990892531876139,1.0,1793,1988,626,63,138,-0.23348927627818478,0.15454660478410573,0,0.1614672234941117,0.21019431929784946,3,1.2592259630911138,9,-0.9713345118621524,0.21156025880037657,0.6643413158053203,0.11810485202523666,-0.5462364637800836,0.18065493525729168,0.1599388107819193,0.3866213151927438,0.12456379075148194,0.07925617993900136,0.1364744861167449,1,5.311326558403099,5.39445293437406
sirtuin,Biochem/Genetics,2003,True,1,0,5.627621113690637,1.0986122886681098,Biology,4.281672669936607,4.932200676295574,3.8070067445292106,1097.9999999999993,1,0.5530842230130487,1.1434875432993898,4,5.052523386798508,1.4405393759722864,1.0,1098,1.0,1.0,"Biochemistry, Genetics and Molecular Biology",,1.0,1.0,288,154,90,24,85,-0.025510543467473015,0.1517831238628812,0,0.05135714644589226,0.26033211587595695,1,0.5624700008280568,2,-0.32650480796717174,0.5293589205555566,0.6385069376146408,0.5349328883612652,-0.10357404925337566,0.1025179856115108,0.11458333333333333,0.3416370106761566,-0.5674801437132755,-0.33369203611946574,0.19687755102587282,0,4.032754856005065,3.9571160566338426
next-generation sequencing,Biochem/Genetics,2005,False,1,0,6.139884552226255,2.8838143573500057,Medicine,5.464944180301049,6.323154542903485,4.856193909965806,7936.056000000001,1,0.7900572246065809,1.4271795129111822,8,5.911248213251181,3.8411235556706136,0.9978858350951374,2997,1.0,2.648,Medicine,,0.9752066115702479,1.0,473,40,38,25,37,-0.12811909110597197,0.25840221956224485,0,-0.043810427543606,0.2710042402873374,0,-0.0951353687252118,2,-0.4196482926341807,1.534214491196513,1.3757041713351716,1.5003129395208317,0.12460876818566002,0.3893333333333333,0.0,0.0815450643776824,1.3054797001224712,1.3054797001224712,0.2567651277702411,0,4.463795460871575,4.339476070208805
takotsubo cardiomyopathy,Medicine,2004,True,0,0,5.846438775057724,1.201266442728193,Medicine,1.6326110914814342,2.0031864059652413,1.4327150510541102,630.0,1,0.02881844380403458,0.16633423798660446,4,2.3978952727983707,-0.6190392084062235,0.9973333333333333,630,1.0,1.0,Medicine,,0.9809885931558935,1.0,375,484,170,1,93,-0.8390586832643903,0.3883338901947406,0,-0.11684985895983893,0.2766727254380736,0,-0.8390586832643903,1,-1.1226448893623742,2.1185211333127927,1.5399632008942343,2.186996430117881,0.6470332292236467,0.0625,0.07274080086580087,0.5072046109510087,0.20821403191243104,0.26120876999184395,,0,0.30954651985496007,0.4758511615756156
energy harvesting,Engineering,2004,True,1,0,6.293419278846481,1.089801658985955,Engineering,5.844749335393776,6.550413769052379,5.273217013961391,4557.865999999994,1,0.5851799687010966,1.6154367265590404,9,6.436497530323965,1.4209126626717208,1.0,2994,1.0,1.5223333333333333,Engineering,,0.9919484702093397,1.0,1142,338,192,65,146,0.013902790725440817,0.06319008159199814,0,0.0981813009739725,0.22118876106347252,2,0.9278551668704135,5,-0.1091226574038846,0.0506897766910425,0.16287291684227906,0.058628553483709926,-0.10424436335856913,0.244636804983054,0.1179245283018868,0.19906103286384977,-0.17719305154490606,-0.1563970483058143,0.15831345482002612,1,6.366524698014221,6.333597789329596
ZigBee,Engineering,2004,True,1,0,7.038783541388542,1.7227665977411035,Computer Science|Engineering,5.37308417738908,6.430348405992163,4.665182350868505,5449.390000000014,1,0.22499999999999903,1.4731568769026282,15,6.301702805273126,2.1803656254057273,0.9822580645161291,2967,1.0,1.8366666666666667,Computer Science,,1.0,1.0,2480,640,294,9,81,-0.5020362295681308,0.21236670247839792,0,-0.22838028966779297,0.2473061309817758,0,0.11742454790431278,3,-0.349129895891662,0.6831895939298638,0.9627590328189575,0.5422184193519747,-0.4205406134669828,0.04701193270735527,0.1873429951690821,0.14256198347107438,-0.22768095081731565,-0.15517368655886532,0.07164522597175813,0,6.123862783209946,6.086498980271796
extreme learning machine,CS/AI,2008,False,1,0,5.976350909297934,1.7363296642887243,Computer Science,6.4540993588445215,7.852343578829967,5.440882696544671,2787.9999999999945,1,0.4136636636636637,1.4284822581010488,13,5.622210820962389,1.3538959605626404,1.0,2788,1.0,1.0,Computer Science,,1.0,1.0,726,286,171,24,112,-0.7205780498872989,0.24735182667160213,0,-0.3152464844043303,0.23027656173757127,0,-0.08857135190907217,7,-0.7439219788383867,-0.03877987225735265,0.7439498459082277,-0.14401438233804462,-0.8879642282462723,0.1331924882629108,0.17606209150326796,0.3063063063063063,-0.8812265242572217,-0.8200598073365082,0.16931211495010834,0,6.15228293384381,6.058443828477573
wireless body area network,CS/AI,2008,True,1,0,5.905361848054571,0.6505875661411494,Engineering,4.196240951523279,4.855915887541529,3.8229317610289035,1675.999999999996,1,0.5479930191972094,1.3158462332205123,8,6.262127614390171,0.8759692796184575,0.9990375360923965,1676,1.0,1.0,Engineering,,1.0,1.0,1039,1007,339,147,175,-0.041463514356712736,0.05266386275370722,0,0.09047260424859677,0.24153784461878358,1,0.5415851070763598,3,-0.07293089565550492,0.1434201817623028,0.16524673165997625,0.1641214095540185,-0.0011253221059577545,0.29174822112237997,0.25169872759800815,0.43664921465968587,0.07258288231378213,0.07550112357626312,0.2853445578264831,1,5.5696657951445685,5.537126402132626
learning to rank,CS/AI,2009,False,1,0,5.3706380281276624,0.2657031657330057,Computer Science,4.508417089890248,6.062759081192962,3.5380634992012427,737.0000000000001,1,0.1666666666666667,0.7312429546037557,9,4.698964065274453,0.3724473390794908,0.9972936400541272,737,1.0,1.0,Computer Science,,0.9790575916230366,1.0,739,781,321,3,92,-0.47181516943672885,0.2099440731368631,0,-0.04534707720225823,0.27434578265825926,0,-0.47181516943672885,1,-0.4467712911092936,0.32484554890126977,0.8380908237080041,0.4099375331862578,-0.42815329052174633,0.035019455252918295,0.10963457363750619,0.5222052067381318,-0.10338432141429377,0.04614253367810717,0.08941102756892232,0,4.276108993471002,4.27919882611585
service-oriented architecture,CS/AI,2003,True,0,0,7.111512116496157,1.5867526296030168,Computer Science,5.366920129973312,6.505366194431974,4.583980934451256,5389.803999999982,1,0.3531800036291055,1.2032572733320024,19,7.169029205657615,1.8876042654578367,0.9983862291554599,2996,1.0,1.799,Computer Science,,0.995507637017071,1.4946666666666666,3718,1387,734,60,128,-0.060090265276949634,0.09839480327235939,0,0.28925138216466467,0.21749278722732385,4,0.9174125736465831,7,-0.5404643272828202,0.10088326758694255,0.2837844419749798,0.0048244819416066965,-0.27895996003337314,0.12403578272702387,0.18485198000768932,0.23598258029395755,-0.148446831635063,-0.118201749510633,0.10020556322080634,1,5.943659132641617,6.043605820124778
piRNA,Biochem/Genetics,2007,True,0,0,6.030685260261263,0.4886640519631383,Biology,4.155243821207614,5.137503347660164,3.505876289404463,683.0,1,0.13950742240215924,0.6485791683191493,7,4.247304056679206,0.6193350226370449,0.9644859813084112,683,1.0,1.0,"Biochemistry, Genetics and Molecular Biology",,1.0,1.0,535,726,264,6,98,-0.062148449775311206,,1,-3.245842881359153e-17,,0,,0,,2.2728545588357028,1.3070195867138414,1.703256667651755,0.39623708093791365,0.0,0.10124689140646587,0.5708502024291497,-2.1812848667558784,-1.7252045056289504,0.0,0,2.9661288374545602,2.899430400064973
network coding,CS/AI,2004,True,1,0,6.0330862217988015,1.8584508437267273,Computer Science,3.461651123332895,4.164655609455551,3.0404261338972938,3876.7073333333315,1,0.3797005571030638,1.0013887740466725,8,6.3030767464098,1.8390597736093588,0.998674618952949,2999,1.0,1.2926666666666666,Computer Science,,0.9843912591050988,1.0,1509,1325,644,18,98,-0.015203525101724827,0.09167735770035029,0,0.18147768980420342,0.24738674123224305,1,1.5405613007334735,3,-0.22920294361363014,0.053473443422890406,0.12441406296718388,0.114601674531466,-0.009812388435717884,0.06988948551448551,0.12793921741290162,0.4895543175487465,-0.29030693481111747,-0.17720086225640774,0.2235706990113488,0,4.180347867003078,4.291195742749792
severe acute respiratory syndrome,Medicine,2003,True,0,1,8.60922527686273,-1.0887234565388626,Medicine,6.6506543032326615,8.303115086034763,5.547743231371556,1188.0000000000002,1,0.3355870989417091,1.216583083723843,21,7.600277264148166,-0.5888183739227513,0.9984932194876946,1188,1.0,1.0,Medicine,,0.991805314129625,3.5833333333333335,5973,3793,1495,149,180,-0.17576214887020264,0.09521153183896673,0,0.3567866548112133,0.20641869152979306,6,1.4024558760406958,10,-0.7646749761798165,0.2925753796888976,0.5083674901932054,0.295315415305232,-0.2130520748879734,0.1702619606155048,0.09267389471176378,0.2617167814547287,0.4272793729420358,0.39738990678855923,0.12253832788668752,1,6.432343037149085,6.574194733300182
cognitive radio,CS/AI,2005,True,1,0,7.327123292259293,1.6904416965871873,Computer Science|Engineering,2.9434742777903997,3.471147066460582,2.651344117677299,9933.373333333324,1,0.041216702663786936,0.9154538995845957,13,5.256626939493827,1.1934915268583532,0.9980785653287788,2998,1.0,3.3133333333333335,Computer Science,,1.0,1.7686666666666666,4684,2902,1509,4,87,1.164035784486665,0.3802959903201986,0,0.3436697358635309,0.26941028259428423,2,1.363252576736865,2,2.153088507748649,2.3193201436187447,1.025910237287784,3.029474721664281,2.003564484376497,0.010840108401084014,0.14540860876522424,0.36652267818574513,-0.7430777458401434,-0.6006522398510725,0.004357298474945535,0,4.2061548698419395,4.650933838251813
MapReduce,CS/AI,2008,True,1,0,6.703188113240863,1.8568460857479414,Computer Science,4.693114741449224,5.968646964887562,3.902185306464413,5616.08933333332,1,0.28678762938022223,0.9989062221783316,15,6.643247051200234,1.8487635501716397,0.9941176470588236,2972,1.0,1.8896666666666666,Computer Science,,1.0,1.0566666666666666,2720,1357,880,42,111,-0.24159105633230324,0.1264234578888309,0,0.0027430860853299623,0.24430091604241833,0,0.4192453789266827,4,-0.6609190054065136,0.2980533905687373,0.6010670991876671,0.1381028534812877,-0.4629642457063794,0.031217300313916986,0.06172638436482084,0.3445566778900112,-0.8145010888156642,-0.6517490183999608,0.09956579970378134,0,4.936616820810232,5.007382743989791
cyber-physical system,CS/AI,2008,True,1,0,6.093569770045136,2.017199232802615,Computer Science|Engineering,4.491831951294611,5.569493822334576,3.8254770894367787,4489.00666666666,1,0.10290447016110724,1.1235216188780437,13,5.024976411366913,2.080845050682157,0.9960526315789474,2996,1.0,1.4983333333333333,Computer Science,,1.0,1.0,1520,1074,380,1,83,-0.3027372476534742,0.23219843990707917,0,-0.04230345936501184,0.2607966203137926,0,-0.2654406496364228,2,-0.10154609181930851,0.7342845486977151,0.7517747377434316,0.8663829046938007,0.11460816695036913,0.017952825748524696,0.22479402071563087,0.3213070115724983,0.10618888355486966,0.16939083746378358,0.07162385792975909,0,5.28557741490775,5.351170875335248
induced pluripotent stem cell,Biochem/Genetics,2007,True,1,0,7.762596048540069,1.9669233386541296,Biology|Medicine,3.7566451277249167,4.441833087803782,3.3136817194943333,5811.0623333333315,1,0.058891013384321206,0.9811752027085627,14,5.043425116919247,3.075335324152958,1.0,2999,1.0,1.9376666666666666,Medicine,,0.9863824748371818,1.0,2623,3092,1026,6,96,-0.062148449775311206,,1,3.869162545076864e-15,,0,,0,,3.1024692000142817,1.6552683208596384,2.479335604738545,0.8240672838789065,0.0,0.06321205145011764,0.40573613766730404,-1.6911318482901079,-1.3210664252868836,0.0,0,5.21157919771295,5.2019180869615465
vehicular ad hoc network,CS/AI,2006,True,1,0,6.6293632534374485,1.5629178967992075,Computer Science|Engineering,3.4839860501069406,3.983730202584117,3.142767642082274,4616.906333333326,1,0.11031017911751785,1.1293715931283506,9,5.535363823031236,1.3720229670145574,0.9958694754233788,2987,1.0,1.5456666666666667,Computer Science,,0.9994117647058823,1.0486666666666666,2421,3067,1144,6,90,-1.0253622486272462,0.2590595814956115,0,-0.14871667069204425,0.2726566690201693,0,-1.0253622486272462,1,-1.4495424334111653,0.40678886578349105,0.34335957343072354,1.086176856109623,0.7428172826788995,0.012753938640132708,0.09572055526282088,0.5238095238095238,-0.1420320459696729,-0.014119432564412282,0.07142750936146378,0,4.529625330750392,4.369366267399231
compressed sensing,CS/AI,2007,True,1,0,7.254177846456518,2.0646264558946954,Computer Science,5.79165701196713,6.542348540058347,5.141936882872537,8554.437000000024,1,0.6716221682847897,1.572213992418855,13,7.925910422257404,1.7397482531496302,0.9966595084705321,2997,1.0,2.8543333333333334,Computer Science,,0.9989274222381123,1.6746666666666667,4191,2012,1277,565,169,-0.44606459800744575,0.08355466928873452,0,-0.15038849259377374,0.23206150727278316,0,-0.09069048713222927,4,-0.6119365647315177,0.10647304932945263,0.5457567874967281,0.15558817661927396,-0.39016861087745414,0.3476590245949636,0.07673790223532301,0.32936893203883494,-0.20439371779267101,-0.13395090159912582,0.3034424747193274,1,5.804132442224923,5.73981422664402
internet of things,CS/AI,2005,False,1,0,5.204006687076795,0.8873031950009027,Computer Science,5.652392153163826,6.9795874475356205,4.81478954717243,7296.000000000017,1,0.5543378995433786,1.5522541683651347,10,5.317388402223633,1.403441874729085,0.9974424552429667,3000,1.0025575447570332,2.432,Computer Science,,1.0,1.0,391,36,19,4,14,-0.31492545010783857,0.2071993156321415,0,0.025471184197706064,0.26250374750885097,0,0.19512302923828406,2,-0.7195012770580924,0.063372037009,0.15580737515747298,0.08246148288765268,-0.0733458922698203,0.17816091954022986,0.3908045977011494,0.07945205479452055,-0.22872490208753554,-0.2194777947152314,0.0404708216809164,0,6.537773741297417,6.515384604462065
ribotype 027,Medicine,2007,False,1,0,5.43372200355424,0.3242396681855786,Medicine,2.8081490440914445,2.965567910450029,2.569319965327746,208.0,1,0.14627285513361465,0.567074120379104,3,3.5742165457937967,1.3336506276344686,1.0,208,1.0,1.0,Medicine,,0.9908256880733946,1.0,259,392,123,1,88,-0.4350450342895241,0.2709763360915271,0,-0.14104175702114805,0.26269881614546425,0,-0.24045748706798717,2,-0.6566554445581609,-0.14122198680125533,0.8435544434060962,-0.287439373793337,-1.1309938171994331,0.07872807017543859,0.2016304548135043,0.5738396624472574,0.2507508916597452,0.2672912489909829,0.13489413474411294,0,2.2280290471015434,2.325454218889802
folksonomy,CS/AI,2006,True,0,0,6.148468295917647,0.0905140075408319,Computer Science,6.320842767759778,8.642302641500196,4.86059069649156,476.0,1,0.22617870095614898,1.0791826833265623,17,5.436628982345549,0.4713713066871013,0.991321118611379,476,1.0,1.0,Computer Science,,0.8658536585365854,1.0,1037,1548,477,28,105,0.06458757688537567,0.21207003280759734,0,0.1512343341120308,0.23021711840428402,3,0.7018458732008201,8,-0.22162311766458265,0.7615175222459472,0.961733559580717,0.8358857843809064,-0.1258477751998106,0.18392512057682003,0.09264089241095239,0.49159248269040556,-0.13072520740553117,0.05907590349496927,0.14254335037968818,0,6.089167301657964,6.215225120691198
patient-centered medical home,Medicine,2008,True,1,0,6.583409222158765,1.0116009116784799,Medicine,5.146529296650483,6.411574201919511,4.188582369368862,1083.0000000000007,1,0.2243665874901028,0.992447676397548,10,5.2488987307756965,1.4930329946561232,0.9988344988344988,1083,1.0023282887077998,1.0,Medicine,,0.997979797979798,1.0,858,955,292,16,100,-0.0412568364469703,0.1746691862697384,0,0.12486444552687097,0.21621480180298117,2,1.6861314454665948,8,-0.24928149409399603,0.20141753623599318,0.40535524727351163,0.2971730720726817,-0.10818217520082996,0.11897250652217539,0.11552296577501635,0.3657957244655582,-0.01863393506346589,0.13332498957174366,0.11572392503172552,0,4.130546909066528,4.140846487505063
human microbiome,Biochem/Genetics,2008,True,1,0,5.918893854273146,1.519825753744413,Biology,4.881943748808474,5.774168596573505,4.336932265594704,1047.9999999999984,1,0.6091140159767607,1.3880430357589393,7,5.636870769373074,1.2911063236930156,1.0,1048,1.0,1.0,"Biochemistry, Genetics and Molecular Biology",,1.0,1.0,466,95,80,40,73,-0.21227157047008177,0.06049217440992377,0,-0.00022375709762528784,0.2507271580603096,0,-0.17237653352660776,2,-0.4144955658396874,0.023188499888941002,0.04942047315256263,0.023927524199180223,-0.025492948953382406,0.35972461273666106,0.07142857142857142,0.1830065359477124,0.23335458961707495,0.20801854771410166,0.2045556378867774,0,5.006469095531959,4.981762224536757
natural orifice transluminal endoscopic surgery,Medicine,2007,True,0,1,6.710523109452428,0.09278173345096627,Medicine,2.188438382193164,2.3198519437686125,2.1118265694069795,347.0,1,0.19065656565656566,0.6369568095286557,5,5.0238805208462765,0.8013607652001781,0.992619926199262,347,1.0,1.0,Medicine,,1.0,1.0,813,2052,430,4,88,-0.1957140491118748,0.16486527642868135,0,0.0020709164225202695,0.2711300739896897,0,-0.1957140491118748,1,-0.5474044428207843,0.31154656302727457,0.5351596657284996,0.48722174235943505,-0.04793792336906455,0.017620875104427745,0.1328936957249787,0.571969696969697,0.3283357541419123,0.32678544554134437,0.1741780254169883,0,2.2120737350688637,2.3085228640029323
RNA-seq,Biochem/Genetics,2009,True,1,0,7.943072717277933,1.8751735979635349,Biology,5.1389048427193,5.81482728274706,4.619735324031789,12031.879959986649,1,0.45181596929701495,1.3488956428421806,12,7.383937696804552,2.4244870899067905,0.9974909395037636,2993,1.0,4.02000666888963,"Biochemistry, Genetics and Molecular Biology",,0.9765558397271952,1.2413333333333334,3587,480,401,47,137,-0.23239704951206708,0.11403396830359772,0,-0.023982045794574663,0.23137500573189101,0,0.2448789446321188,4,-0.5807552645500802,0.11813119798195257,0.26893525067370344,0.14886157784074042,-0.12007367283296302,0.10203195284628512,0.033091202582728005,0.11597865768042685,-0.9457914738440336,-0.906282883555916,0.07373010724312393,0,4.5804566168469885,4.636841218837108
optogenetics,Biochem/Genetics,2009,True,1,0,7.1569563646156364,1.3198492617117379,Biology,5.88317479572333,6.94302687326224,5.12756732324571,3744.751333333332,1,0.5617145899893504,1.5364748105820658,12,6.780016599958474,1.8683056698428626,0.9993718592964824,2999,1.0,1.2486666666666666,"Biochemistry, Genetics and Molecular Biology",,0.9845313921747043,1.0,1592,1137,415,190,174,-0.725544873302764,0.14396052463696096,0,-0.195232413896518,0.22319168733194206,2,0.8712988271055416,6,-0.8825749923180471,0.2567111840685954,0.8027660157168424,0.26744958609361924,-0.5353164296232231,0.3275464141465568,0.2149837877925527,0.3207667731629393,-0.17593527136684337,-0.019483863586978498,0.23566682428475008,1,5.733553664424273,5.871578702087922
metagenomics,Biochem/Genetics,2004,True,1,0,6.68586094706836,0.977618977381478,Biology,5.358161869953458,6.135041743364788,4.72256592998035,2539.000000000022,1,0.5507416081186577,1.323419750612881,9,6.1555655577884085,1.2181704323211613,1.0,2539,1.0,1.0,"Biochemistry, Genetics and Molecular Biology",,0.7614035087719299,1.0,877,137,101,39,83,-0.28559754972896767,0.048854754751970125,0,-0.13894947356243822,0.25202858322378074,0,-0.08966219762408978,2,-0.5414457299097184,0.01904869339678937,0.05683502973249252,0.026409303191344043,-0.030425726541148477,0.2693856998992952,0.19262295081967212,0.14285714285714285,0.1336241031743557,0.13560196973087957,0.1633027218845961,0,4.910406714783839,4.925401244762738
LTE-Advanced,Engineering,2008,True,0,0,6.762729506931879,1.110882381259924,Computer Science|Engineering,3.7742587132801004,4.580485716238739,3.2792045155583986,1618.0000000000014,1,0.07810914992899168,1.0372015601301487,8,4.862393050955164,1.5947856356472299,0.9421866056096165,1618,1.0,1.0,Computer Science,,0.9982832618025751,1.0,1747,1258,430,9,94,1.2940953753432316,0.3555701110987799,0,0.40489769619777827,0.2685017113577906,2,1.7497928868324166,2,1.1304782591465385,0.8628069744029844,0.49809592078161397,1.2684646879393056,0.7703687671576915,0.004444444444444446,0.20049380920053017,0.2988435788192331,-1.1096639744179577,-0.9500999055482855,0.0,0,4.159394636780739,4.605825454307958
cloud computing,CS/AI,2005,True,1,0,6.816735880594968,2.0128807751614968,Computer Science,6.020005712636336,7.626631958315227,4.958875223355378,24660.671999999933,1,0.4095010252904985,1.3833350219549834,17,6.397096307995467,3.573526156559459,0.9960026648900733,2987,1.0,8.256,Computer Science,,0.9970631424375918,1.0,1501,122,104,14,71,-0.3976445251874533,0.16107334158942913,0,-0.1654396660155271,0.26110057404278536,0,-0.19810007348766365,2,-0.7041813580080035,0.03900756046125494,0.15559382994297624,0.051645238884509184,-0.10394859105846706,0.13582677165354332,0.018867924528301886,0.07245386192754613,-0.3568951765421442,-0.3568951765421442,0.18340778934563495,0,6.178083907221597,6.179338380146043
single-incision laparoscopic surgery,Medicine,2009,True,0,1,6.495265555937008,-0.22006188477680164,Medicine,2.1431238395093803,2.299043527674693,2.0046238456988164,310.0,1,0.1241830065359477,0.43083905452802795,3,4.422848629194137,0.48758465972654,0.9882179675994109,310,1.0,1.0,Medicine,,0.9883381924198251,1.0,679,992,327,2,96,-0.3972503376975992,0.18120676259027035,0,0.04894624634208814,0.257529380869913,1,0.7310234582001751,2,-0.7711892431731197,0.6318928805325917,1.2248993046903105,1.0158610407051334,-0.2090382639851771,0.0036057692307692327,0.08572556021321741,0.5113122171945701,0.4186066031034492,0.4579483151835655,0.10004274965800271,0,1.356969404560341,1.5082532858450373
ChIP-seq,Biochem/Genetics,2008,True,1,0,6.903747257584598,1.3029127521808397,Biology,4.273759495254298,4.856364074770508,3.8505621788004,2435.0,1,0.38397099274818697,1.1419077212311792,10,6.239950906093987,1.6888524793834658,1.0,2435,1.0,1.0,"Biochemistry, Genetics and Molecular Biology",,0.9565789473684211,1.0,1342,483,305,14,107,-0.45823053271306624,0.11927291830339537,0,-0.05210693424528974,0.25390817534703547,0,-0.25898974501705646,2,-0.6094436069388945,-0.03401470285222314,0.2855946430137759,-0.08811287148771178,-0.3737075145014877,0.0835221907459868,0.07401656314699792,0.2415603900975244,-0.2791186145376884,-0.24987183165953142,0.15782843579310013,0,4.350972661055616,4.426511062711498
copy number variation,Biochem/Genetics,2005,True,1,0,6.898714534329988,1.7109554368127589,Biology|Medicine,4.607071783290843,5.598895582046124,3.9357416502607028,2415.0000000000005,1,0.10006082725060836,1.1018356448854472,9,4.706522680248379,2.6463566320968703,1.0,2415,1.0,1.0,"Biochemistry, Genetics and Molecular Biology",,0.9967213114754099,1.0,1123,683,368,8,100,-0.25569342141625584,0.24297363343044204,0,-0.0767464766217558,0.2617089373198918,0,-0.03242163247587704,2,-0.41893214709461923,1.2068028241037614,1.5645296417473598,1.1630847896165206,-0.40144485213083914,0.017827868852459024,0.09047619047619047,0.35036496350364965,0.7619334597432061,0.8304052022082242,0.17066469479924645,0,4.0885177464606235,4.160086370087213
interactome,Biochem/Genetics,2004,True,1,0,6.2285110035911835,1.1688165473413583,Biology,5.198974341448469,5.9475182525556605,4.630172912704158,1207.0000000000002,1,0.4338151927437643,1.3060421553356294,8,5.545502912342484,1.033518057596816,1.0,1207,1.0,1.0,"Biochemistry, Genetics and Molecular Biology",,1.0,1.0,645,202,129,11,97,-0.3606142641349138,0.13505064965933924,0,-0.051045054209783336,0.2557035872288249,0,-0.3097108477115026,2,-0.5617380682906621,0.101106848860248,0.1503487458033851,0.16496167791050792,0.014612932107122834,0.14431777053926892,0.15362811791383219,0.25,-0.5038894902854922,-0.43583167524904654,0.10169857893998185,0,4.941432543525024,4.978531638675508
