indicator,family,window,formula,source,F3_prior_pooled_rho_O2r_P78,expected_sign_F3,preregistered,previously_scored_heldout
share,E,t0..t0+2,grounded works t0..t0+2 per million base works (EXP5),EXP5 concept_features_basic,,,False,False
growth_ind,E,t0..t0+2,log((N_t0+2 + 1)/(N_t0+1 + 1)) (EXP5),EXP5 concept_features_basic,,,False,False
accel,E,t0..t0+2,quadratic coefficient of log1p(N) over t0..t0+2 (EXP5),EXP5 concept_features_basic,,,False,False
burst,E,t0-3..t0+2,Kleinberg 2-state burst weight t0-3..t0+2 (EXP5),EXP5 concept_features_basic,,,False,False
author_growth,E,t0..t0+2,log1p(distinct authors t0+2) - log1p(distinct authors t0) (Pass A),build_features.py,,,False,False
n_authors_early,E,t0..t0+2,log1p(distinct authors t0..t0+2) (Pass A),build_features.py,,,False,False
log_offhome_volume,F,t0..t0+2,log1p(off-home venue-labelled works t0..t0+2) (EXP5),EXP5 concept_features_basic,,,False,False
rao_stirling,F,t0..t0+2,"sum_ij p_i p_j (1 - phi_ij/max phi), venue-field shares t0..t0+2, EXP6 1998-2002 PMI phi",build_features.py,,,False,False
fields_gained_per_yr,F,t0..t0+2,"(|ENTERED(t0+2)| - |ENTERED(t0)|)/2, off-home, counts restricted to t0..t0+2",build_features.py,,,False,False
G,G,t0..t0+2,gateway(eig)-weighted off-home landing (EXP5; previously scored on held-out),EXP5 concept_features_basic,,,False,True
G_A,G,t0..t0+2,G over t0..t0+1 (EXP5; previously scored),EXP5 concept_features_basic,,,False,True
G_btw,G,t0..t0+2,betweenness-gateway landing (EXP5; previously scored),EXP5 concept_features_basic,,,False,True
G_deg,G,t0..t0+2,degree-gateway landing (EXP5),EXP5 concept_features_basic,,,False,False
G_phimin,G,t0..t0+2,phi_min-gateway landing (EXP5),EXP5 concept_features_basic,,,False,False
REL_home,G,t0..t0+2,"mean phi(home, landing field) of off-home works (EXP5)",EXP5 concept_features_basic,,,False,False
RS,G,t0..t0+2,Rao-Stirling with 1 - phi_min distances (art_33 / EXP5),EXP5 concept_features_basic,,,False,False
CONTACT_REACH,FR,t0..t0+2,# off-home fields with >= 1 labelled work t0..t0+2,build_features.py,,,True,False
RETAINED_REACH,FR,t0..t0+2,# off-home fields with >= 2 works in >= 2 of the 3 years,build_features.py,,,False,False
RETENTION_RATIO_early,FR,t0..t0+2,"RETAINED_REACH / max(CONTACT_REACH, 1)",build_features.py,,,True,False
FRONTIER_POTENTIAL,FR,t0..t0+2,"sum_{k not entered, off-home} mean_{j retained} phi[j,k]",build_features.py,,,True,False
D_rca_end,FR,cumulative 1995..t0+2 (EXP6 D3 state at t0+2),# off-home fields entered by the RCA rule by t0+2 (EXP6 h2.rca_entered),build_features.py,,,False,False
D_vol_end,FR,cumulative 1995..t0+2 (EXP6 D3 state at t0+2),# off-home fields with cumulative >= 2 works by t0+2 (EXP6 h2.states),build_features.py,,,False,False
M0_density_end,FR,cumulative 1995..t0+2 (EXP6 D3 state at t0+2),mean Hidalgo density phi[E].sum/colsum over not-entered off-home fields at t0+2,build_features.py,,,False,False
D_z,A,t0..t0+2,z of # backbone communities reached by NEW neighbours vs frequency-matched null (200 draws),Pass A + lib/ego.py,0.1960530373111316,1.0,False,False
D_ratio,A,t0..t0+2,observed / null-mean # communities of NEW neighbours,Pass A + lib/ego.py,0.5292013567684243,1.0,True,False
D_rare,A,t0..t0+2,rarefied (r=10) # communities of NEW neighbours,Pass A + lib/ego.py,0.6338266384778012,1.0,True,False
D_sub,A,t0..t0+2,z of # subfields reached by NEW neighbours,Pass A + lib/ego.py,0.2921369102682701,1.0,False,False
D_obs,A,t0..t0+2,# distinct communities of NEW neighbours,Pass A + lib/ego.py,,,False,False
NOV,A,t0..t0+2,share of NEW neighbours outside the W1 dominant community,Pass A + lib/ego.py,0.460598968264669,1.0,False,False
NOV_res,A,t0..t0+2,NOV minus its degree-preserving expectation,Pass A + lib/ego.py,0.453345667591736,1.0,True,False
F_res,A,t0..t0+2,growth of mean top-20 neighbour PMI W1->W3 minus multinomial-null mean,Pass A + lib/ego.py,-0.0114624505928853,-1.0,False,False
F_z,A,t0..t0+2,F_res / null SD,Pass A + lib/ego.py,0.0092226613965744,1.0,False,False
deg_W1,A,t0..t0+2,# PMI>0 neighbours (n>=2) in W1 = t0,Pass A + lib/ego.py,,,False,False
deg_W3,A,t0..t0+2,# PMI>0 neighbours in W3 = t0+2,Pass A + lib/ego.py,,,False,False
deg_growth,A,t0..t0+2,log(deg_W3+1) - log(deg_W1+1),Pass A + lib/ego.py,0.1600370027752081,1.0,True,False
str_growth,A,t0..t0+2,log(sum PMI W3 + 1) - log(sum PMI W1 + 1),Pass A + lib/ego.py,0.0553885291396854,1.0,True,False
new_edge_rate,A,t0..t0+2,(M/3) / (deg_W1 + 1),Pass A + lib/ego.py,0.147850473249739,1.0,True,False
edge_persistence,A,t0..t0+2,"mean Jaccard of neighbour sets W1-W2, W2-W3",Pass A + lib/ego.py,-0.2510479605570467,-1.0,True,False
turnover,A,t0..t0+2,share of W1 neighbours absent in W3,Pass A + lib/ego.py,-0.0384296965096846,-1.0,False,False
participation,A,t0..t0+2,1 - sum of squared community shares of W3 neighbours,Pass A + lib/ego.py,0.5056228500855307,1.0,True,False
n_comm_W3,A,t0..t0+2,# communities among W3 neighbours,Pass A + lib/ego.py,0.5009437583232178,1.0,False,False
comm_entropy,A,t0..t0+2,Shannon entropy of W3 neighbour community weights,Pass A + lib/ego.py,,,False,False
comm_transitions,A,t0..t0+2,# changes of dominant community W1->W2->W3,Pass A + lib/ego.py,0.2700293086661891,1.0,False,False
ego_density_W3,A,t0..t0+2,backbone edge density among W3 neighbours,Pass A + lib/ego.py,,,False,False
ego_density_change,A,t0..t0+2,ego density W3 - W1,Pass A + lib/ego.py,-0.1723749119097956,-1.0,False,False
btw_end,A,t0..t0+2,betweenness (cutoff 3) of the concept inserted in the kNN backbone at t0+2,Pass A + lib/ego.py,0.3311748381128584,1.0,False,False
btw_change,A,t0..t0+2,btw_end - btw at t0,Pass A + lib/ego.py,0.2735892691951896,1.0,False,False
kcore_end,A,t0..t0+2,k-core number of the inserted concept at t0+2,Pass A + lib/ego.py,-0.0625771970546082,-1.0,False,False
constraint_end,A,t0..t0+2,Burt constraint of the inserted concept at t0+2,Pass A + lib/ego.py,-0.3209990749306198,-1.0,False,False
constraint_change,A,t0..t0+2,constraint t0+2 - t0,Pass A + lib/ego.py,0.0749670619235836,1.0,False,False
S_comp,S,t0..t0+2,# co-author components / # off-home early works (with author ids),build_features.py,,,False,False
S_comp_n,S,t0..t0+2,# co-author components / # distinct off-home authors,build_features.py,,,False,False
S_isolated_share,S,t0..t0+2,share of off-home early works sharing no author with another off-home work,build_features.py,,,False,False
