year,vfield,d,e,l,n,e_y,l_y
2003,0,0,0.9580690627202255,2.686398872445384,2838,1.6492076932381758,5.239990322970848
2003,1,0,1.972972972972973,9.12972972972973,185,1.6492076932381758,5.239990322970848
2003,2,0,0.13716814159292035,0.6460176991150443,226,1.6492076932381758,5.239990322970848
2003,3,0,9.346320346320347,26.28138528138528,231,1.6492076932381758,5.239990322970848
2003,4,0,1.3611111111111112,9.11111111111111,72,1.6492076932381758,5.239990322970848
2003,6,0,2.7975460122699385,7.392638036809816,163,1.6492076932381758,5.239990322970848
2003,7,0,1.4285714285714286,5.107142857142857,112,1.6492076932381758,5.239990322970848
2003,8,0,1.6492076932381758,5.239990322970848,3,1.6492076932381758,5.239990322970848
2003,9,0,2.6952380952380954,10.647619047619047,105,1.6492076932381758,5.239990322970848
2003,10,0,1.4189189189189189,4.554054054054054,74,1.6492076932381758,5.239990322970848
2003,11,0,1.6492076932381758,5.239990322970848,3,1.6492076932381758,5.239990322970848
2003,12,0,1.2357723577235773,4.131707317073171,615,1.6492076932381758,5.239990322970848
2003,13,0,3.367741935483871,16.61935483870968,155,1.6492076932381758,5.239990322970848
2003,14,0,1.6492076932381758,5.239990322970848,21,1.6492076932381758,5.239990322970848
2003,15,0,2.080808080808081,9.393939393939394,99,1.6492076932381758,5.239990322970848
2003,16,0,1.537313432835821,5.119402985074627,67,1.6492076932381758,5.239990322970848
2003,17,0,3.7294007490636703,11.643258426966293,1068,1.6492076932381758,5.239990322970848
2003,18,0,4.526315789473684,12.473684210526315,57,1.6492076932381758,5.239990322970848
2003,20,0,1.6492076932381758,5.239990322970848,1,1.6492076932381758,5.239990322970848
2003,21,0,4.102439024390244,10.390243902439025,205,1.6492076932381758,5.239990322970848
2003,22,0,1.819672131147541,8.78688524590164,61,1.6492076932381758,5.239990322970848
2003,23,0,0.13653952459922608,0.5870646766169154,1809,1.6492076932381758,5.239990322970848
2003,24,0,1.6492076932381758,5.239990322970848,5,1.6492076932381758,5.239990322970848
2003,25,0,0.6666666666666666,2.8181818181818183,33,1.6492076932381758,5.239990322970848
2003,26,0,0.6949152542372882,2.5762711864406778,59,1.6492076932381758,5.239990322970848
2004,0,0,0.7438423645320197,2.6170771756978652,3045,1.6523167926388433,5.1415270018621975
2004,1,0,1.891213389121339,6.430962343096234,239,1.6523167926388433,5.1415270018621975
2004,2,0,0.21428571428571427,0.6473214285714286,224,1.6523167926388433,5.1415270018621975
2004,3,0,10.206766917293233,25.75563909774436,266,1.6523167926388433,5.1415270018621975
2004,4,0,2.2753623188405796,11.927536231884059,69,1.6523167926388433,5.1415270018621975
2004,6,0,4.030927835051546,10.824742268041238,194,1.6523167926388433,5.1415270018621975
2004,7,0,0.9477124183006536,3.4313725490196076,153,1.6523167926388433,5.1415270018621975
2004,8,0,1.6523167926388433,5.1415270018621975,2,1.6523167926388433,5.1415270018621975
2004,9,0,2.6666666666666665,9.82716049382716,81,1.6523167926388433,5.1415270018621975
2004,10,0,1.5121951219512195,5.573170731707317,82,1.6523167926388433,5.1415270018621975
2004,12,0,0.9672364672364673,3.7321937321937324,702,1.6523167926388433,5.1415270018621975
2004,13,0,3.3271604938271606,13.901234567901234,162,1.6523167926388433,5.1415270018621975
2004,14,0,1.6523167926388433,5.1415270018621975,27,1.6523167926388433,5.1415270018621975
2004,15,0,2.556603773584906,7.773584905660377,106,1.6523167926388433,5.1415270018621975
2004,16,0,2.1375,6.75,80,1.6523167926388433,5.1415270018621975
2004,17,0,3.334742180896027,9.928994082840237,1183,1.6523167926388433,5.1415270018621975
2004,18,0,6.764044943820225,23.146067415730336,89,1.6523167926388433,5.1415270018621975
2004,19,0,1.6523167926388433,5.1415270018621975,1,1.6523167926388433,5.1415270018621975
2004,20,0,1.6523167926388433,5.1415270018621975,2,1.6523167926388433,5.1415270018621975
2004,21,0,4.464,8.592,250,1.6523167926388433,5.1415270018621975
2004,22,0,3.6818181818181817,18.556818181818183,88,1.6523167926388433,5.1415270018621975
2004,23,0,0.13239719157472418,0.5712136409227683,1994,1.6523167926388433,5.1415270018621975
2004,24,0,1.6523167926388433,5.1415270018621975,5,1.6523167926388433,5.1415270018621975
2004,25,0,1.0,4.666666666666667,30,1.6523167926388433,5.1415270018621975
2004,26,0,0.32727272727272727,1.4,55,1.6523167926388433,5.1415270018621975
2005,0,0,0.9866625310173698,3.3768610421836227,3224,1.6637833384821337,5.172278859025847
2005,1,0,1.5903614457831325,6.06425702811245,249,1.6637833384821337,5.172278859025847
2005,2,0,0.21686746987951808,0.8795180722891566,249,1.6637833384821337,5.172278859025847
2005,3,0,9.243542435424354,26.435424354243544,271,1.6637833384821337,5.172278859025847
2005,4,0,0.7228915662650602,4.855421686746988,83,1.6637833384821337,5.172278859025847
2005,5,0,1.6637833384821337,5.172278859025847,2,1.6637833384821337,5.172278859025847
2005,6,0,4.426470588235294,13.495098039215685,204,1.6637833384821337,5.172278859025847
2005,7,0,0.861878453038674,4.651933701657459,181,1.6637833384821337,5.172278859025847
2005,8,0,1.6637833384821337,5.172278859025847,3,1.6637833384821337,5.172278859025847
2005,9,0,4.04,11.906666666666666,75,1.6637833384821337,5.172278859025847
2005,10,0,1.7361111111111112,5.652777777777778,72,1.6637833384821337,5.172278859025847
2005,12,0,1.1430363864491844,4.580928481806775,797,1.6637833384821337,5.172278859025847
2005,13,0,3.0552147239263805,11.306748466257668,163,1.6637833384821337,5.172278859025847
2005,14,0,1.6637833384821337,5.172278859025847,21,1.6637833384821337,5.172278859025847
2005,15,0,3.221311475409836,9.770491803278688,122,1.6637833384821337,5.172278859025847
2005,16,0,1.6666666666666667,5.781609195402299,87,1.6637833384821337,5.172278859025847
2005,17,0,2.9298245614035086,7.916094584286804,1311,1.6637833384821337,5.172278859025847
2005,18,0,8.701754385964913,29.31578947368421,57,1.6637833384821337,5.172278859025847
2005,20,0,1.6637833384821337,5.172278859025847,1,1.6637833384821337,5.172278859025847
2005,21,0,4.922779922779923,9.007722007722007,259,1.6637833384821337,5.172278859025847
2005,22,0,1.9880952380952381,8.357142857142858,84,1.6637833384821337,5.172278859025847
2005,23,0,0.178842504743833,0.8799810246679317,2108,1.6637833384821337,5.172278859025847
2005,24,0,1.6637833384821337,5.172278859025847,5,1.6637833384821337,5.172278859025847
2005,25,0,1.6637833384821337,5.172278859025847,24,1.6637833384821337,5.172278859025847
2005,26,0,1.423728813559322,4.084745762711864,59,1.6637833384821337,5.172278859025847
2006,0,0,0.8400947586615339,2.892212022505182,3377,1.6393013100436682,5.14303736050461
2006,1,0,1.6951219512195121,6.528455284552845,246,1.6393013100436682,5.14303736050461
2006,2,0,0.2175732217573222,0.8828451882845189,239,1.6393013100436682,5.14303736050461
2006,3,0,8.240282685512367,24.53356890459364,283,1.6393013100436682,5.14303736050461
2006,4,0,1.0681818181818181,8.215909090909092,88,1.6393013100436682,5.14303736050461
2006,6,0,4.163461538461538,11.052884615384615,208,1.6393013100436682,5.14303736050461
2006,7,0,0.56353591160221,2.132596685082873,181,1.6393013100436682,5.14303736050461
2006,8,0,1.6393013100436682,5.14303736050461,6,1.6393013100436682,5.14303736050461
2006,9,0,2.7837837837837838,8.882882882882884,111,1.6393013100436682,5.14303736050461
2006,10,0,1.8428571428571427,6.771428571428571,70,1.6393013100436682,5.14303736050461
2006,11,0,1.6393013100436682,5.14303736050461,1,1.6393013100436682,5.14303736050461
2006,12,0,1.408675799086758,5.371004566210046,876,1.6393013100436682,5.14303736050461
2006,13,0,2.104651162790698,8.215116279069768,172,1.6393013100436682,5.14303736050461
2006,14,0,1.6393013100436682,5.14303736050461,25,1.6393013100436682,5.14303736050461
2006,15,0,3.2920353982300883,10.955752212389381,113,1.6393013100436682,5.14303736050461
2006,16,0,2.0617283950617282,6.6419753086419755,81,1.6393013100436682,5.14303736050461
2006,17,0,3.373090909090909,9.315636363636363,1375,1.6393013100436682,5.14303736050461
2006,18,0,7.76,25.773333333333333,75,1.6393013100436682,5.14303736050461
2006,19,0,1.6393013100436682,5.14303736050461,1,1.6393013100436682,5.14303736050461
2006,20,0,1.6393013100436682,5.14303736050461,2,1.6393013100436682,5.14303736050461
2006,21,0,3.9555555555555557,8.511111111111111,270,1.6393013100436682,5.14303736050461
2006,22,0,3.4489795918367347,15.561224489795919,98,1.6393013100436682,5.14303736050461
2006,23,0,0.1917808219178082,0.7149801148917366,2263,1.6393013100436682,5.14303736050461
2006,24,0,1.6393013100436682,5.14303736050461,2,1.6393013100436682,5.14303736050461
2006,25,0,1.6578947368421053,8.447368421052632,38,1.6393013100436682,5.14303736050461
2006,26,0,0.875,3.298076923076923,104,1.6393013100436682,5.14303736050461
2007,0,0,0.8280590717299579,3.3019514767932487,3792,1.743320351417444,5.685988587990218
2007,1,0,1.7932330827067668,8.015037593984962,266,1.743320351417444,5.685988587990218
2007,2,0,0.19924812030075187,0.706766917293233,266,1.743320351417444,5.685988587990218
2007,3,0,8.823308270676693,25.695488721804512,266,1.743320351417444,5.685988587990218
2007,4,0,1.8155339805825244,10.699029126213592,103,1.743320351417444,5.685988587990218
2007,6,0,6.483091787439614,16.642512077294686,207,1.743320351417444,5.685988587990218
2007,7,0,1.4952830188679245,5.202830188679245,212,1.743320351417444,5.685988587990218
2007,8,0,1.743320351417444,5.685988587990218,7,1.743320351417444,5.685988587990218
2007,9,0,3.227272727272727,11.670454545454545,88,1.743320351417444,5.685988587990218
2007,10,0,1.3563218390804597,4.080459770114943,87,1.743320351417444,5.685988587990218
2007,12,0,1.1604803493449782,4.252183406113537,916,1.743320351417444,5.685988587990218
2007,13,0,3.7365853658536587,14.097560975609756,205,1.743320351417444,5.685988587990218
2007,14,0,1.743320351417444,5.685988587990218,25,1.743320351417444,5.685988587990218
2007,15,0,3.5508474576271185,9.974576271186441,118,1.743320351417444,5.685988587990218
2007,16,0,1.2673267326732673,4.544554455445544,101,1.743320351417444,5.685988587990218
2007,17,0,3.4200398142003983,9.386197743861977,1507,1.743320351417444,5.685988587990218
2007,18,0,8.91358024691358,32.65432098765432,81,1.743320351417444,5.685988587990218
2007,21,0,4.604838709677419,9.995967741935484,248,1.743320351417444,5.685988587990218
2007,22,0,5.82,29.53,100,1.743320351417444,5.685988587990218
2007,23,0,0.23819742489270387,0.8965665236051502,2330,1.743320351417444,5.685988587990218
2007,24,0,1.743320351417444,5.685988587990218,7,1.743320351417444,5.685988587990218
2007,25,0,1.7333333333333334,7.466666666666667,30,1.743320351417444,5.685988587990218
2007,26,0,1.4556962025316456,5.113924050632911,79,1.743320351417444,5.685988587990218
2008,0,0,0.9111321200661782,2.7459229496572912,4231,1.6515475798485348,5.266710569641093
2008,1,0,1.7426470588235294,6.738970588235294,272,1.6515475798485348,5.266710569641093
2008,2,0,0.2862190812720848,1.3851590106007068,283,1.6515475798485348,5.266710569641093
2008,3,0,7.845394736842105,24.6875,304,1.6515475798485348,5.266710569641093
2008,4,0,1.1313131313131313,6.373737373737374,99,1.6515475798485348,5.266710569641093
2008,6,0,5.25,14.38425925925926,216,1.6515475798485348,5.266710569641093
2008,7,0,1.6272727272727272,5.918181818181818,220,1.6515475798485348,5.266710569641093
2008,8,0,1.6515475798485348,5.266710569641093,9,1.6515475798485348,5.266710569641093
2008,9,0,3.292929292929293,16.19191919191919,99,1.6515475798485348,5.266710569641093
2008,10,0,2.1710526315789473,9.092105263157896,76,1.6515475798485348,5.266710569641093
2008,11,0,1.6515475798485348,5.266710569641093,2,1.6515475798485348,5.266710569641093
2008,12,0,1.308641975308642,5.002057613168724,972,1.6515475798485348,5.266710569641093
2008,13,0,3.1295336787564767,13.787564766839377,193,1.6515475798485348,5.266710569641093
2008,14,0,1.6515475798485348,5.266710569641093,25,1.6515475798485348,5.266710569641093
2008,15,0,4.394557823129252,12.272108843537415,147,1.6515475798485348,5.266710569641093
2008,16,0,2.0114942528735633,7.586206896551724,87,1.6515475798485348,5.266710569641093
2008,17,0,3.117408906882591,9.377096587622903,1729,1.6515475798485348,5.266710569641093
2008,18,0,5.211267605633803,13.309859154929578,71,1.6515475798485348,5.266710569641093
2008,19,0,1.6515475798485348,5.266710569641093,1,1.6515475798485348,5.266710569641093
2008,20,0,1.6515475798485348,5.266710569641093,1,1.6515475798485348,5.266710569641093
2008,21,0,4.945848375451264,11.96028880866426,277,1.6515475798485348,5.266710569641093
2008,22,0,3.704761904761905,12.752380952380953,105,1.6515475798485348,5.266710569641093
2008,23,0,0.18878143133462283,0.7972920696324952,2585,1.6515475798485348,5.266710569641093
2008,24,0,1.6515475798485348,5.266710569641093,5,1.6515475798485348,5.266710569641093
2008,25,0,3.7714285714285714,12.114285714285714,35,1.6515475798485348,5.266710569641093
2008,26,0,0.9230769230769231,3.5288461538461537,104,1.6515475798485348,5.266710569641093
2009,0,0,0.9,2.6042505592841163,4470,1.6483203935736797,4.854715965869782
2009,1,0,2.03485254691689,7.093833780160858,373,1.6483203935736797,4.854715965869782
2009,2,0,0.29292929292929293,1.1144781144781144,297,1.6483203935736797,4.854715965869782
2009,3,0,7.982935153583618,21.170648464163822,293,1.6483203935736797,4.854715965869782
2009,4,0,1.5354330708661417,6.834645669291339,127,1.6483203935736797,4.854715965869782
2009,6,0,6.413793103448276,14.679802955665025,203,1.6483203935736797,4.854715965869782
2009,7,0,1.4219409282700421,4.248945147679325,237,1.6483203935736797,4.854715965869782
2009,8,0,1.6483203935736797,4.854715965869782,4,1.6483203935736797,4.854715965869782
2009,9,0,3.439252336448598,12.299065420560748,107,1.6483203935736797,4.854715965869782
2009,10,0,1.4943820224719102,5.910112359550562,89,1.6483203935736797,4.854715965869782
2009,11,0,1.6483203935736797,4.854715965869782,1,1.6483203935736797,4.854715965869782
2009,12,0,1.5770282588878761,4.9762989972652685,1097,1.6483203935736797,4.854715965869782
2009,13,0,3.3046875,11.1328125,256,1.6483203935736797,4.854715965869782
2009,14,0,1.6483203935736797,4.854715965869782,26,1.6483203935736797,4.854715965869782
2009,15,0,4.375,14.032894736842104,152,1.6483203935736797,4.854715965869782
2009,16,0,1.5142857142857142,5.219047619047619,105,1.6483203935736797,4.854715965869782
2009,17,0,2.9813494240263303,8.42128359846407,1823,1.6483203935736797,4.854715965869782
2009,18,0,6.722222222222222,19.07777777777778,90,1.6483203935736797,4.854715965869782
2009,20,0,1.6483203935736797,4.854715965869782,3,1.6483203935736797,4.854715965869782
2009,21,0,3.9359430604982206,9.088967971530248,281,1.6483203935736797,4.854715965869782
2009,22,0,2.5545454545454547,9.7,110,1.6483203935736797,4.854715965869782
2009,23,0,0.16666666666666666,0.6553113553113553,2730,1.6483203935736797,4.854715965869782
2009,24,0,1.6483203935736797,4.854715965869782,6,1.6483203935736797,4.854715965869782
2009,25,0,2.611111111111111,9.833333333333334,36,1.6483203935736797,4.854715965869782
2009,26,0,1.1612903225806452,3.924731182795699,93,1.6483203935736797,4.854715965869782
2010,0,0,0.8932221063607925,2.5117831074035455,4795,1.7846741637831602,5.231689734717416
2010,1,0,1.895121951219512,6.5,410,1.7846741637831602,5.231689734717416
2010,2,0,0.16149068322981366,0.6645962732919255,322,1.7846741637831602,5.231689734717416
2010,3,0,9.170212765957446,23.68693009118541,329,1.7846741637831602,5.231689734717416
2010,4,0,2.37984496124031,11.674418604651162,129,1.7846741637831602,5.231689734717416
2010,6,0,5.80188679245283,13.872641509433961,212,1.7846741637831602,5.231689734717416
2010,7,0,1.476923076923077,6.996153846153846,260,1.7846741637831602,5.231689734717416
2010,8,0,1.7846741637831602,5.231689734717416,5,1.7846741637831602,5.231689734717416
2010,9,0,3.0258620689655173,10.413793103448276,116,1.7846741637831602,5.231689734717416
2010,10,0,1.5833333333333333,5.988095238095238,84,1.7846741637831602,5.231689734717416
2010,11,0,1.7846741637831602,5.231689734717416,3,1.7846741637831602,5.231689734717416
2010,12,0,1.5192307692307692,5.199300699300699,1144,1.7846741637831602,5.231689734717416
2010,13,0,3.0968992248062017,10.492248062015504,258,1.7846741637831602,5.231689734717416
2010,14,0,1.7846741637831602,5.231689734717416,25,1.7846741637831602,5.231689734717416
2010,15,0,4.886524822695035,14.695035460992909,141,1.7846741637831602,5.231689734717416
2010,16,0,1.9767441860465116,5.290697674418604,86,1.7846741637831602,5.231689734717416
2010,17,0,3.5587301587301585,9.25978835978836,1890,1.7846741637831602,5.231689734717416
2010,18,0,5.354838709677419,14.798387096774194,124,1.7846741637831602,5.231689734717416
2010,20,0,1.7846741637831602,5.231689734717416,1,1.7846741637831602,5.231689734717416
2010,21,0,5.207142857142857,12.896428571428572,280,1.7846741637831602,5.231689734717416
2010,22,0,3.761904761904762,15.396825396825397,126,1.7846741637831602,5.231689734717416
2010,23,0,0.24326145552560646,1.2200134770889488,2968,1.7846741637831602,5.231689734717416
2010,24,0,1.7846741637831602,5.231689734717416,5,1.7846741637831602,5.231689734717416
2010,25,0,1.653061224489796,8.142857142857142,49,1.7846741637831602,5.231689734717416
2010,26,0,3.3636363636363638,7.8545454545454545,110,1.7846741637831602,5.231689734717416
2011,0,0,1.0964278742924067,3.2264298262736677,5123,1.7335974423130387,5.1611759799833195
2011,1,0,1.7833333333333334,6.833333333333333,420,1.7335974423130387,5.1611759799833195
2011,2,0,0.23322683706070288,1.0159744408945688,313,1.7335974423130387,5.1611759799833195
2011,3,0,7.961194029850747,19.37313432835821,335,1.7335974423130387,5.1611759799833195
2011,4,0,1.744360902255639,9.225563909774436,133,1.7335974423130387,5.1611759799833195
2011,6,0,6.166666666666667,14.36574074074074,216,1.7335974423130387,5.1611759799833195
2011,7,0,1.1393728222996515,3.4355400696864113,287,1.7335974423130387,5.1611759799833195
2011,8,0,1.7335974423130387,5.1611759799833195,7,1.7335974423130387,5.1611759799833195
2011,9,0,3.8333333333333335,11.825757575757576,132,1.7335974423130387,5.1611759799833195
2011,10,0,1.936936936936937,6.756756756756757,111,1.7335974423130387,5.1611759799833195
2011,12,0,1.7671665351223362,5.670876085240726,1267,1.7335974423130387,5.1611759799833195
2011,13,0,3.9322033898305087,13.872881355932204,236,1.7335974423130387,5.1611759799833195
2011,14,0,1.7335974423130387,5.1611759799833195,24,1.7335974423130387,5.1611759799833195
2011,15,0,4.375,11.539772727272727,176,1.7335974423130387,5.1611759799833195
2011,16,0,1.626086956521739,4.913043478260869,115,1.7335974423130387,5.1611759799833195
2011,17,0,3.042530568846358,8.492291334396597,1881,1.7335974423130387,5.1611759799833195
2011,18,0,5.295238095238095,17.01904761904762,105,1.7335974423130387,5.1611759799833195
2011,20,0,1.7335974423130387,5.1611759799833195,3,1.7335974423130387,5.1611759799833195
2011,21,0,5.135135135135135,14.517374517374517,259,1.7335974423130387,5.1611759799833195
2011,22,0,3.3846153846153846,12.803418803418804,117,1.7335974423130387,5.1611759799833195
2011,23,0,0.23315363881401618,1.0242587601078168,2968,1.7335974423130387,5.1611759799833195
2011,24,0,1.7335974423130387,5.1611759799833195,4,1.7335974423130387,5.1611759799833195
2011,25,0,2.0,6.836734693877551,49,1.7335974423130387,5.1611759799833195
2011,26,0,1.102803738317757,3.6542056074766354,107,1.7335974423130387,5.1611759799833195
2012,0,0,0.9642132447887843,3.075262866629773,5421,1.7396955818965518,5.007610452586207
2012,1,0,1.878345498783455,6.639902676399027,411,1.7396955818965518,5.007610452586207
2012,2,0,0.3980891719745223,1.410828025477707,314,1.7396955818965518,5.007610452586207
2012,3,0,6.934097421203439,19.40974212034384,349,1.7396955818965518,5.007610452586207
2012,4,0,1.6944444444444444,7.625,144,1.7396955818965518,5.007610452586207
2012,6,0,6.467889908256881,12.435779816513762,218,1.7396955818965518,5.007610452586207
2012,7,0,1.6363636363636365,4.154150197628459,253,1.7396955818965518,5.007610452586207
2012,8,0,1.7396955818965518,5.007610452586207,9,1.7396955818965518,5.007610452586207
2012,9,0,2.7515151515151515,8.55151515151515,165,1.7396955818965518,5.007610452586207
2012,10,0,2.375,7.528846153846154,104,1.7396955818965518,5.007610452586207
2012,11,0,1.7396955818965518,5.007610452586207,2,1.7396955818965518,5.007610452586207
2012,12,0,2.053763440860215,6.4449958643507035,1209,1.7396955818965518,5.007610452586207
2012,13,0,3.98943661971831,12.72887323943662,284,1.7396955818965518,5.007610452586207
2012,14,0,1.7396955818965518,5.007610452586207,18,1.7396955818965518,5.007610452586207
2012,15,0,5.776744186046511,16.162790697674417,215,1.7396955818965518,5.007610452586207
2012,16,0,2.2393162393162394,4.94017094017094,117,1.7396955818965518,5.007610452586207
2012,17,0,3.161764705882353,8.193277310924369,1904,1.7396955818965518,5.007610452586207
2012,18,0,7.03921568627451,17.627450980392158,102,1.7396955818965518,5.007610452586207
2012,20,0,1.7396955818965518,5.007610452586207,3,1.7396955818965518,5.007610452586207
2012,21,0,4.433447098976109,10.235494880546074,293,1.7396955818965518,5.007610452586207
2012,22,0,3.0551181102362204,10.622047244094489,127,1.7396955818965518,5.007610452586207
2012,23,0,0.22325581395348837,0.8740863787375416,3010,1.7396955818965518,5.007610452586207
2012,24,0,1.7396955818965518,5.007610452586207,3,1.7396955818965518,5.007610452586207
2012,25,0,1.4375,5.791666666666667,48,1.7396955818965518,5.007610452586207
2012,26,0,0.808,2.296,125,1.7396955818965518,5.007610452586207
2013,0,0,0.9160401002506265,2.7876834944504116,5586,1.8203175009601844,5.415951862757649
2013,1,0,1.9833333333333334,6.569047619047619,420,1.8203175009601844,5.415951862757649
2013,2,0,0.26666666666666666,0.9884057971014493,345,1.8203175009601844,5.415951862757649
2013,3,0,8.842261904761905,22.3125,336,1.8203175009601844,5.415951862757649
2013,4,0,1.1977401129943503,9.378531073446327,177,1.8203175009601844,5.415951862757649
2013,6,0,8.320512820512821,18.700854700854702,234,1.8203175009601844,5.415951862757649
2013,7,0,1.8679245283018868,5.667924528301887,265,1.8203175009601844,5.415951862757649
2013,8,0,1.8203175009601844,5.415951862757649,6,1.8203175009601844,5.415951862757649
2013,9,0,4.314285714285714,13.92,175,1.8203175009601844,5.415951862757649
2013,10,0,1.219298245614035,4.245614035087719,114,1.8203175009601844,5.415951862757649
2013,11,0,1.8203175009601844,5.415951862757649,1,1.8203175009601844,5.415951862757649
2013,12,0,2.0344574780058653,5.919354838709677,1364,1.8203175009601844,5.415951862757649
2013,13,0,4.120141342756184,14.886925795053003,283,1.8203175009601844,5.415951862757649
2013,14,0,5.3076923076923075,13.153846153846153,39,1.8203175009601844,5.415951862757649
2013,15,0,4.76555023923445,15.464114832535886,209,1.8203175009601844,5.415951862757649
2013,16,0,1.5793650793650793,3.9523809523809526,126,1.8203175009601844,5.415951862757649
2013,17,0,3.5238095238095237,10.746031746031745,1953,1.8203175009601844,5.415951862757649
2013,18,0,7.469135802469136,20.444444444444443,81,1.8203175009601844,5.415951862757649
2013,19,0,1.8203175009601844,5.415951862757649,1,1.8203175009601844,5.415951862757649
2013,20,0,1.8203175009601844,5.415951862757649,1,1.8203175009601844,5.415951862757649
2013,21,0,5.101351351351352,10.530405405405405,296,1.8203175009601844,5.415951862757649
2013,22,0,2.9324324324324325,10.722972972972974,148,1.8203175009601844,5.415951862757649
2013,23,0,0.22381679389312978,0.9083969465648855,3275,1.8203175009601844,5.415951862757649
2013,24,0,1.8203175009601844,5.415951862757649,2,1.8203175009601844,5.415951862757649
2013,25,0,2.769230769230769,8.884615384615385,52,1.8203175009601844,5.415951862757649
2013,26,0,1.4661654135338347,3.8421052631578947,133,1.8203175009601844,5.415951862757649
2014,0,0,0.9510887772194305,2.926465661641541,5970,1.8031161473087818,5.604200024633576
2014,1,0,2.107142857142857,7.526190476190476,420,1.8031161473087818,5.604200024633576
2014,2,0,0.1781609195402299,0.8362068965517241,348,1.8031161473087818,5.604200024633576
2014,3,0,7.058201058201059,20.052910052910054,378,1.8031161473087818,5.604200024633576
2014,4,0,1.3072289156626506,7.234939759036145,166,1.8031161473087818,5.604200024633576
2014,6,0,7.895582329317269,25.598393574297187,249,1.8031161473087818,5.604200024633576
2014,7,0,1.955719557195572,5.77859778597786,271,1.8031161473087818,5.604200024633576
2014,8,0,1.8031161473087818,5.604200024633576,3,1.8031161473087818,5.604200024633576
2014,9,0,2.946308724832215,9.738255033557047,149,1.8031161473087818,5.604200024633576
2014,10,0,1.3761467889908257,6.321100917431193,109,1.8031161473087818,5.604200024633576
2014,11,0,1.8031161473087818,5.604200024633576,5,1.8031161473087818,5.604200024633576
2014,12,0,2.6329704510108867,8.725505443234837,1286,1.8031161473087818,5.604200024633576
2014,13,0,4.108303249097473,15.00361010830325,277,1.8031161473087818,5.604200024633576
2014,14,0,5.2,11.6,30,1.8031161473087818,5.604200024633576
2014,15,0,5.566666666666666,16.00952380952381,210,1.8031161473087818,5.604200024633576
2014,16,0,1.4965034965034965,4.6923076923076925,143,1.8031161473087818,5.604200024633576
2014,17,0,3.191205533596838,9.628458498023715,2024,1.8031161473087818,5.604200024633576
2014,18,0,8.01123595505618,22.02247191011236,89,1.8031161473087818,5.604200024633576
2014,19,0,1.8031161473087818,5.604200024633576,1,1.8031161473087818,5.604200024633576
2014,20,0,1.8031161473087818,5.604200024633576,4,1.8031161473087818,5.604200024633576
2014,21,0,5.658227848101266,13.167721518987342,316,1.8031161473087818,5.604200024633576
2014,22,0,3.2814814814814817,10.837037037037037,135,1.8031161473087818,5.604200024633576
2014,23,0,0.19895591647331787,0.7294083526682135,3448,1.8031161473087818,5.604200024633576
2014,24,0,1.8031161473087818,5.604200024633576,3,1.8031161473087818,5.604200024633576
2014,25,0,2.5522388059701493,10.164179104477611,67,1.8031161473087818,5.604200024633576
2014,26,0,2.4817518248175183,8.036496350364963,137,1.8031161473087818,5.604200024633576
2015,0,0,0.951975987993997,2.597798899449725,5997,1.8802089735709895,5.217762753534112
2015,1,0,2.134831460674157,6.698876404494382,445,1.8802089735709895,5.217762753534112
2015,2,0,0.3265895953757225,0.8179190751445087,346,1.8802089735709895,5.217762753534112
2015,3,0,8.295454545454545,21.166666666666668,396,1.8802089735709895,5.217762753534112
2015,4,0,1.518918918918919,7.464864864864865,185,1.8802089735709895,5.217762753534112
2015,6,0,5.873239436619718,12.220657276995306,213,1.8802089735709895,5.217762753534112
2015,7,0,1.2918287937743191,4.474708171206226,257,1.8802089735709895,5.217762753534112
2015,8,0,1.8802089735709895,5.217762753534112,9,1.8802089735709895,5.217762753534112
2015,9,0,3.246987951807229,8.75301204819277,166,1.8802089735709895,5.217762753534112
2015,10,0,1.5154639175257731,6.288659793814433,97,1.8802089735709895,5.217762753534112
2015,11,0,1.8802089735709895,5.217762753534112,4,1.8802089735709895,5.217762753534112
2015,12,0,3.740293356341674,10.865401207937877,1159,1.8802089735709895,5.217762753534112
2015,13,0,4.033333333333333,14.896666666666667,300,1.8802089735709895,5.217762753534112
2015,14,0,7.5625,16.75,32,1.8802089735709895,5.217762753534112
2015,15,0,5.529411764705882,13.828054298642535,221,1.8802089735709895,5.217762753534112
2015,16,0,1.484076433121019,3.464968152866242,157,1.8802089735709895,5.217762753534112
2015,17,0,3.6,9.145411764705882,2125,1.8802089735709895,5.217762753534112
2015,18,0,6.405940594059406,16.22772277227723,101,1.8802089735709895,5.217762753534112
2015,20,0,1.8802089735709895,5.217762753534112,4,1.8802089735709895,5.217762753534112
2015,21,0,3.676579925650558,6.631970260223048,269,1.8802089735709895,5.217762753534112
2015,22,0,2.523489932885906,9.288590604026846,149,1.8802089735709895,5.217762753534112
2015,23,0,0.20190916980040496,0.8735898177610645,3457,1.8802089735709895,5.217762753534112
2015,24,0,1.8802089735709895,5.217762753534112,4,1.8802089735709895,5.217762753534112
2015,25,0,1.346938775510204,5.26530612244898,49,1.8802089735709895,5.217762753534112
2015,26,0,2.0859375,12.8125,128,1.8802089735709895,5.217762753534112
2016,0,0,0.907540675844806,2.072747183979975,6392,2.0246155716282743,4.533458943657692
2016,1,0,1.881578947368421,5.642543859649122,456,2.0246155716282743,4.533458943657692
2016,2,0,0.3137254901960784,0.7927170868347339,357,2.0246155716282743,4.533458943657692
2016,3,0,8.73793103448276,18.797701149425286,435,2.0246155716282743,4.533458943657692
2016,4,0,2.1871657754010694,8.155080213903743,187,2.0246155716282743,4.533458943657692
2016,6,0,7.257246376811594,12.02536231884058,276,2.0246155716282743,4.533458943657692
2016,7,0,1.439446366782007,3.027681660899654,289,2.0246155716282743,4.533458943657692
2016,8,0,2.0246155716282743,4.533458943657692,9,2.0246155716282743,4.533458943657692
2016,9,0,3.335483870967742,7.264516129032258,155,2.0246155716282743,4.533458943657692
2016,10,0,1.5859375,4.078125,128,2.0246155716282743,4.533458943657692
2016,11,0,2.0246155716282743,4.533458943657692,3,2.0246155716282743,4.533458943657692
2016,12,0,3.8008474576271185,8.955084745762711,1180,2.0246155716282743,4.533458943657692
2016,13,0,4.396039603960396,10.782178217821782,303,2.0246155716282743,4.533458943657692
2016,14,0,7.5625,15.8125,32,2.0246155716282743,4.533458943657692
2016,15,0,5.247863247863248,10.179487179487179,234,2.0246155716282743,4.533458943657692
2016,16,0,1.4251968503937007,2.7401574803149606,127,2.0246155716282743,4.533458943657692
2016,17,0,3.592575187969925,7.7156954887218046,2128,2.0246155716282743,4.533458943657692
2016,18,0,7.726027397260274,20.123287671232877,73,2.0246155716282743,4.533458943657692
2016,20,0,2.0246155716282743,4.533458943657692,5,2.0246155716282743,4.533458943657692
2016,21,0,6.408602150537634,10.186379928315413,279,2.0246155716282743,4.533458943657692
2016,22,0,3.362962962962963,8.62962962962963,135,2.0246155716282743,4.533458943657692
2016,23,0,0.299739921976593,0.9421326397919376,3076,2.0246155716282743,4.533458943657692
2016,24,0,2.0246155716282743,4.533458943657692,6,2.0246155716282743,4.533458943657692
2016,25,0,2.1139240506329116,6.746835443037975,79,2.0246155716282743,4.533458943657692
2016,26,0,1.055045871559633,2.9357798165137616,109,2.0246155716282743,4.533458943657692
2003,0,1,0.5042283298097252,2.7170542635658914,2838,0.8064594169589936,5.22317648481916
2003,1,1,0.9351351351351351,8.41081081081081,185,0.8064594169589936,5.22317648481916
2003,2,1,0.048672566371681415,0.6150442477876106,226,0.8064594169589936,5.22317648481916
2003,3,1,4.757575757575758,26.567099567099568,231,0.8064594169589936,5.22317648481916
2003,4,1,0.6666666666666666,7.736111111111111,72,0.8064594169589936,5.22317648481916
2003,6,1,1.4723926380368098,7.447852760736196,163,0.8064594169589936,5.22317648481916
2003,7,1,0.7321428571428571,4.901785714285714,112,0.8064594169589936,5.22317648481916
2003,8,1,0.8064594169589936,5.22317648481916,3,0.8064594169589936,5.22317648481916
2003,9,1,1.2380952380952381,10.104761904761904,105,0.8064594169589936,5.22317648481916
2003,10,1,0.5945945945945946,4.72972972972973,74,0.8064594169589936,5.22317648481916
2003,11,1,0.8064594169589936,5.22317648481916,3,0.8064594169589936,5.22317648481916
2003,12,1,0.5853658536585366,4.087804878048781,615,0.8064594169589936,5.22317648481916
2003,13,1,1.3548387096774193,15.451612903225806,155,0.8064594169589936,5.22317648481916
2003,14,1,0.8064594169589936,5.22317648481916,21,0.8064594169589936,5.22317648481916
2003,15,1,0.8686868686868687,9.01010101010101,99,0.8064594169589936,5.22317648481916
2003,16,1,0.8507462686567164,4.746268656716418,67,0.8064594169589936,5.22317648481916
2003,17,1,1.7144194756554307,11.889513108614231,1068,0.8064594169589936,5.22317648481916
2003,18,1,2.245614035087719,13.017543859649123,57,0.8064594169589936,5.22317648481916
2003,20,1,0.8064594169589936,5.22317648481916,1,0.8064594169589936,5.22317648481916
2003,21,1,2.2195121951219514,10.795121951219512,205,0.8064594169589936,5.22317648481916
2003,22,1,0.9508196721311475,7.885245901639344,61,0.8064594169589936,5.22317648481916
2003,23,1,0.05970149253731343,0.5472636815920398,1809,0.8064594169589936,5.22317648481916
2003,24,1,0.8064594169589936,5.22317648481916,5,0.8064594169589936,5.22317648481916
2003,25,1,0.48484848484848486,2.5757575757575757,33,0.8064594169589936,5.22317648481916
2003,26,1,0.288135593220339,2.542372881355932,59,0.8064594169589936,5.22317648481916
2004,0,1,0.34811165845648606,2.554351395730706,3045,0.8097272428524482,5.143936904370687
2004,1,1,0.9079497907949791,6.2468619246861925,239,0.8097272428524482,5.143936904370687
2004,2,1,0.12053571428571429,0.6294642857142857,224,0.8097272428524482,5.143936904370687
2004,3,1,5.150375939849624,26.81578947368421,266,0.8097272428524482,5.143936904370687
2004,4,1,0.8840579710144928,11.217391304347826,69,0.8097272428524482,5.143936904370687
2004,6,1,2.1288659793814433,11.02061855670103,194,0.8097272428524482,5.143936904370687
2004,7,1,0.5294117647058824,3.2679738562091503,153,0.8097272428524482,5.143936904370687
2004,8,1,0.8097272428524482,5.143936904370687,2,0.8097272428524482,5.143936904370687
2004,9,1,1.4074074074074074,9.753086419753087,81,0.8097272428524482,5.143936904370687
2004,10,1,0.6463414634146342,5.585365853658536,82,0.8097272428524482,5.143936904370687
2004,12,1,0.4458689458689459,3.618233618233618,702,0.8097272428524482,5.143936904370687
2004,13,1,1.4382716049382716,13.32716049382716,162,0.8097272428524482,5.143936904370687
2004,14,1,0.8097272428524482,5.143936904370687,27,0.8097272428524482,5.143936904370687
2004,15,1,1.0754716981132075,8.20754716981132,106,0.8097272428524482,5.143936904370687
2004,16,1,1.1375,6.775,80,0.8097272428524482,5.143936904370687
2004,17,1,1.6551141166525782,10.038884192730347,1183,0.8097272428524482,5.143936904370687
2004,18,1,3.2247191011235956,23.44943820224719,89,0.8097272428524482,5.143936904370687
2004,19,1,0.8097272428524482,5.143936904370687,1,0.8097272428524482,5.143936904370687
2004,20,1,0.8097272428524482,5.143936904370687,2,0.8097272428524482,5.143936904370687
2004,21,1,2.52,9.324,250,0.8097272428524482,5.143936904370687
2004,22,1,1.4090909090909092,16.988636363636363,88,0.8097272428524482,5.143936904370687
2004,23,1,0.06268806419257773,0.5300902708124373,1994,0.8097272428524482,5.143936904370687
2004,24,1,0.8097272428524482,5.143936904370687,5,0.8097272428524482,5.143936904370687
2004,25,1,0.4666666666666667,4.2,30,0.8097272428524482,5.143936904370687
2004,26,1,0.09090909090909091,1.4,55,0.8097272428524482,5.143936904370687
2005,0,1,0.5031017369727047,3.279776674937965,3224,0.8443002780352178,5.162187210379981
2005,1,1,0.8032128514056225,5.791164658634538,249,0.8443002780352178,5.162187210379981
2005,2,1,0.11646586345381527,0.8152610441767069,249,0.8443002780352178,5.162187210379981
2005,3,1,4.630996309963099,27.177121771217713,271,0.8443002780352178,5.162187210379981
2005,4,1,0.3132530120481928,4.27710843373494,83,0.8443002780352178,5.162187210379981
2005,5,1,0.8443002780352178,5.162187210379981,2,0.8443002780352178,5.162187210379981
2005,6,1,2.323529411764706,13.563725490196079,204,0.8443002780352178,5.162187210379981
2005,7,1,0.48066298342541436,4.121546961325967,181,0.8443002780352178,5.162187210379981
2005,8,1,0.8443002780352178,5.162187210379981,3,0.8443002780352178,5.162187210379981
2005,9,1,2.24,11.88,75,0.8443002780352178,5.162187210379981
2005,10,1,1.0972222222222223,5.416666666666667,72,0.8443002780352178,5.162187210379981
2005,12,1,0.5294855708908407,4.441656210790464,797,0.8443002780352178,5.162187210379981
2005,13,1,1.4233128834355828,10.85276073619632,163,0.8443002780352178,5.162187210379981
2005,14,1,0.8443002780352178,5.162187210379981,21,0.8443002780352178,5.162187210379981
2005,15,1,1.4918032786885247,9.926229508196721,122,0.8443002780352178,5.162187210379981
2005,16,1,1.0919540229885059,5.586206896551724,87,0.8443002780352178,5.162187210379981
2005,17,1,1.4546147978642259,8.266209000762776,1311,0.8443002780352178,5.162187210379981
2005,18,1,4.280701754385965,28.596491228070175,57,0.8443002780352178,5.162187210379981
2005,20,1,0.8443002780352178,5.162187210379981,1,0.8443002780352178,5.162187210379981
2005,21,1,2.776061776061776,9.822393822393822,259,0.8443002780352178,5.162187210379981
2005,22,1,0.9285714285714286,7.809523809523809,84,0.8443002780352178,5.162187210379981
2005,23,1,0.08870967741935484,0.7945920303605313,2108,0.8443002780352178,5.162187210379981
2005,24,1,0.8443002780352178,5.162187210379981,5,0.8443002780352178,5.162187210379981
2005,25,1,0.8443002780352178,5.162187210379981,24,0.8443002780352178,5.162187210379981
2005,26,1,0.864406779661017,4.186440677966102,59,0.8443002780352178,5.162187210379981
2006,0,1,0.43115190997927155,2.8335801006810777,3377,0.8275594371664241,5.139932071809801
2006,1,1,0.8577235772357723,6.345528455284553,246,0.8275594371664241,5.139932071809801
2006,2,1,0.14225941422594143,0.8535564853556485,239,0.8275594371664241,5.139932071809801
2006,3,1,4.141342756183746,24.7773851590106,283,0.8275594371664241,5.139932071809801
2006,4,1,0.5568181818181818,7.068181818181818,88,0.8275594371664241,5.139932071809801
2006,6,1,2.0528846153846154,11.677884615384615,208,0.8275594371664241,5.139932071809801
2006,7,1,0.2430939226519337,2.0552486187845305,181,0.8275594371664241,5.139932071809801
2006,8,1,0.8275594371664241,5.139932071809801,6,0.8275594371664241,5.139932071809801
2006,9,1,1.3243243243243243,8.675675675675675,111,0.8275594371664241,5.139932071809801
2006,10,1,1.1142857142857143,6.457142857142857,70,0.8275594371664241,5.139932071809801
2006,11,1,0.8275594371664241,5.139932071809801,1,0.8275594371664241,5.139932071809801
2006,12,1,0.6187214611872146,5.2214611872146115,876,0.8275594371664241,5.139932071809801
2006,13,1,1.180232558139535,7.767441860465116,172,0.8275594371664241,5.139932071809801
2006,14,1,0.8275594371664241,5.139932071809801,25,0.8275594371664241,5.139932071809801
2006,15,1,1.4955752212389382,11.11504424778761,113,0.8275594371664241,5.139932071809801
2006,16,1,1.2098765432098766,6.271604938271605,81,0.8275594371664241,5.139932071809801
2006,17,1,1.6785454545454546,9.629090909090909,1375,0.8275594371664241,5.139932071809801
2006,18,1,3.3866666666666667,26.493333333333332,75,0.8275594371664241,5.139932071809801
2006,19,1,0.8275594371664241,5.139932071809801,1,0.8275594371664241,5.139932071809801
2006,20,1,0.8275594371664241,5.139932071809801,2,0.8275594371664241,5.139932071809801
2006,21,1,2.3444444444444446,8.644444444444444,270,0.8275594371664241,5.139932071809801
2006,22,1,1.7653061224489797,14.408163265306122,98,0.8275594371664241,5.139932071809801
2006,23,1,0.10826336721166593,0.6827220503756076,2263,0.8275594371664241,5.139932071809801
2006,24,1,0.8275594371664241,5.139932071809801,2,0.8275594371664241,5.139932071809801
2006,25,1,0.7105263157894737,8.078947368421053,38,0.8275594371664241,5.139932071809801
2006,26,1,0.4326923076923077,3.230769230769231,104,0.8275594371664241,5.139932071809801
2007,0,1,0.4316983122362869,3.1210443037974684,3792,0.9007336292002536,5.625033964314826
2007,1,1,0.8609022556390977,7.515037593984962,266,0.9007336292002536,5.625033964314826
2007,2,1,0.10902255639097744,0.6992481203007519,266,0.9007336292002536,5.625033964314826
2007,3,1,4.424812030075188,26.236842105263158,266,0.9007336292002536,5.625033964314826
2007,4,1,0.9320388349514563,9.475728155339805,103,0.9007336292002536,5.625033964314826
2007,6,1,3.4154589371980677,17.357487922705314,207,0.9007336292002536,5.625033964314826
2007,7,1,0.9245283018867925,5.1084905660377355,212,0.9007336292002536,5.625033964314826
2007,8,1,0.9007336292002536,5.625033964314826,7,0.9007336292002536,5.625033964314826
2007,9,1,1.8863636363636365,11.090909090909092,88,0.9007336292002536,5.625033964314826
2007,10,1,0.8045977011494253,4.091954022988506,87,0.9007336292002536,5.625033964314826
2007,12,1,0.5698689956331878,4.1943231441048034,916,0.9007336292002536,5.625033964314826
2007,13,1,1.6682926829268292,13.697560975609756,205,0.9007336292002536,5.625033964314826
2007,14,1,0.9007336292002536,5.625033964314826,25,0.9007336292002536,5.625033964314826
2007,15,1,1.7033898305084745,10.432203389830509,118,0.9007336292002536,5.625033964314826
2007,16,1,0.7623762376237624,4.485148514851486,101,0.9007336292002536,5.625033964314826
2007,17,1,1.7352355673523556,9.69608493696085,1507,0.9007336292002536,5.625033964314826
2007,18,1,4.703703703703703,31.160493827160494,81,0.9007336292002536,5.625033964314826
2007,21,1,2.5806451612903225,10.737903225806452,248,0.9007336292002536,5.625033964314826
2007,22,1,2.75,26.96,100,0.9007336292002536,5.625033964314826
2007,23,1,0.14892703862660944,0.851931330472103,2330,0.9007336292002536,5.625033964314826
2007,24,1,0.9007336292002536,5.625033964314826,7,0.9007336292002536,5.625033964314826
2007,25,1,0.7333333333333333,6.633333333333334,30,0.9007336292002536,5.625033964314826
2007,26,1,0.759493670886076,5.1265822784810124,79,0.9007336292002536,5.625033964314826
2008,0,1,0.46490191444103046,2.795320255258804,4231,0.8330589397431676,5.305235429700362
2008,1,1,0.8529411764705882,6.518382352941177,272,0.8330589397431676,5.305235429700362
2008,2,1,0.1519434628975265,1.243816254416961,283,0.8330589397431676,5.305235429700362
2008,3,1,3.700657894736842,25.20394736842105,304,0.8330589397431676,5.305235429700362
2008,4,1,0.46464646464646464,5.858585858585859,99,0.8330589397431676,5.305235429700362
2008,6,1,2.699074074074074,15.125,216,0.8330589397431676,5.305235429700362
2008,7,1,0.8318181818181818,6.036363636363636,220,0.8330589397431676,5.305235429700362
2008,8,1,0.8330589397431676,5.305235429700362,9,0.8330589397431676,5.305235429700362
2008,9,1,1.6767676767676767,14.797979797979798,99,0.8330589397431676,5.305235429700362
2008,10,1,1.2105263157894737,8.736842105263158,76,0.8330589397431676,5.305235429700362
2008,11,1,0.8330589397431676,5.305235429700362,2,0.8330589397431676,5.305235429700362
2008,12,1,0.6255144032921811,4.904320987654321,972,0.8330589397431676,5.305235429700362
2008,13,1,1.5077720207253886,12.813471502590673,193,0.8330589397431676,5.305235429700362
2008,14,1,0.8330589397431676,5.305235429700362,25,0.8330589397431676,5.305235429700362
2008,15,1,2.183673469387755,12.857142857142858,147,0.8330589397431676,5.305235429700362
2008,16,1,1.1264367816091954,7.390804597701149,87,0.8330589397431676,5.305235429700362
2008,17,1,1.584731058415269,9.572006940427993,1729,0.8330589397431676,5.305235429700362
2008,18,1,2.816901408450704,14.028169014084508,71,0.8330589397431676,5.305235429700362
2008,19,1,0.8330589397431676,5.305235429700362,1,0.8330589397431676,5.305235429700362
2008,20,1,0.8330589397431676,5.305235429700362,1,0.8330589397431676,5.305235429700362
2008,21,1,2.931407942238267,12.126353790613718,277,0.8330589397431676,5.305235429700362
2008,22,1,1.6761904761904762,12.847619047619048,105,0.8330589397431676,5.305235429700362
2008,23,1,0.09361702127659574,0.7628626692456479,2585,0.8330589397431676,5.305235429700362
2008,24,1,0.8330589397431676,5.305235429700362,5,0.8330589397431676,5.305235429700362
2008,25,1,1.6857142857142857,12.371428571428572,35,0.8330589397431676,5.305235429700362
2008,26,1,0.375,3.769230769230769,104,0.8330589397431676,5.305235429700362
2009,0,1,0.47315436241610737,2.670917225950783,4470,0.8374971173802752,4.970943193173956
2009,1,1,0.9142091152815014,7.093833780160858,373,0.8374971173802752,4.970943193173956
2009,2,1,0.15151515151515152,1.0673400673400673,297,0.8374971173802752,4.970943193173956
2009,3,1,4.201365187713311,22.023890784982935,293,0.8374971173802752,4.970943193173956
2009,4,1,0.6062992125984252,6.755905511811024,127,0.8374971173802752,4.970943193173956
2009,6,1,3.497536945812808,15.556650246305418,203,0.8374971173802752,4.970943193173956
2009,7,1,0.6244725738396625,4.544303797468355,237,0.8374971173802752,4.970943193173956
2009,8,1,0.8374971173802752,4.970943193173956,4,0.8374971173802752,4.970943193173956
2009,9,1,1.794392523364486,11.981308411214954,107,0.8374971173802752,4.970943193173956
2009,10,1,0.7865168539325843,5.752808988764045,89,0.8374971173802752,4.970943193173956
2009,11,1,0.8374971173802752,4.970943193173956,1,0.8374971173802752,4.970943193173956
2009,12,1,0.7666362807657247,5.0237010027347315,1097,0.8374971173802752,4.970943193173956
2009,13,1,1.58203125,11.15625,256,0.8374971173802752,4.970943193173956
2009,14,1,0.8374971173802752,4.970943193173956,26,0.8374971173802752,4.970943193173956
2009,15,1,1.9078947368421053,14.296052631578947,152,0.8374971173802752,4.970943193173956
2009,16,1,0.9333333333333333,4.942857142857143,105,0.8374971173802752,4.970943193173956
2009,17,1,1.503565551289084,8.710916072408118,1823,0.8374971173802752,4.970943193173956
2009,18,1,3.3555555555555556,20.122222222222224,90,0.8374971173802752,4.970943193173956
2009,20,1,0.8374971173802752,4.970943193173956,3,0.8374971173802752,4.970943193173956
2009,21,1,2.2491103202846974,9.448398576512455,281,0.8374971173802752,4.970943193173956
2009,22,1,1.2363636363636363,9.8,110,0.8374971173802752,4.970943193173956
2009,23,1,0.08608058608058608,0.6377289377289377,2730,0.8374971173802752,4.970943193173956
2009,24,1,0.8374971173802752,4.970943193173956,6,0.8374971173802752,4.970943193173956
2009,25,1,1.1666666666666667,10.13888888888889,36,0.8374971173802752,4.970943193173956
2009,26,1,0.5053763440860215,4.064516129032258,93,0.8374971173802752,4.970943193173956
2010,0,1,0.46882168925964546,2.57288842544317,4795,0.9009515570934256,5.358636101499424
2010,1,1,0.8926829268292683,6.475609756097561,410,0.9009515570934256,5.358636101499424
2010,2,1,0.12111801242236025,0.593167701863354,322,0.9009515570934256,5.358636101499424
2010,3,1,4.458966565349544,24.756838905775076,329,0.9009515570934256,5.358636101499424
2010,4,1,1.0465116279069768,11.015503875968992,129,0.9009515570934256,5.358636101499424
2010,6,1,3.0,14.915094339622641,212,0.9009515570934256,5.358636101499424
2010,7,1,0.7384615384615385,6.765384615384615,260,0.9009515570934256,5.358636101499424
2010,8,1,0.9009515570934256,5.358636101499424,5,0.9009515570934256,5.358636101499424
2010,9,1,1.3793103448275863,10.629310344827585,116,0.9009515570934256,5.358636101499424
2010,10,1,0.8571428571428571,5.857142857142857,84,0.9009515570934256,5.358636101499424
2010,11,1,0.9009515570934256,5.358636101499424,3,0.9009515570934256,5.358636101499424
2010,12,1,0.6888111888111889,5.295454545454546,1144,0.9009515570934256,5.358636101499424
2010,13,1,1.5116279069767442,10.503875968992247,258,0.9009515570934256,5.358636101499424
2010,14,1,0.9009515570934256,5.358636101499424,25,0.9009515570934256,5.358636101499424
2010,15,1,2.354609929078014,14.98581560283688,141,0.9009515570934256,5.358636101499424
2010,16,1,0.9883720930232558,5.372093023255814,86,0.9009515570934256,5.358636101499424
2010,17,1,1.8142857142857143,9.75026455026455,1890,0.9009515570934256,5.358636101499424
2010,18,1,2.524193548387097,15.379032258064516,124,0.9009515570934256,5.358636101499424
2010,20,1,0.9009515570934256,5.358636101499424,1,0.9009515570934256,5.358636101499424
2010,21,1,2.7964285714285713,13.392857142857142,280,0.9009515570934256,5.358636101499424
2010,22,1,1.8888888888888888,14.952380952380953,126,0.9009515570934256,5.358636101499424
2010,23,1,0.11590296495956873,1.1371293800539084,2968,0.9009515570934256,5.358636101499424
2010,24,1,0.9009515570934256,5.358636101499424,5,0.9009515570934256,5.358636101499424
2010,25,1,0.5918367346938775,8.0,49,0.9009515570934256,5.358636101499424
2010,26,1,2.4909090909090907,8.272727272727273,110,0.9009515570934256,5.358636101499424
2011,0,1,0.5447979699394886,3.257856724575444,5123,0.858076174589936,5.251181540172366
2011,1,1,0.8071428571428572,6.578571428571428,420,0.858076174589936,5.251181540172366
2011,2,1,0.12140575079872204,0.9201277955271565,313,0.858076174589936,5.251181540172366
2011,3,1,4.182089552238806,20.486567164179103,335,0.858076174589936,5.251181540172366
2011,4,1,0.7293233082706767,8.699248120300751,133,0.858076174589936,5.251181540172366
2011,6,1,3.185185185185185,15.592592592592593,216,0.858076174589936,5.251181540172366
2011,7,1,0.5749128919860628,3.6236933797909407,287,0.858076174589936,5.251181540172366
2011,8,1,0.858076174589936,5.251181540172366,7,0.858076174589936,5.251181540172366
2011,9,1,1.8333333333333333,11.992424242424242,132,0.858076174589936,5.251181540172366
2011,10,1,1.3243243243243243,6.351351351351352,111,0.858076174589936,5.251181540172366
2011,12,1,0.8074191002367798,5.786108918705604,1267,0.858076174589936,5.251181540172366
2011,13,1,1.8601694915254237,13.690677966101696,236,0.858076174589936,5.251181540172366
2011,14,1,0.858076174589936,5.251181540172366,24,0.858076174589936,5.251181540172366
2011,15,1,2.2045454545454546,12.051136363636363,176,0.858076174589936,5.251181540172366
2011,16,1,1.008695652173913,5.017391304347826,115,0.858076174589936,5.251181540172366
2011,17,1,1.4992025518341308,8.79585326953748,1881,0.858076174589936,5.251181540172366
2011,18,1,2.619047619047619,17.62857142857143,105,0.858076174589936,5.251181540172366
2011,20,1,0.858076174589936,5.251181540172366,3,0.858076174589936,5.251181540172366
2011,21,1,2.617760617760618,14.737451737451737,259,0.858076174589936,5.251181540172366
2011,22,1,1.6752136752136753,12.452991452991453,117,0.858076174589936,5.251181540172366
2011,23,1,0.10107816711590296,0.965633423180593,2968,0.858076174589936,5.251181540172366
2011,24,1,0.858076174589936,5.251181540172366,4,0.858076174589936,5.251181540172366
2011,25,1,0.8775510204081632,6.571428571428571,49,0.858076174589936,5.251181540172366
2011,26,1,0.5327102803738317,3.7757009345794392,107,0.858076174589936,5.251181540172366
2012,0,1,0.48201438848920863,3.036893562073418,5421,0.8723733836206896,5.044113685344827
2012,1,1,0.8953771289537713,6.245742092457421,411,0.8723733836206896,5.044113685344827
2012,2,1,0.17834394904458598,1.3503184713375795,314,0.8723733836206896,5.044113685344827
2012,3,1,3.4297994269340975,19.555873925501434,349,0.8723733836206896,5.044113685344827
2012,4,1,0.7986111111111112,7.1875,144,0.8723733836206896,5.044113685344827
2012,6,1,3.467889908256881,13.830275229357799,218,0.8723733836206896,5.044113685344827
2012,7,1,0.6482213438735178,4.628458498023716,253,0.8723733836206896,5.044113685344827
2012,8,1,0.8723733836206896,5.044113685344827,9,0.8723733836206896,5.044113685344827
2012,9,1,1.3636363636363635,8.345454545454546,165,0.8723733836206896,5.044113685344827
2012,10,1,1.3173076923076923,7.365384615384615,104,0.8723733836206896,5.044113685344827
2012,11,1,0.8723733836206896,5.044113685344827,2,0.8723733836206896,5.044113685344827
2012,12,1,1.0,6.416873449131514,1209,0.8723733836206896,5.044113685344827
2012,13,1,1.9859154929577465,12.591549295774648,284,0.8723733836206896,5.044113685344827
2012,14,1,0.8723733836206896,5.044113685344827,18,0.8723733836206896,5.044113685344827
2012,15,1,2.7534883720930234,16.74418604651163,215,0.8723733836206896,5.044113685344827
2012,16,1,1.358974358974359,5.102564102564102,117,0.8723733836206896,5.044113685344827
2012,17,1,1.5709033613445378,8.47689075630252,1904,0.8723733836206896,5.044113685344827
2012,18,1,3.549019607843137,18.42156862745098,102,0.8723733836206896,5.044113685344827
2012,20,1,0.8723733836206896,5.044113685344827,3,0.8723733836206896,5.044113685344827
2012,21,1,2.5938566552901023,10.430034129692833,293,0.8723733836206896,5.044113685344827
2012,22,1,1.5039370078740157,10.354330708661417,127,0.8723733836206896,5.044113685344827
2012,23,1,0.1106312292358804,0.8275747508305648,3010,0.8723733836206896,5.044113685344827
2012,24,1,0.8723733836206896,5.044113685344827,3,0.8723733836206896,5.044113685344827
2012,25,1,0.7708333333333334,5.479166666666667,48,0.8723733836206896,5.044113685344827
2012,26,1,0.432,2.232,125,0.8723733836206896,5.044113685344827
2013,0,1,0.46348012889366275,2.758503401360544,5586,0.935731660478812,5.386186147740366
2013,1,1,1.0357142857142858,6.238095238095238,420,0.935731660478812,5.386186147740366
2013,2,1,0.11014492753623188,0.9217391304347826,345,0.935731660478812,5.386186147740366
2013,3,1,4.758928571428571,22.955357142857142,336,0.935731660478812,5.386186147740366
2013,4,1,0.5875706214689266,8.203389830508474,177,0.935731660478812,5.386186147740366
2013,6,1,4.4914529914529915,19.91025641025641,234,0.935731660478812,5.386186147740366
2013,7,1,1.030188679245283,5.483018867924528,265,0.935731660478812,5.386186147740366
2013,8,1,0.935731660478812,5.386186147740366,6,0.935731660478812,5.386186147740366
2013,9,1,2.302857142857143,13.502857142857144,175,0.935731660478812,5.386186147740366
2013,10,1,0.8508771929824561,3.93859649122807,114,0.935731660478812,5.386186147740366
2013,11,1,0.935731660478812,5.386186147740366,1,0.935731660478812,5.386186147740366
2013,12,1,1.0080645161290323,5.975806451612903,1364,0.935731660478812,5.386186147740366
2013,13,1,1.9363957597173145,14.356890459363958,283,0.935731660478812,5.386186147740366
2013,14,1,2.8974358974358974,13.076923076923077,39,0.935731660478812,5.386186147740366
2013,15,1,2.1770334928229667,15.607655502392344,209,0.935731660478812,5.386186147740366
2013,16,1,0.8174603174603174,4.166666666666667,126,0.935731660478812,5.386186147740366
2013,17,1,1.7741935483870968,10.642601126472094,1953,0.935731660478812,5.386186147740366
2013,18,1,4.037037037037037,20.469135802469136,81,0.935731660478812,5.386186147740366
2013,19,1,0.935731660478812,5.386186147740366,1,0.935731660478812,5.386186147740366
2013,20,1,0.935731660478812,5.386186147740366,1,0.935731660478812,5.386186147740366
2013,21,1,3.027027027027027,11.141891891891891,296,0.935731660478812,5.386186147740366
2013,22,1,1.3175675675675675,10.56081081081081,148,0.935731660478812,5.386186147740366
2013,23,1,0.11603053435114503,0.84,3275,0.935731660478812,5.386186147740366
2013,24,1,0.935731660478812,5.386186147740366,2,0.935731660478812,5.386186147740366
2013,25,1,1.4230769230769231,8.596153846153847,52,0.935731660478812,5.386186147740366
2013,26,1,0.6842105263157895,4.082706766917293,133,0.935731660478812,5.386186147740366
2014,0,1,0.5180904522613066,2.8559463986599667,5970,0.9241901712033501,5.594223426530361
2014,1,1,1.1166666666666667,7.173809523809524,420,0.9241901712033501,5.594223426530361
2014,2,1,0.09770114942528736,0.8017241379310345,348,0.9241901712033501,5.594223426530361
2014,3,1,3.6005291005291005,20.428571428571427,378,0.9241901712033501,5.594223426530361
2014,4,1,0.608433734939759,6.656626506024097,166,0.9241901712033501,5.594223426530361
2014,6,1,3.7991967871485945,25.819277108433734,249,0.9241901712033501,5.594223426530361
2014,7,1,0.9040590405904059,6.003690036900369,271,0.9241901712033501,5.594223426530361
2014,8,1,0.9241901712033501,5.594223426530361,3,0.9241901712033501,5.594223426530361
2014,9,1,1.6442953020134228,9.61744966442953,149,0.9241901712033501,5.594223426530361
2014,10,1,0.8348623853211009,5.660550458715596,109,0.9241901712033501,5.594223426530361
2014,11,1,0.9241901712033501,5.594223426530361,5,0.9241901712033501,5.594223426530361
2014,12,1,1.2682737169517886,8.73561430793157,1286,0.9241901712033501,5.594223426530361
2014,13,1,1.96028880866426,14.592057761732852,277,0.9241901712033501,5.594223426530361
2014,14,1,2.7666666666666666,12.466666666666667,30,0.9241901712033501,5.594223426530361
2014,15,1,2.823809523809524,16.51904761904762,210,0.9241901712033501,5.594223426530361
2014,16,1,0.8601398601398601,4.6223776223776225,143,0.9241901712033501,5.594223426530361
2014,17,1,1.5612648221343874,9.808300395256918,2024,0.9241901712033501,5.594223426530361
2014,18,1,4.235955056179775,22.258426966292134,89,0.9241901712033501,5.594223426530361
2014,19,1,0.9241901712033501,5.594223426530361,1,0.9241901712033501,5.594223426530361
2014,20,1,0.9241901712033501,5.594223426530361,4,0.9241901712033501,5.594223426530361
2014,21,1,3.2531645569620253,13.481012658227849,316,0.9241901712033501,5.594223426530361
2014,22,1,1.7037037037037037,10.511111111111111,135,0.9241901712033501,5.594223426530361
2014,23,1,0.10846867749419954,0.7073665893271461,3448,0.9241901712033501,5.594223426530361
2014,24,1,0.9241901712033501,5.594223426530361,3,0.9241901712033501,5.594223426530361
2014,25,1,1.2686567164179106,9.656716417910447,67,0.9241901712033501,5.594223426530361
2014,26,1,1.3503649635036497,8.05109489051095,137,0.9241901712033501,5.594223426530361
2015,0,1,0.5134233783558446,3.0550275137568783,5997,0.9698217578365089,6.144007375537799
2015,1,1,1.0044943820224719,7.8382022471910116,445,0.9698217578365089,6.144007375537799
2015,2,1,0.20520231213872833,0.953757225433526,346,0.9698217578365089,6.144007375537799
2015,3,1,4.212121212121212,25.255050505050505,396,0.9698217578365089,6.144007375537799
2015,4,1,0.745945945945946,8.248648648648649,185,0.9698217578365089,6.144007375537799
2015,6,1,3.112676056338028,14.981220657276996,213,0.9698217578365089,6.144007375537799
2015,7,1,0.7159533073929961,5.058365758754864,257,0.9698217578365089,6.144007375537799
2015,8,1,0.9698217578365089,6.144007375537799,9,0.9698217578365089,6.144007375537799
2015,9,1,1.6265060240963856,10.385542168674698,166,0.9698217578365089,6.144007375537799
2015,10,1,0.865979381443299,7.020618556701031,97,0.9698217578365089,6.144007375537799
2015,11,1,0.9698217578365089,6.144007375537799,4,0.9698217578365089,6.144007375537799
2015,12,1,1.7981018119068162,12.814495254529767,1159,0.9698217578365089,6.144007375537799
2015,13,1,1.8766666666666667,17.083333333333332,300,0.9698217578365089,6.144007375537799
2015,14,1,4.0,20.375,32,0.9698217578365089,6.144007375537799
2015,15,1,2.8054298642533935,16.556561085972852,221,0.9698217578365089,6.144007375537799
2015,16,1,0.9044585987261147,4.095541401273885,157,0.9698217578365089,6.144007375537799
2015,17,1,1.8931764705882352,10.889882352941177,2125,0.9698217578365089,6.144007375537799
2015,18,1,3.3564356435643563,19.287128712871286,101,0.9698217578365089,6.144007375537799
2015,20,1,0.9698217578365089,6.144007375537799,4,0.9698217578365089,6.144007375537799
2015,21,1,2.12639405204461,8.185873605947956,269,0.9698217578365089,6.144007375537799
2015,22,1,1.167785234899329,10.664429530201343,149,0.9698217578365089,6.144007375537799
2015,23,1,0.10153312120335552,0.9762800115707261,3457,0.9698217578365089,6.144007375537799
2015,24,1,0.9698217578365089,6.144007375537799,4,0.9698217578365089,6.144007375537799
2015,25,1,0.5918367346938775,6.020408163265306,49,0.9698217578365089,6.144007375537799
2015,26,1,1.0,13.8984375,128,0.9698217578365089,6.144007375537799
2016,0,1,0.4757509386733417,2.5168961201501876,6392,1.0325168662250046,5.536619461496383
2016,1,1,0.9210526315789473,6.607456140350878,456,1.0325168662250046,5.536619461496383
2016,2,1,0.17086834733893558,0.938375350140056,357,1.0325168662250046,5.536619461496383
2016,3,1,4.544827586206897,22.997701149425286,435,1.0325168662250046,5.536619461496383
2016,4,1,1.0213903743315509,9.336898395721924,187,1.0325168662250046,5.536619461496383
2016,6,1,3.949275362318841,15.33695652173913,276,1.0325168662250046,5.536619461496383
2016,7,1,0.6401384083044983,3.8339100346020762,289,1.0325168662250046,5.536619461496383
2016,8,1,1.0325168662250046,5.536619461496383,9,1.0325168662250046,5.536619461496383
2016,9,1,1.632258064516129,8.974193548387097,155,1.0325168662250046,5.536619461496383
2016,10,1,0.7109375,5.0,128,1.0325168662250046,5.536619461496383
2016,11,1,1.0325168662250046,5.536619461496383,3,1.0325168662250046,5.536619461496383
2016,12,1,1.806779661016949,10.95593220338983,1180,1.0325168662250046,5.536619461496383
2016,13,1,2.1254125412541254,13.07920792079208,303,1.0325168662250046,5.536619461496383
2016,14,1,3.96875,19.40625,32,1.0325168662250046,5.536619461496383
2016,15,1,2.764957264957265,12.666666666666666,234,1.0325168662250046,5.536619461496383
2016,16,1,0.8188976377952756,3.4330708661417324,127,1.0325168662250046,5.536619461496383
2016,17,1,1.8472744360902256,9.471804511278195,2128,1.0325168662250046,5.536619461496383
2016,18,1,4.0,23.91780821917808,73,1.0325168662250046,5.536619461496383
2016,20,1,1.0325168662250046,5.536619461496383,5,1.0325168662250046,5.536619461496383
2016,21,1,3.5734767025089607,13.07168458781362,279,1.0325168662250046,5.536619461496383
2016,22,1,1.5629629629629629,10.444444444444445,135,1.0325168662250046,5.536619461496383
2016,23,1,0.1397919375812744,1.1046814044213265,3076,1.0325168662250046,5.536619461496383
2016,24,1,1.0325168662250046,5.536619461496383,6,1.0325168662250046,5.536619461496383
2016,25,1,1.0,7.886075949367089,79,1.0325168662250046,5.536619461496383
2016,26,1,0.46788990825688076,3.522935779816514,109,1.0325168662250046,5.536619461496383
2003,0,2,0.12085976039464412,2.682522903453136,2838,0.17660578202491836,5.008951251965646
2003,1,2,0.15135135135135136,7.324324324324325,185,0.17660578202491836,5.008951251965646
2003,2,2,0.01327433628318584,0.49557522123893805,226,0.17660578202491836,5.008951251965646
2003,3,2,1.051948051948052,26.116883116883116,231,0.17660578202491836,5.008951251965646
2003,4,2,0.09722222222222222,6.541666666666667,72,0.17660578202491836,5.008951251965646
2003,6,2,0.34355828220858897,7.45398773006135,163,0.17660578202491836,5.008951251965646
2003,7,2,0.22321428571428573,4.616071428571429,112,0.17660578202491836,5.008951251965646
2003,8,2,0.17660578202491836,5.008951251965646,3,0.17660578202491836,5.008951251965646
2003,9,2,0.41904761904761906,9.0,105,0.17660578202491836,5.008951251965646
2003,10,2,0.20270270270270271,4.364864864864865,74,0.17660578202491836,5.008951251965646
2003,11,2,0.17660578202491836,5.008951251965646,3,0.17660578202491836,5.008951251965646
2003,12,2,0.14634146341463414,3.868292682926829,615,0.17660578202491836,5.008951251965646
2003,13,2,0.33548387096774196,13.225806451612904,155,0.17660578202491836,5.008951251965646
2003,14,2,0.17660578202491836,5.008951251965646,21,0.17660578202491836,5.008951251965646
2003,15,2,0.0707070707070707,8.191919191919192,99,0.17660578202491836,5.008951251965646
2003,16,2,0.43283582089552236,4.477611940298507,67,0.17660578202491836,5.008951251965646
2003,17,2,0.30711610486891383,11.536516853932584,1068,0.17660578202491836,5.008951251965646
2003,18,2,0.5263157894736842,12.87719298245614,57,0.17660578202491836,5.008951251965646
2003,20,2,0.17660578202491836,5.008951251965646,1,0.17660578202491836,5.008951251965646
2003,21,2,0.4585365853658537,10.970731707317073,205,0.17660578202491836,5.008951251965646
2003,22,2,0.22950819672131148,7.0,61,0.17660578202491836,5.008951251965646
2003,23,2,0.01658374792703151,0.4947484798231067,1809,0.17660578202491836,5.008951251965646
2003,24,2,0.17660578202491836,5.008951251965646,5,0.17660578202491836,5.008951251965646
2003,25,2,0.06060606060606061,2.484848484848485,33,0.17660578202491836,5.008951251965646
2003,26,2,0.03389830508474576,2.406779661016949,59,0.17660578202491836,5.008951251965646
2004,0,2,0.08243021346469623,2.4022988505747125,3045,0.17493701391170993,4.934604009201446
2004,1,2,0.2175732217573222,5.832635983263598,239,0.17493701391170993,4.934604009201446
2004,2,2,0.03125,0.6473214285714286,224,0.17493701391170993,4.934604009201446
2004,3,2,0.9473684210526315,27.041353383458645,266,0.17493701391170993,4.934604009201446
2004,4,2,0.2028985507246377,9.507246376811594,69,0.17493701391170993,4.934604009201446
2004,6,2,0.4329896907216495,10.768041237113403,194,0.17493701391170993,4.934604009201446
2004,7,2,0.16993464052287582,3.0588235294117645,153,0.17493701391170993,4.934604009201446
2004,8,2,0.17493701391170993,4.934604009201446,2,0.17493701391170993,4.934604009201446
2004,9,2,0.5432098765432098,9.024691358024691,81,0.17493701391170993,4.934604009201446
2004,10,2,0.2073170731707317,5.0,82,0.17493701391170993,4.934604009201446
2004,12,2,0.10541310541310542,3.3062678062678064,702,0.17493701391170993,4.934604009201446
2004,13,2,0.20987654320987653,11.987654320987655,162,0.17493701391170993,4.934604009201446
2004,14,2,0.17493701391170993,4.934604009201446,27,0.17493701391170993,4.934604009201446
2004,15,2,0.1320754716981132,7.867924528301887,106,0.17493701391170993,4.934604009201446
2004,16,2,0.45,6.425,80,0.17493701391170993,4.934604009201446
2004,17,2,0.3474218089602705,9.770921386306002,1183,0.17493701391170993,4.934604009201446
2004,18,2,0.42696629213483145,22.43820224719101,89,0.17493701391170993,4.934604009201446
2004,19,2,0.17493701391170993,4.934604009201446,1,0.17493701391170993,4.934604009201446
2004,20,2,0.17493701391170993,4.934604009201446,2,0.17493701391170993,4.934604009201446
2004,21,2,0.592,9.868,250,0.17493701391170993,4.934604009201446
2004,22,2,0.36363636363636365,14.590909090909092,88,0.17493701391170993,4.934604009201446
2004,23,2,0.02106318956870612,0.4719157472417252,1994,0.17493701391170993,4.934604009201446
2004,24,2,0.17493701391170993,4.934604009201446,5,0.17493701391170993,4.934604009201446
2004,25,2,0.1,3.966666666666667,30,0.17493701391170993,4.934604009201446
2004,26,2,0.0,1.290909090909091,55,0.17493701391170993,4.934604009201446
2005,0,2,0.11972704714640199,3.0883995037220844,3224,0.19060858819894966,4.972917310266708
2005,1,2,0.21285140562248997,5.469879518072289,249,0.19060858819894966,4.972917310266708
2005,2,2,0.040160642570281124,0.7068273092369478,249,0.19060858819894966,4.972917310266708
2005,3,2,0.966789667896679,26.66420664206642,271,0.19060858819894966,4.972917310266708
2005,4,2,0.060240963855421686,3.674698795180723,83,0.19060858819894966,4.972917310266708
2005,5,2,0.19060858819894966,4.972917310266708,2,0.19060858819894966,4.972917310266708
2005,6,2,0.5049019607843137,13.269607843137255,204,0.19060858819894966,4.972917310266708
2005,7,2,0.12154696132596685,3.707182320441989,181,0.19060858819894966,4.972917310266708
2005,8,2,0.19060858819894966,4.972917310266708,3,0.19060858819894966,4.972917310266708
2005,9,2,0.8666666666666667,11.52,75,0.19060858819894966,4.972917310266708
2005,10,2,0.4722222222222222,4.972222222222222,72,0.19060858819894966,4.972917310266708
2005,12,2,0.08281053952321205,4.134253450439147,797,0.19060858819894966,4.972917310266708
2005,13,2,0.3128834355828221,10.098159509202453,163,0.19060858819894966,4.972917310266708
2005,14,2,0.19060858819894966,4.972917310266708,21,0.19060858819894966,4.972917310266708
2005,15,2,0.23770491803278687,9.827868852459016,122,0.19060858819894966,4.972917310266708
2005,16,2,0.45977011494252873,5.252873563218391,87,0.19060858819894966,4.972917310266708
2005,17,2,0.2822273073989321,8.147978642257819,1311,0.19060858819894966,4.972917310266708
2005,18,2,0.7543859649122807,26.94736842105263,57,0.19060858819894966,4.972917310266708
2005,20,2,0.19060858819894966,4.972917310266708,1,0.19060858819894966,4.972917310266708
2005,21,2,0.6872586872586872,10.575289575289576,259,0.19060858819894966,4.972917310266708
2005,22,2,0.23809523809523808,7.321428571428571,84,0.19060858819894966,4.972917310266708
2005,23,2,0.03178368121442125,0.6935483870967742,2108,0.19060858819894966,4.972917310266708
2005,24,2,0.19060858819894966,4.972917310266708,5,0.19060858819894966,4.972917310266708
2005,25,2,0.19060858819894966,4.972917310266708,24,0.19060858819894966,4.972917310266708
2005,26,2,0.23728813559322035,4.322033898305085,59,0.19060858819894966,4.972917310266708
2006,0,2,0.11134142730233935,2.6624222682854604,3377,0.20980106744298885,4.904900533721494
2006,1,2,0.1910569105691057,5.869918699186992,246,0.20980106744298885,4.904900533721494
2006,2,2,0.06276150627615062,0.7322175732217573,239,0.20980106744298885,4.904900533721494
2006,3,2,0.8692579505300353,23.918727915194346,283,0.20980106744298885,4.904900533721494
2006,4,2,0.26136363636363635,5.4772727272727275,88,0.20980106744298885,4.904900533721494
2006,6,2,0.3942307692307692,11.64423076923077,208,0.20980106744298885,4.904900533721494
2006,7,2,0.08839779005524862,1.8342541436464088,181,0.20980106744298885,4.904900533721494
2006,8,2,0.20980106744298885,4.904900533721494,6,0.20980106744298885,4.904900533721494
2006,9,2,0.35135135135135137,8.243243243243244,111,0.20980106744298885,4.904900533721494
2006,10,2,0.5,5.928571428571429,70,0.20980106744298885,4.904900533721494
2006,11,2,0.20980106744298885,4.904900533721494,1,0.20980106744298885,4.904900533721494
2006,12,2,0.12557077625570776,4.811643835616438,876,0.20980106744298885,4.904900533721494
2006,13,2,0.36046511627906974,7.127906976744186,172,0.20980106744298885,4.904900533721494
2006,14,2,0.20980106744298885,4.904900533721494,25,0.20980106744298885,4.904900533721494
2006,15,2,0.24778761061946902,10.486725663716815,113,0.20980106744298885,4.904900533721494
2006,16,2,0.4444444444444444,5.901234567901234,81,0.20980106744298885,4.904900533721494
2006,17,2,0.384,9.475636363636363,1375,0.20980106744298885,4.904900533721494
2006,18,2,0.6533333333333333,25.066666666666666,75,0.20980106744298885,4.904900533721494
2006,19,2,0.20980106744298885,4.904900533721494,1,0.20980106744298885,4.904900533721494
2006,20,2,0.20980106744298885,4.904900533721494,2,0.20980106744298885,4.904900533721494
2006,21,2,0.7703703703703704,8.807407407407407,270,0.20980106744298885,4.904900533721494
2006,22,2,0.6836734693877551,12.53061224489796,98,0.20980106744298885,4.904900533721494
2006,23,2,0.04595669465311533,0.623066725585506,2263,0.20980106744298885,4.904900533721494
2006,24,2,0.20980106744298885,4.904900533721494,2,0.20980106744298885,4.904900533721494
2006,25,2,0.05263157894736842,7.394736842105263,38,0.20980106744298885,4.904900533721494
2006,26,2,0.15384615384615385,2.9615384615384617,104,0.20980106744298885,4.904900533721494
2007,0,2,0.12552742616033755,2.8285864978902953,3792,0.22008876007608005,5.355855447876098
2007,1,2,0.2593984962406015,6.703007518796992,266,0.22008876007608005,5.355855447876098
2007,2,2,0.03007518796992481,0.6729323308270677,266,0.22008876007608005,5.355855447876098
2007,3,2,0.7669172932330827,26.030075187969924,266,0.22008876007608005,5.355855447876098
2007,4,2,0.2912621359223301,8.242718446601941,103,0.22008876007608005,5.355855447876098
2007,6,2,0.5845410628019324,17.714975845410628,207,0.22008876007608005,5.355855447876098
2007,7,2,0.5047169811320755,4.726415094339623,212,0.22008876007608005,5.355855447876098
2007,8,2,0.22008876007608005,5.355855447876098,7,0.22008876007608005,5.355855447876098
2007,9,2,0.5113636363636364,10.579545454545455,88,0.22008876007608005,5.355855447876098
2007,10,2,0.47126436781609193,3.839080459770115,87,0.22008876007608005,5.355855447876098
2007,12,2,0.13755458515283842,3.930131004366812,916,0.22008876007608005,5.355855447876098
2007,13,2,0.37073170731707317,12.512195121951219,205,0.22008876007608005,5.355855447876098
2007,14,2,0.22008876007608005,5.355855447876098,25,0.22008876007608005,5.355855447876098
2007,15,2,0.23728813559322035,10.296610169491526,118,0.22008876007608005,5.355855447876098
2007,16,2,0.26732673267326734,4.2772277227722775,101,0.22008876007608005,5.355855447876098
2007,17,2,0.3596549435965494,9.565361645653617,1507,0.22008876007608005,5.355855447876098
2007,18,2,1.0617283950617284,29.209876543209877,81,0.22008876007608005,5.355855447876098
2007,21,2,0.5725806451612904,11.237903225806452,248,0.22008876007608005,5.355855447876098
2007,22,2,0.69,23.21,100,0.22008876007608005,5.355855447876098
2007,23,2,0.07167381974248926,0.7695278969957081,2330,0.22008876007608005,5.355855447876098
2007,24,2,0.22008876007608005,5.355855447876098,7,0.22008876007608005,5.355855447876098
2007,25,2,0.23333333333333334,5.933333333333334,30,0.22008876007608005,5.355855447876098
2007,26,2,0.24050632911392406,4.658227848101266,79,0.22008876007608005,5.355855447876098
2008,0,2,0.12384779012053888,2.7168518080831956,4231,0.20069147184721764,5.088821205136648
2008,1,2,0.16911764705882354,6.117647058823529,272,0.20069147184721764,5.088821205136648
2008,2,2,0.04240282685512368,1.1484098939929328,283,0.20069147184721764,5.088821205136648
2008,3,2,0.694078947368421,24.24013157894737,304,0.20069147184721764,5.088821205136648
2008,4,2,0.10101010101010101,5.181818181818182,99,0.20069147184721764,5.088821205136648
2008,6,2,0.5,15.180555555555555,216,0.20069147184721764,5.088821205136648
2008,7,2,0.2318181818181818,5.7272727272727275,220,0.20069147184721764,5.088821205136648
2008,8,2,0.20069147184721764,5.088821205136648,9,0.20069147184721764,5.088821205136648
2008,9,2,0.494949494949495,12.878787878787879,99,0.20069147184721764,5.088821205136648
2008,10,2,0.5394736842105263,7.802631578947368,76,0.20069147184721764,5.088821205136648
2008,11,2,0.20069147184721764,5.088821205136648,2,0.20069147184721764,5.088821205136648
2008,12,2,0.14506172839506173,4.5246913580246915,972,0.20069147184721764,5.088821205136648
2008,13,2,0.29533678756476683,11.658031088082902,193,0.20069147184721764,5.088821205136648
2008,14,2,0.20069147184721764,5.088821205136648,25,0.20069147184721764,5.088821205136648
2008,15,2,0.3741496598639456,12.571428571428571,147,0.20069147184721764,5.088821205136648
2008,16,2,0.42528735632183906,7.0344827586206895,87,0.20069147184721764,5.088821205136648
2008,17,2,0.39618276460381724,9.27299016772701,1729,0.20069147184721764,5.088821205136648
2008,18,2,0.8732394366197183,13.80281690140845,71,0.20069147184721764,5.088821205136648
2008,19,2,0.20069147184721764,5.088821205136648,1,0.20069147184721764,5.088821205136648
2008,20,2,0.20069147184721764,5.088821205136648,1,0.20069147184721764,5.088821205136648
2008,21,2,0.740072202166065,12.415162454873647,277,0.20069147184721764,5.088821205136648
2008,22,2,0.4857142857142857,11.704761904761904,105,0.20069147184721764,5.088821205136648
2008,23,2,0.02321083172147002,0.6947775628626692,2585,0.20069147184721764,5.088821205136648
2008,24,2,0.20069147184721764,5.088821205136648,5,0.20069147184721764,5.088821205136648
2008,25,2,0.2571428571428571,11.657142857142857,35,0.20069147184721764,5.088821205136648
2008,26,2,0.10576923076923077,3.4326923076923075,104,0.20069147184721764,5.088821205136648
2009,0,2,0.10604026845637583,2.6534675615212526,4470,0.20178338073641325,4.860481205319394
2009,1,2,0.18498659517426275,6.7238605898123325,373,0.20178338073641325,4.860481205319394
2009,2,2,0.06734006734006734,0.9764309764309764,297,0.20178338073641325,4.860481205319394
2009,3,2,0.9419795221843004,21.9419795221843,293,0.20178338073641325,4.860481205319394
2009,4,2,0.14173228346456693,6.196850393700787,127,0.20178338073641325,4.860481205319394
2009,6,2,0.8029556650246306,15.798029556650246,203,0.20178338073641325,4.860481205319394
2009,7,2,0.19831223628691982,4.286919831223629,237,0.20178338073641325,4.860481205319394
2009,8,2,0.20178338073641325,4.860481205319394,4,0.20178338073641325,4.860481205319394
2009,9,2,0.4766355140186916,11.271028037383177,107,0.20178338073641325,4.860481205319394
2009,10,2,0.3258426966292135,5.303370786516854,89,0.20178338073641325,4.860481205319394
2009,11,2,0.20178338073641325,4.860481205319394,1,0.20178338073641325,4.860481205319394
2009,12,2,0.18322698268003645,4.76207839562443,1097,0.20178338073641325,4.860481205319394
2009,13,2,0.47265625,10.46875,256,0.20178338073641325,4.860481205319394
2009,14,2,0.20178338073641325,4.860481205319394,26,0.20178338073641325,4.860481205319394
2009,15,2,0.4276315789473684,13.835526315789474,152,0.20178338073641325,4.860481205319394
2009,16,2,0.37142857142857144,4.809523809523809,105,0.20178338073641325,4.860481205319394
2009,17,2,0.35765222161272625,8.625342841470104,1823,0.20178338073641325,4.860481205319394
2009,18,2,0.6888888888888889,19.822222222222223,90,0.20178338073641325,4.860481205319394
2009,20,2,0.20178338073641325,4.860481205319394,3,0.20178338073641325,4.860481205319394
2009,21,2,0.6476868327402135,9.651245551601424,281,0.20178338073641325,4.860481205319394
2009,22,2,0.22727272727272727,9.1,110,0.20178338073641325,4.860481205319394
2009,23,2,0.027472527472527472,0.5923076923076923,2730,0.20178338073641325,4.860481205319394
2009,24,2,0.20178338073641325,4.860481205319394,6,0.20178338073641325,4.860481205319394
2009,25,2,0.2222222222222222,9.38888888888889,36,0.20178338073641325,4.860481205319394
2009,26,2,0.13978494623655913,3.913978494623656,93,0.20178338073641325,4.860481205319394
2010,0,2,0.12304483837330553,2.55036496350365,4795,0.22152537485582469,5.258866782006921
2010,1,2,0.1951219512195122,6.195121951219512,410,0.22152537485582469,5.258866782006921
2010,2,2,0.043478260869565216,0.5372670807453416,322,0.22152537485582469,5.258866782006921
2010,3,2,0.9635258358662614,24.762917933130698,329,0.22152537485582469,5.258866782006921
2010,4,2,0.2558139534883721,9.953488372093023,129,0.22152537485582469,5.258866782006921
2010,6,2,0.6132075471698113,15.38679245283019,212,0.22152537485582469,5.258866782006921
2010,7,2,0.24615384615384617,6.119230769230769,260,0.22152537485582469,5.258866782006921
2010,8,2,0.22152537485582469,5.258866782006921,5,0.22152537485582469,5.258866782006921
2010,9,2,0.2413793103448276,9.89655172413793,116,0.22152537485582469,5.258866782006921
2010,10,2,0.30952380952380953,5.5,84,0.22152537485582469,5.258866782006921
2010,11,2,0.22152537485582469,5.258866782006921,3,0.22152537485582469,5.258866782006921
2010,12,2,0.1381118881118881,5.033216783216783,1144,0.22152537485582469,5.258866782006921
2010,13,2,0.35271317829457366,10.023255813953488,258,0.22152537485582469,5.258866782006921
2010,14,2,0.22152537485582469,5.258866782006921,25,0.22152537485582469,5.258866782006921
2010,15,2,0.44680851063829785,14.588652482269504,141,0.22152537485582469,5.258866782006921
2010,16,2,0.29069767441860467,5.290697674418604,86,0.22152537485582469,5.258866782006921
2010,17,2,0.4174603174603175,9.85925925925926,1890,0.22152537485582469,5.258866782006921
2010,18,2,0.5967741935483871,15.161290322580646,124,0.22152537485582469,5.258866782006921
2010,20,2,0.22152537485582469,5.258866782006921,1,0.22152537485582469,5.258866782006921
2010,21,2,0.6964285714285714,13.45,280,0.22152537485582469,5.258866782006921
2010,22,2,0.47619047619047616,13.928571428571429,126,0.22152537485582469,5.258866782006921
2010,23,2,0.034029649595687335,1.0090970350404314,2968,0.22152537485582469,5.258866782006921
2010,24,2,0.22152537485582469,5.258866782006921,5,0.22152537485582469,5.258866782006921
2010,25,2,0.1836734693877551,7.1020408163265305,49,0.22152537485582469,5.258866782006921
2010,26,2,1.7,8.60909090909091,110,0.22152537485582469,5.258866782006921
2011,0,2,0.15088815147374585,3.1341011126293186,5123,0.20732554906866835,5.099735891020295
2011,1,2,0.2,6.247619047619048,420,0.20732554906866835,5.099735891020295
2011,2,2,0.03514376996805112,0.8722044728434505,313,0.20732554906866835,5.099735891020295
2011,3,2,0.9970149253731343,20.7044776119403,335,0.20732554906866835,5.099735891020295
2011,4,2,0.15037593984962405,7.676691729323308,133,0.20732554906866835,5.099735891020295
2011,6,2,0.5833333333333334,16.09722222222222,216,0.20732554906866835,5.099735891020295
2011,7,2,0.18118466898954705,3.5714285714285716,287,0.20732554906866835,5.099735891020295
2011,8,2,0.20732554906866835,5.099735891020295,7,0.20732554906866835,5.099735891020295
2011,9,2,0.5075757575757576,11.242424242424242,132,0.20732554906866835,5.099735891020295
2011,10,2,0.7657657657657657,5.828828828828829,111,0.20732554906866835,5.099735891020295
2011,12,2,0.1696921862667719,5.513022888713497,1267,0.20732554906866835,5.099735891020295
2011,13,2,0.3559322033898305,12.90677966101695,236,0.20732554906866835,5.099735891020295
2011,14,2,0.20732554906866835,5.099735891020295,24,0.20732554906866835,5.099735891020295
2011,15,2,0.4431818181818182,12.073863636363637,176,0.20732554906866835,5.099735891020295
2011,16,2,0.391304347826087,4.947826086956522,115,0.20732554906866835,5.099735891020295
2011,17,2,0.32004253056884635,8.735247208931419,1881,0.20732554906866835,5.099735891020295
2011,18,2,0.4857142857142857,17.123809523809523,105,0.20732554906866835,5.099735891020295
2011,20,2,0.20732554906866835,5.099735891020295,3,0.20732554906866835,5.099735891020295
2011,21,2,0.6254826254826255,14.32046332046332,259,0.20732554906866835,5.099735891020295
2011,22,2,0.47863247863247865,11.452991452991453,117,0.20732554906866835,5.099735891020295
2011,23,2,0.0330188679245283,0.8568059299191375,2968,0.20732554906866835,5.099735891020295
2011,24,2,0.20732554906866835,5.099735891020295,4,0.20732554906866835,5.099735891020295
2011,25,2,0.1836734693877551,6.36734693877551,49,0.20732554906866835,5.099735891020295
2011,26,2,0.09345794392523364,3.682242990654206,107,0.20732554906866835,5.099735891020295
2012,0,2,0.10201069913300129,2.910533111971961,5421,0.1953125,4.924838362068965
2012,1,2,0.19708029197080293,5.873479318734793,411,0.1953125,4.924838362068965
2012,2,2,0.03503184713375796,1.2420382165605095,314,0.1953125,4.924838362068965
2012,3,2,0.7621776504297995,19.126074498567334,349,0.1953125,4.924838362068965
2012,4,2,0.2013888888888889,6.506944444444445,144,0.1953125,4.924838362068965
2012,6,2,0.7018348623853211,14.688073394495413,218,0.1953125,4.924838362068965
2012,7,2,0.1422924901185771,4.466403162055336,253,0.1953125,4.924838362068965
2012,8,2,0.1953125,4.924838362068965,9,0.1953125,4.924838362068965
2012,9,2,0.3151515151515151,8.157575757575758,165,0.1953125,4.924838362068965
2012,10,2,0.4423076923076923,6.903846153846154,104,0.1953125,4.924838362068965
2012,11,2,0.1953125,4.924838362068965,2,0.1953125,4.924838362068965
2012,12,2,0.20512820512820512,6.198511166253102,1209,0.1953125,4.924838362068965
2012,13,2,0.45774647887323944,12.038732394366198,284,0.1953125,4.924838362068965
2012,14,2,0.1953125,4.924838362068965,18,0.1953125,4.924838362068965
2012,15,2,0.5488372093023256,16.56279069767442,215,0.1953125,4.924838362068965
2012,16,2,0.47863247863247865,5.17948717948718,117,0.1953125,4.924838362068965
2012,17,2,0.33560924369747897,8.456407563025211,1904,0.1953125,4.924838362068965
2012,18,2,0.8235294117647058,18.401960784313726,102,0.1953125,4.924838362068965
2012,20,2,0.1953125,4.924838362068965,3,0.1953125,4.924838362068965
2012,21,2,0.6416382252559727,10.829351535836178,293,0.1953125,4.924838362068965
2012,22,2,0.5196850393700787,9.622047244094489,127,0.1953125,4.924838362068965
2012,23,2,0.03122923588039867,0.7538205980066445,3010,0.1953125,4.924838362068965
2012,24,2,0.1953125,4.924838362068965,3,0.1953125,4.924838362068965
2012,25,2,0.22916666666666666,4.833333333333333,48,0.1953125,4.924838362068965
2012,26,2,0.184,2.112,125,0.1953125,4.924838362068965
2013,0,2,0.10383100608664518,2.6254923021840315,5586,0.2164255537063116,5.179042376136218
2013,1,2,0.24523809523809523,5.752380952380952,420,0.2164255537063116,5.179042376136218
2013,2,2,0.03768115942028986,0.8376811594202899,345,0.2164255537063116,5.179042376136218
2013,3,2,1.125,22.979166666666668,336,0.2164255537063116,5.179042376136218
2013,4,2,0.2033898305084746,6.694915254237288,177,0.2164255537063116,5.179042376136218
2013,6,2,0.9829059829059829,20.96153846153846,234,0.2164255537063116,5.179042376136218
2013,7,2,0.2037735849056604,5.366037735849057,265,0.2164255537063116,5.179042376136218
2013,8,2,0.2164255537063116,5.179042376136218,6,0.2164255537063116,5.179042376136218
2013,9,2,0.5314285714285715,12.834285714285715,175,0.2164255537063116,5.179042376136218
2013,10,2,0.39473684210526316,3.5526315789473686,114,0.2164255537063116,5.179042376136218
2013,11,2,0.2164255537063116,5.179042376136218,1,0.2164255537063116,5.179042376136218
2013,12,2,0.20087976539589442,5.766129032258065,1364,0.2164255537063116,5.179042376136218
2013,13,2,0.38515901060070673,13.187279151943462,283,0.2164255537063116,5.179042376136218
2013,14,2,0.8461538461538461,12.64102564102564,39,0.2164255537063116,5.179042376136218
2013,15,2,0.2966507177033493,15.124401913875598,209,0.2164255537063116,5.179042376136218
2013,16,2,0.30952380952380953,3.9603174603174605,126,0.2164255537063116,5.179042376136218
2013,17,2,0.4065540194572453,10.168458781362007,1953,0.2164255537063116,5.179042376136218
2013,18,2,0.9259259259259259,20.17283950617284,81,0.2164255537063116,5.179042376136218
2013,19,2,0.2164255537063116,5.179042376136218,1,0.2164255537063116,5.179042376136218
2013,20,2,0.2164255537063116,5.179042376136218,1,0.2164255537063116,5.179042376136218
2013,21,2,0.8547297297297297,11.641891891891891,296,0.2164255537063116,5.179042376136218
2013,22,2,0.32432432432432434,9.702702702702704,148,0.2164255537063116,5.179042376136218
2013,23,2,0.038778625954198474,0.7444274809160305,3275,0.2164255537063116,5.179042376136218
2013,24,2,0.2164255537063116,5.179042376136218,2,0.2164255537063116,5.179042376136218
2013,25,2,0.28846153846153844,8.153846153846153,52,0.2164255537063116,5.179042376136218
2013,26,2,0.14285714285714285,4.052631578947368,133,0.2164255537063116,5.179042376136218
2014,0,2,0.13986599664991625,2.690284757118928,5970,0.21197191772385762,5.322022416553763
2014,1,2,0.319047619047619,6.552380952380952,420,0.21197191772385762,5.322022416553763
2014,2,2,0.040229885057471264,0.7183908045977011,348,0.21197191772385762,5.322022416553763
2014,3,2,0.6534391534391535,19.88095238095238,378,0.21197191772385762,5.322022416553763
2014,4,2,0.1566265060240964,5.632530120481928,166,0.21197191772385762,5.322022416553763
2014,6,2,0.6666666666666666,24.55823293172691,249,0.21197191772385762,5.322022416553763
2014,7,2,0.22878228782287824,5.749077490774908,271,0.21197191772385762,5.322022416553763
2014,8,2,0.21197191772385762,5.322022416553763,3,0.21197191772385762,5.322022416553763
2014,9,2,0.5234899328859061,8.87248322147651,149,0.21197191772385762,5.322022416553763
2014,10,2,0.26605504587155965,4.825688073394495,109,0.21197191772385762,5.322022416553763
2014,11,2,0.21197191772385762,5.322022416553763,5,0.21197191772385762,5.322022416553763
2014,12,2,0.2511664074650078,8.270606531881803,1286,0.21197191772385762,5.322022416553763
2014,13,2,0.37545126353790614,13.548736462093864,277,0.21197191772385762,5.322022416553763
2014,14,2,0.5,12.8,30,0.21197191772385762,5.322022416553763
2014,15,2,0.5666666666666667,16.333333333333332,210,0.21197191772385762,5.322022416553763
2014,16,2,0.2727272727272727,4.384615384615385,143,0.21197191772385762,5.322022416553763
2014,17,2,0.3048418972332016,9.40513833992095,2024,0.21197191772385762,5.322022416553763
2014,18,2,1.1685393258426966,21.43820224719101,89,0.21197191772385762,5.322022416553763
2014,19,2,0.21197191772385762,5.322022416553763,1,0.21197191772385762,5.322022416553763
2014,20,2,0.21197191772385762,5.322022416553763,4,0.21197191772385762,5.322022416553763
2014,21,2,0.9113924050632911,13.715189873417721,316,0.21197191772385762,5.322022416553763
2014,22,2,0.37777777777777777,9.977777777777778,135,0.21197191772385762,5.322022416553763
2014,23,2,0.03538283062645012,0.6528422273781903,3448,0.21197191772385762,5.322022416553763
2014,24,2,0.21197191772385762,5.322022416553763,3,0.21197191772385762,5.322022416553763
2014,25,2,0.1044776119402985,8.537313432835822,67,0.21197191772385762,5.322022416553763
2014,26,2,0.43795620437956206,7.510948905109489,137,0.21197191772385762,5.322022416553763
2015,0,2,0.14373853593463398,2.937635484408871,5997,0.23325138291333744,5.899631223110019
2015,1,2,0.19775280898876405,7.253932584269663,445,0.23325138291333744,5.899631223110019
2015,2,2,0.1069364161849711,0.8988439306358381,346,0.23325138291333744,5.899631223110019
2015,3,2,0.8409090909090909,24.7020202020202,396,0.23325138291333744,5.899631223110019
2015,4,2,0.16216216216216217,7.205405405405405,185,0.23325138291333744,5.899631223110019
2015,6,2,0.6197183098591549,15.953051643192488,213,0.23325138291333744,5.899631223110019
2015,7,2,0.16731517509727625,4.750972762645914,257,0.23325138291333744,5.899631223110019
2015,8,2,0.23325138291333744,5.899631223110019,9,0.23325138291333744,5.899631223110019
2015,9,2,0.4819277108433735,9.873493975903614,166,0.23325138291333744,5.899631223110019
2015,10,2,0.4020618556701031,6.175257731958763,97,0.23325138291333744,5.899631223110019
2015,11,2,0.23325138291333744,5.899631223110019,4,0.23325138291333744,5.899631223110019
2015,12,2,0.3183779119930975,12.210526315789474,1159,0.23325138291333744,5.899631223110019
2015,13,2,0.37,15.79,300,0.23325138291333744,5.899631223110019
2015,14,2,1.28125,20.0625,32,0.23325138291333744,5.899631223110019
2015,15,2,0.5113122171945701,16.479638009049772,221,0.23325138291333744,5.899631223110019
2015,16,2,0.3503184713375796,4.019108280254777,157,0.23325138291333744,5.899631223110019
2015,17,2,0.4889411764705882,10.615529411764706,2125,0.23325138291333744,5.899631223110019
2015,18,2,0.8217821782178217,19.00990099009901,101,0.23325138291333744,5.899631223110019
2015,20,2,0.23325138291333744,5.899631223110019,4,0.23325138291333744,5.899631223110019
2015,21,2,0.483271375464684,8.769516728624536,269,0.23325138291333744,5.899631223110019
2015,22,2,0.3422818791946309,9.456375838926174,149,0.23325138291333744,5.899631223110019
2015,23,2,0.029505351460804165,0.8773503037315592,3457,0.23325138291333744,5.899631223110019
2015,24,2,0.23325138291333744,5.899631223110019,4,0.23325138291333744,5.899631223110019
2015,25,2,0.10204081632653061,5.489795918367347,49,0.23325138291333744,5.899631223110019
2015,26,2,0.3671875,10.703125,128,0.23325138291333744,5.899631223110019
2016,0,2,0.12656445556946183,2.8731226533166456,6392,0.23752507141554732,6.335865799550234
2016,1,2,0.22807017543859648,7.3048245614035086,456,0.23752507141554732,6.335865799550234
2016,2,2,0.0392156862745098,1.0700280112044818,357,0.23752507141554732,6.335865799550234
2016,3,2,0.9149425287356322,26.627586206896552,435,0.23752507141554732,6.335865799550234
2016,4,2,0.21390374331550802,10.149732620320856,187,0.23752507141554732,6.335865799550234
2016,6,2,0.8188405797101449,18.471014492753625,276,0.23752507141554732,6.335865799550234
2016,7,2,0.13494809688581316,4.346020761245675,289,0.23752507141554732,6.335865799550234
2016,8,2,0.23752507141554732,6.335865799550234,9,0.23752507141554732,6.335865799550234
2016,9,2,0.32903225806451614,10.27741935483871,155,0.23752507141554732,6.335865799550234
2016,10,2,0.25,5.46875,128,0.23752507141554732,6.335865799550234
2016,11,2,0.23752507141554732,6.335865799550234,3,0.23752507141554732,6.335865799550234
2016,12,2,0.3093220338983051,12.455084745762711,1180,0.23752507141554732,6.335865799550234
2016,13,2,0.42574257425742573,14.778877887788779,303,0.23752507141554732,6.335865799550234
2016,14,2,0.9375,22.4375,32,0.23752507141554732,6.335865799550234
2016,15,2,0.5683760683760684,14.863247863247864,234,0.23752507141554732,6.335865799550234
2016,16,2,0.2755905511811024,4.0,127,0.23752507141554732,6.335865799550234
2016,17,2,0.4417293233082707,10.881578947368421,2128,0.23752507141554732,6.335865799550234
2016,18,2,0.6575342465753424,27.26027397260274,73,0.23752507141554732,6.335865799550234
2016,20,2,0.23752507141554732,6.335865799550234,5,0.23752507141554732,6.335865799550234
2016,21,2,1.0788530465949822,15.5663082437276,279,0.23752507141554732,6.335865799550234
2016,22,2,0.37037037037037035,11.637037037037038,135,0.23752507141554732,6.335865799550234
2016,23,2,0.0406371911573472,1.20481144343303,3076,0.23752507141554732,6.335865799550234
2016,24,2,0.23752507141554732,6.335865799550234,6,0.23752507141554732,6.335865799550234
2016,25,2,0.22784810126582278,8.670886075949367,79,0.23752507141554732,6.335865799550234
2016,26,2,0.12844036697247707,3.8623853211009176,109,0.23752507141554732,6.335865799550234
