indicator,outcome,unit,kind,n,rho,ci_lo,ci_hi,se,z,se_z,p,raw_rho,raw_ci_lo,raw_ci_hi
RETENTION_RATIO_early,O2r_resid,PHYS,cont,413,-0.08999143624946734,-0.18895142083014577,0.0030572947542336767,0.049769392993860205,-0.09023555417948731,0.05034290558481627,0.07306595715864032,0.3479868791810374,0.25950933583497615,0.4387185513366928
RETENTION_RATIO_early,O2r_resid,LIFEENV,cont,630,-0.11883280762346876,-0.19508409936612361,-0.04281360957594123,0.03926203482042527,-0.11939695061174616,0.03988117942510809,0.0027551119136794214,-0.02193178264861505,-0.11088794389493405,0.06356666597746123
RETENTION_RATIO_early,O2r_resid,SOC,cont,689,-0.1337638321351726,-0.20332976462503582,-0.06280177716779586,0.03752885458503686,-0.13457030957542068,0.03824897186357278,0.0004343659171135715,-0.010851342888365869,-0.09969909425852602,0.06902766828099852
RETENTION_RATIO_early,O2r_resid,MATHDEC,cont,101,-0.18357060466195046,-0.4204633158950273,0.04901562089719141,0.12276922920911998,-0.18567532417379387,0.12925435659630427,0.1508569464739159,0.23675828300115578,0.014710153349682734,0.43323677068791866
RETENTION_RATIO_early,O1c,PHYS,cont,742,-0.019488650635059192,-0.10394817997906466,0.06118360695909491,0.041777957951047814,-0.019491118509389175,0.04186355075121903,0.6415112610587808,0.13989284589804862,0.0648412891841041,0.21578799401897253
RETENTION_RATIO_early,O1c,LIFEENV,cont,1113,0.005708466921001151,-0.05342421575447332,0.06636450551115881,0.031314087085981705,0.00570852892871262,0.03134401777913755,0.8554846374082073,0.11102952497411589,0.05288543669244466,0.16690983429245204
RETENTION_RATIO_early,O1c,SOC,cont,1352,-0.005124384161321379,-0.06426108154222644,0.046170520794364345,0.028660968843175066,-0.0051244290162973626,0.02868366133336092,0.858209987879105,0.06229156061533444,0.007107314691390086,0.11661158344072596
RETENTION_RATIO_early,O1c,MATHDEC,cont,165,-0.05288528871547874,-0.21094113071039053,0.11077748095079143,0.08579210460671552,-0.05293467575858519,0.08664745676075944,0.5412524559428258,0.10600456784860975,-0.050684607307015496,0.2366568219503069
FRONTIER_POTENTIAL,O2r_resid,PHYS,cont,413,0.17786946514996854,0.06203427310493568,0.27868207187237903,0.05590140860606358,0.17978168176676368,0.05777188913527753,0.0018587285110824464,0.5046239199758327,0.4211321063407263,0.5793927195420915
FRONTIER_POTENTIAL,O2r_resid,LIFEENV,cont,630,-0.03692281230782067,-0.11856694978858034,0.04393451430678514,0.04068207906805499,-0.03693960492960452,0.040803894902646826,0.3653085678209279,0.10662182764764958,0.021716868363250992,0.1771715233549724
FRONTIER_POTENTIAL,O2r_resid,SOC,cont,689,0.0862941263968323,0.010902438905745436,0.15488245511590581,0.03848678351158124,0.08650929004440178,0.03881176998728837,0.025817582681294426,0.2911427975389056,0.21643742112729497,0.36186017056110825
FRONTIER_POTENTIAL,O2r_resid,MATHDEC,cont,101,-0.08816061033330871,-0.30963199660492213,0.14998999277524414,0.1201761461924071,-0.0883900847844425,0.1227706067767066,0.47154882795281006,0.44181727973366086,0.2726823895110209,0.5976528804532241
FRONTIER_POTENTIAL,O1c,PHYS,cont,742,-0.07725174820742424,-0.1459087863342655,-0.004723574568225473,0.037348824309579046,-0.07740597599575053,0.03761180056309557,0.0395878608637238,0.09140103148289011,0.0193851524508832,0.15934453423712927
FRONTIER_POTENTIAL,O1c,LIFEENV,cont,1113,-0.04580092651812233,-0.1061693925539177,0.014309647225887966,0.03084587844294734,-0.045832992801760425,0.030939885759953923,0.1385116694807529,0.04942315783357935,-0.013671821991306376,0.10405228282090756
FRONTIER_POTENTIAL,O1c,SOC,cont,1352,0.04488457932556587,-0.010714772664913073,0.09554951003802788,0.027632875030332557,0.0449147576849369,0.02770493124993108,0.10497844300086766,0.10392699670600547,0.050841158938584124,0.1571473234700068
FRONTIER_POTENTIAL,O1c,MATHDEC,cont,165,-0.0804715421642835,-0.23302649082273444,0.08230424176358955,0.08137241938144767,-0.08064592256487124,0.08242656912102433,0.32787792371812097,0.12495048062713153,-0.022657100638317742,0.2624715715287498
CONTACT_REACH,O2r_resid,PHYS,cont,413,0.29406081551252333,0.19289368100065343,0.3895123454191014,0.05024424402954626,0.30300568960192026,0.055225543043857066,4.095242054737298e-08,0.720978749813322,0.656893844369439,0.7696921592369428
CONTACT_REACH,O2r_resid,LIFEENV,cont,630,0.18204264658714447,0.09945190751742812,0.26676222711460257,0.044014852800804916,0.18409453864329375,0.045649540650829906,5.51209598184308e-05,0.6074847987515857,0.5544480481111517,0.6561054628615832
CONTACT_REACH,O2r_resid,SOC,cont,689,0.22028691846846926,0.1390582840342273,0.3026750609833102,0.04288335737415121,0.22395764066376625,0.04517140066418854,7.124012194616679e-07,0.6212274065763658,0.5720374802505688,0.6742321074686369
CONTACT_REACH,O2r_resid,MATHDEC,cont,101,0.17149204625815737,-0.05414643550340845,0.44324956070208643,0.13022307927366028,0.173203515783713,0.13814984405671113,0.20993776010639653,0.8110420541866258,0.7196914583623205,0.8721844007867617
CONTACT_REACH,O1c,PHYS,cont,742,0.02120106949044615,-0.05219451237808321,0.09143394970068368,0.03715381629839192,0.02120424687076442,0.03721800830925208,0.5688602743509295,0.17809491602346988,0.10158347843642059,0.248340002011435
CONTACT_REACH,O1c,LIFEENV,cont,1113,0.058880767449029224,-0.005327646775202163,0.12011380693600182,0.03184047539375577,0.05894895480276287,0.031979262936309844,0.06527801439956778,0.17302801548745564,0.1074656134375258,0.22663128956723697
CONTACT_REACH,O1c,SOC,cont,1352,0.0493166394263074,-0.0035823246423168364,0.09933752762991876,0.02734830698579289,0.049356679379958066,0.027432111354394505,0.07198229614055504,0.09528383989556298,0.0479550933855224,0.14368639619968623
CONTACT_REACH,O1c,MATHDEC,cont,165,0.06212548927607398,-0.12526920469504038,0.2316325780236218,0.09173631125022712,0.062205600900680336,0.09277349157926022,0.5025324105969582,0.2816334125913899,0.14507157379985172,0.42477391977093143
