pair_id,name,title,hand,note
p0021,Saxagliptin,Patient considerations and clinical utility of a fixed dose combination of saxagliptin/metformin in the treatment of type 2 diabetes,yes,
p0029,Lenalidomide,Complete Remission of del(5q) Myelodysplastic Syndrome after 7 Days of Lenalidomide Therapy Gives an Alert!,yes,
p0044,Liraglutide,Liraglutide 3.0 mg reduces the prevalence of prediabetes and delays onset of type 2 diabetes in overweight/obese adults: the SCALE obesity and prediabetes trial,yes,
p0048,Nanofluid,Mixed convection radiated flow of Jeffery-type hybrid nanofluid due to inclined oscillating surface with slip effects: a comparative fractional model,yes,
p0050,Pregabalin,Role of pregabalin in the treatment of generalized anxiety disorder,yes,
p0051,Bortezomib,Proteosome inhibitor Bortezomib (Velcade®) induces apoptosis via degradation of SKP2 in ovarian cancer,yes,
p0053,Blended learning,Evaluation of a blended learning program for teacher education in an adult education center,yes,
p0054,Sweet sorghum,Evaluation of different sweet sorghum cultivars for bioethanol yield potential and bagasse combustion characteristics in a semiarid Mediterranean environment,yes,
p0061,Entecavir,Compare with safety and efficacy of entecavir and adefovir dipivoxil combination therapy and tenofovir disoproxil fumarate monotherapy for chronic hepatitis B patient with adefovir-resistant,yes,
p0063,Particle filter,A Robust Indoor Autonomous Positioning System Using Particle Filter Based on ISM Band Wireless Communications,yes,
p0067,Ranibizumab,Intravitreal Ranibizumab (Lucentis) for Branch Retinal Vein Occlusion-Induced Macular Edema: 12-Months Results of a Prospective Study,yes,
p0076,mTORC1,TBK1 Facilitates GLUT1-Dependent Glucose Consumption by suppressing mTORC1 Signaling in Colorectal Cancer Progression,yes,
p0091,RNA-Seq,"RNA-seq, de novo transcriptome assembly and flavonoid gene analysis in 13 wild and cultivated berry fruit species with high content of phenolics",yes,
p0109,Kisspeptin,Progesterone-induced amplification and advancement of GnRH/LH surges are associated with changes in kisspeptin system in preoptic area of estradiol-primed female rats,yes,
p0110,MALAT1,LncRNA MALAT1 acts as an oncogene in multiple myeloma through sponging miR-509-5p to modulate FOXP1 expression,yes,
p0117,Sharing economy,Predicting consumer personality traits in the sharing economy: The case of Airbnb,yes,
p0119,Posttraumatic growth,Measuring Growth With the Posttraumatic Growth Inventory,yes,
p0129,Topological insulator,Pressure-induced insulator to metal transitions in potential 3D topological insulators Ag$_{2}$Se and Ag$_{2}$Te,yes,
p0134,Sodium-ion battery,Double‐Carbon Enhanced TiO 2 Nanotubes as Highly Improved Anodes for Sodium‐Ion Batteries,yes,
p0141,Nanofluid,Effect of using nanofluids and providing vacuum on the yield of corrugated wick solar still,yes,
p0143,Microbial fuel cell,Small-scale microbial fuel cells utilising uric salts,yes,
p0147,Rogue wave,Rogue waves for a generalized nonlinear Schrödinger equation with distributed coefficients in a monomode optical fiber,yes,"optical rogue waves: same phenomenon family, accepted"
p0153,Cyber-physical system,Real-Time Wireless Sensor-Actuator Networks for Cyber-Physical Systems,yes,
p0158,Copy-number variation,Low genetic heterogeneity of copy number variations (CNVs) in the genes encoding the human deoxyribonucleases 1-like 3 and II potentially relevant to autoimmunity,yes,
p0160,Complex network,Optimal attack strategy of complex networks based on tabu search,yes,
p0179,Aurora kinase,Aurora Kinases as Anticancer Drug Targets,yes,
p0184,Tea party,"North Central Sociological Association 2012 Ruth and John Useem Plenary Address. Political Renewal: Occupations, Springs, and Tea Parties",no,Tea Party political movement vs afternoon-tea sense
p0190,Chronotype,Late emergence chronotypes of fruit fliesDrosophila melanogasterexhibit higher accuracy of entrainment,yes,
p0192,Next Generation Science Standards,Next Generation Science Standard in Science Learning to Improve Student’s Practice Skill,yes,
p0203,Extracellular vesicles,Analysis of the Interactions Between Extracellular Vesicles Extracted From Milk and Various Colloidal Surfaces,yes,
p0215,Kisspeptin,"Ratlarda metotreksatın oluşturduğu lipid peroksidasyon, oksidatif stres ve sperm kalitesindeki değişiklikler üzerine kisspeptinin etkisi / Effect of kisspeptin on methotrexate induced lipid peroxidation, oxidative stress and the changes in sperm quality in rats",yes,
p0217,Microbiome,Immune milieu and microbiome of the distal urethra in Ugandan men: impact of penile circumcision and implications for HIV susceptibility,yes,
p0222,Steel bar,A study on the destruction of the passivation film of steel bar by sulfate ion in high pH environment.,no,rebar vs guitar steel bar (Wikidata sense)
p0241,Bevacizumab,Systemische Therapie mit Bevacizumab bei einem 32-jährigen Patienten mit respiratorischer Papillomatose,yes,
p0245,Hand-foot-and-mouth disease,"Hand, foot and mouth disease in China: Evaluating an automated system for the detection of outbreaks",yes,
p0249,Drug-eluting stent,Thrombosis of bare metal and patent drug eluting stent in patient operated for colorectal carcinoma: The utility of new guidelines in patients with malignancy,yes,
p0251,Pay for performance,"The Effect of Public Officials' Pay-For-Performance Satisfaction Upon Wage Satisfaction, Job Satisfaction and Organizational Commitment",no,HR pay-for-performance vs health-insurance P4P
p0282,Sulforaphane,Reversal of the Warburg phenomenon in chemoprevention of prostate cancer by sulforaphane,yes,
p0308,Regulatory T cell,The Inhibitory Effect of Regulatory T Cells on the Intimal Hyperplasia of Tissue-Engineered Blood Vessels in Diabetic Pigs,yes,
p0313,Deep eutectic solvent,Separation of the ethanol/water azeotropic mixture using ionic liquids and deep eutectic solvents,yes,
p0314,Patient-reported outcome,Investigating Patient Reported Outcomes and Experience for Scarf Akin Osteotomy Using Proms2.0,yes,
p0322,Drug-eluting stent,Safety issues with drug-eluting stents-is caution warranted?,yes,
p0325,Cancer stem cell,Expression of Concern to: Identifying and targeting cancer stem cells in leiomyosarcoma: prognostic impact and role to overcome secondary resistance to PI3K/mTOR inhibition,yes,
p0327,Metamaterial,Design of Substrate Integerated Waveguide Bandpass Filter Based on Metamaterials CSRRs,yes,
p0329,Virtual world,How Dangerous Are Virtual Worlds Really? A Research Note on the Statecraft Simulation Debate,yes,
p0341,Extracellular vesicles,Specialized Cell-Free DNA Blood Collection Tubes Can Be Repurposed for Extracellular Vesicle Isolation: A Pilot Study,yes,
p0342,Microbiome,Dissipation of Sulfonamides in Soil Emphasizing Taxonomy and Function of Microbiomes by Metagenomic Analysis,yes,
p0345,Gut microbiome,Featured Gut Microbiomes Associated With the Progression of Chronic Hepatitis B Disease,yes,
p0348,Food prices,"FOOD PRICE INFLATION AND CONSUMERS’ WELFARE IN ONDO STATE, NIGERIA",yes,
p0351,Soft power,Empirical Examination on Soft Powers of G2 and G20 : Focusing on Political Democratization and National Transparency,yes,
p0354,Brain–computer interface,Ideomotor silence: the case of complete paralysis and brain–computer interfaces (BCI),yes,
p0358,Austerity,"Living Aum: Austerities, Emotion, And the Feeling Community of Former Aum Members",no,religious austerities vs fiscal austerity
p0362,Dictionary learning,Statistical mechanics of dictionary learning,yes,
p0363,Research article,3652 Research Article,no,junk title
p0371,Austerity,AUSTERITY,yes,title only the word; accepted
p0373,Medicare Part D,Keeping up With Medicare Part D,yes,
p0375,Gut microbiome,Gut Microbiome,yes,
p0382,eHealth,"eHealth Graduate Program Handbook, 2020-2021",yes,
p0387,Topological insulator,Thermoelectric transport in topological insulators,yes,
p0392,Cryptocurrency,Understanding Cryptocurrencies,yes,
