pair_id,label,raw,cost
p0010,yes,"{""label"": ""yes""}",1.45e-05
p0005,yes,"{""label"": ""yes""}",7.9479e-06
p0003,yes,"{""label"": ""yes""}",2.028e-05
p0002,yes,"{""label"": ""yes""}",7.1775e-06
p0000,yes,"{""label"": ""yes""}",7.41825e-06
p0011,yes,"{""label"": ""yes""}",7.659e-06
p0001,yes,"{""label"": ""yes""}",1.503e-05
p0013,yes,"{""label"": ""yes""}",7.4664e-06
p0012,yes,"{""label"": ""yes""}",6.5997e-06
p0006,yes,"{""label"": ""yes""}",1.323e-05
p0007,yes,"{""label"": ""yes""}",1.539e-05
p0015,yes,"{""label"": ""yes""}",7.0812e-06
p0016,yes,"{""label"": ""yes""}",7.5627e-06
p0008,yes,"{""label"": ""yes""}",1.314e-05
p0009,yes,"{""label"": ""yes""}",6.8886e-06
p0018,yes,"{""label"": ""yes""}",7.41825e-06
p0023,yes,"{""label"": ""yes""}",1.52e-05
p0022,yes,"{""label"": ""yes""}",1.794e-05
p0004,yes,"{""label"": ""yes""}",7.0812e-06
p0020,yes,"{""label"": ""yes""}",8.09235e-06
p0014,yes,"{""label"": ""yes""}",7.2738e-06
p0017,yes,"{""label"": ""yes""}",1.503e-05
p0028,yes,"{""label"": ""yes""}",7.0812e-06
p0019,yes,"{""label"": ""yes""}",1.611e-05
p0021,yes,"{""label"": ""yes""}",1.332e-05
p0027,yes,"{""label"": ""yes""}",7.22565e-06
p0029,no,"{""label"": ""no""}",7.8516e-06
p0026,yes,"{""label"": ""yes""}",8.47755e-06
p0024,yes,"{""label"": ""yes""}",2.119e-05
p0034,yes,"{""label"": ""yes""}",1.59e-05
p0037,yes,"{""label"": ""yes""}",1.44e-05
p0035,yes,"{""label"": ""yes""}",7.12935e-06
p0032,yes,"{""label"": ""yes""}",8.38125e-06
p0033,yes,"{""label"": ""yes""}",1.26e-05
p0036,yes,"{""label"": ""yes""}",7.4664e-06
p0031,yes,"{""label"": ""yes""}",1.359e-05
p0039,yes,"{""label"": ""yes""}",1.35e-05
p0025,yes,"{""label"": ""yes""}",6.8886e-06
p0030,yes,"{""label"": ""yes""}",1.269e-05
p0038,yes,"{""label"": ""yes""}",7.22565e-06
p0041,yes,"{""label"": ""yes""}",7.9479e-06
p0042,yes,"{""label"": ""yes""}",7.03305e-06
p0043,yes,"{""label"": ""yes""}",9.82575e-06
p0045,yes,"{""label"": ""yes""}",7.3701e-06
p0048,yes,"{""label"": ""yes""}",7.99605e-06
p0040,no,"{""label"": ""no""}",7.2738e-06
p0044,yes,"{""label"": ""yes""}",8.18865e-06
p0049,yes,"{""label"": ""yes""}",7.41825e-06
p0053,yes,"{""label"": ""yes""}",7.61085e-06
p0051,yes,"{""label"": ""yes""}",7.4664e-06
p0055,yes,"{""label"": ""yes""}",6.696e-06
p0052,yes,"{""label"": ""yes""}",1.269e-05
p0050,yes,"{""label"": ""yes""}",1.197e-05
p0058,yes,"{""label"": ""yes""}",6.8886e-06
p0046,yes,"{""label"": ""yes""}",1.242e-05
p0059,yes,"{""label"": ""yes""}",7.3701e-06
p0054,yes,"{""label"": ""yes""}",7.5627e-06
p0057,yes,"{""label"": ""yes""}",6.93675e-06
p0060,yes,"{""label"": ""yes""}",8.57385e-06
p0062,yes,"{""label"": ""yes""}",1.61e-05
p0056,yes,"{""label"": ""yes""}",7.3701e-06
p0063,yes,"{""label"": ""yes""}",1.95e-05
p0065,yes,"{""label"": ""yes""}",7.99605e-06
p0068,yes,"{""label"": ""yes""}",1.898e-05
p0067,yes,"{""label"": ""yes""}",8.3331e-06
p0061,yes,"{""label"": ""yes""}",8.4294e-06
p0069,yes,"{""label"": ""yes""}",7.22565e-06
p0064,yes,"{""label"": ""yes""}",1.494e-05
p0066,yes,"{""label"": ""yes""}",1.566e-05
p0047,yes,"{""label"": ""yes""}",1.323e-05
p0073,yes,"{""label"": ""yes""}",8.09235e-06
p0071,yes,"{""label"": ""yes""}",7.51455e-06
p0074,yes,"{""label"": ""yes""}",8.8146e-06
p0079,yes,"{""label"": ""yes""}",1.46e-05
p0076,yes,"{""label"": ""yes""}",9.2961e-06
p0077,yes,"{""label"": ""yes""}",7.22565e-06
p0072,yes,"{""label"": ""yes""}",7.2738e-06
p0075,yes,"{""label"": ""yes""}",8.0442e-06
p0080,yes,"{""label"": ""yes""}",7.2738e-06
p0083,yes,"{""label"": ""yes""}",8.09235e-06
p0082,yes,"{""label"": ""yes""}",7.1775e-06
p0086,yes,"{""label"": ""yes""}",1.95e-05
p0085,yes,"{""label"": ""yes""}",7.70715e-06
p0087,yes,"{""label"": ""yes""}",7.1775e-06
p0088,yes,"{""label"": ""yes""}",7.41825e-06
p0078,yes,"{""label"": ""yes""}",7.12935e-06
p0090,yes,"{""label"": ""yes""}",7.70715e-06
p0084,yes,"{""label"": ""yes""}",7.2738e-06
p0092,yes,"{""label"": ""yes""}",1.57e-05
p0093,yes,"{""label"": ""yes""}",8.57385e-06
p0096,yes,"{""label"": ""yes""}",7.2738e-06
p0081,yes,"{""label"": ""yes""}",8.0442e-06
p0097,yes,"{""label"": ""yes""}",8.3331e-06
p0091,yes,"{""label"": ""yes""}",1.521e-05
p0089,yes,"{""label"": ""yes""}",1.305e-05
p0095,yes,"{""label"": ""yes""}",1.476e-05
p0100,yes,"{""label"": ""yes""}",8.09235e-06
p0098,yes,"{""label"": ""yes""}",8.57385e-06
p0103,yes,"{""label"": ""yes""}",8.76645e-06
p0094,yes,"{""label"": ""yes""}",1.224e-05
p0102,yes,"{""label"": ""yes""}",7.2738e-06
p0106,yes,"{""label"": ""yes""}",7.22565e-06
p0099,yes,"{""label"": ""yes""}",1.28e-05
p0104,yes,"{""label"": ""yes""}",1.485e-05
p0105,yes,"{""label"": ""yes""}",7.5627e-06
p0101,unsure,"{""label"": ""unsure""}",7.6113e-06
p0109,yes,"{""label"": ""yes""}",8.38125e-06
p0110,yes,"{""label"": ""yes""}",8.28495e-06
p0113,yes,"{""label"": ""yes""}",7.9479e-06
p0112,yes,"{""label"": ""yes""}",7.1775e-06
p0115,yes,"{""label"": ""yes""}",7.41825e-06
p0108,yes,"{""label"": ""yes""}",1.368e-05
p0107,yes,"{""label"": ""yes""}",1.278e-05
p0117,yes,"{""label"": ""yes""}",7.4664e-06
p0119,yes,"{""label"": ""yes""}",7.0812e-06
p0114,yes,"{""label"": ""yes""}",6.7923e-06
p0111,yes,"{""label"": ""yes""}",1.476e-05
p0118,yes,"{""label"": ""yes""}",8.5257e-06
p0120,yes,"{""label"": ""yes""}",6.8886e-06
p0123,yes,"{""label"": ""yes""}",7.03305e-06
p0122,yes,"{""label"": ""yes""}",9.24795e-06
p0124,yes,"{""label"": ""yes""}",7.12935e-06
p0125,yes,"{""label"": ""yes""}",1.885e-05
p0127,yes,"{""label"": ""yes""}",1.95e-05
p0121,yes,"{""label"": ""yes""}",2.21e-05
p0128,yes,"{""label"": ""yes""}",7.3701e-06
p0116,yes,"{""label"": ""yes""}",1.332e-05
p0129,yes,"{""label"": ""yes""}",7.9479e-06
p0131,yes,"{""label"": ""yes""}",7.03305e-06
p0134,yes,"{""label"": ""yes""}",1.924e-05
p0133,yes,"{""label"": ""yes""}",6.5997e-06
p0132,yes,"{""label"": ""yes""}",1.57e-05
p0136,yes,"{""label"": ""yes""}",1.37e-05
p0135,yes,"{""label"": ""yes""}",7.22565e-06
p0126,yes,"{""label"": ""yes""}",1.323e-05
p0138,yes,"{""label"": ""yes""}",7.659e-06
p0142,yes,"{""label"": ""yes""}",1.898e-05
p0140,yes,"{""label"": ""yes""}",7.03305e-06
p0130,yes,"{""label"": ""yes""}",1.296e-05
p0139,yes,"{""label"": ""yes""}",8.0442e-06
p0137,yes,"{""label"": ""yes""}",7.8516e-06
p0145,yes,"{""label"": ""yes""}",1.62e-05
p0147,yes,"{""label"": ""yes""}",1.54e-05
p0146,yes,"{""label"": ""yes""}",7.22565e-06
p0141,yes,"{""label"": ""yes""}",7.61085e-06
p0143,yes,"{""label"": ""yes""}",6.74415e-06
p0144,yes,"{""label"": ""yes""}",1.332e-05
p0070,yes,"{""label"": ""yes""}",1.404e-05
p0149,yes,"{""label"": ""yes""}",6.9849e-06
p0148,yes,"{""label"": ""yes""}",1.458e-05
