p78,ci,in_frame,rho_match,rho_grounded,t0_grounded,t0_iter1_api,abs_dt0,sum_old,sum_match,sum_grounded
extreme learning machine,43496,1,1.0,0.9932887229730295,2011.0,2008,3.0,4085.0,4082.0,3474.0
compressed sensing,15543,1,0.9995613072831219,0.9920983318700615,2008.0,2007,1.0,8834.0,9033.0,7532.0
crowdsourcing,7851,1,0.9713855421686747,0.9710200160815395,2009.0,2008,1.0,7640.0,5912.0,5495.0
cloud computing,10045,1,0.9962323853581057,0.9962323853581057,2008.0,2005,3.0,25391.0,25204.0,24472.0
deep belief network,12143,1,1.0,0.9896917949730409,2014.0,2010,4.0,1091.0,1091.0,759.0
dictionary learning,52399,1,0.9977933697005751,0.9217874907775347,2012.0,2011,1.0,1743.0,1729.0,581.0
folksonomy,36566,1,0.9494342417166824,0.9911702970509215,2007.0,2006,1.0,508.0,1006.0,386.0
Web 2.0,16985,0,0.7867012427133523,0.5242033793309676,,2006,,8155.0,106.0,14.0
mashup,24311,1,0.9999999999999999,0.9996237064777399,2007.0,2007,0.0,1025.0,1024.0,937.0
service-oriented architecture,7225,1,0.9980508929519727,0.9753088478651764,2004.0,2003,1.0,1857.0,1819.0,1100.0
NoSQL,41258,1,1.0,0.9989004944448661,2011.0,2011,0.0,1184.0,1187.0,1127.0
cognitive radio,18565,1,0.9999999999999999,0.9990113692535837,2006.0,2005,1.0,11706.0,11704.0,11332.0
vehicular ad hoc network,23847,1,0.9473684210526315,0.9578947368421054,2007.0,2006,1.0,7078.0,2599.0,2181.0
internet of things,10263,1,0.9999999999999999,0.9943023494420867,2010.0,2005,5.0,25948.0,25927.0,15506.0
cyber-physical system,22304,1,1.0,0.9970588235294118,2010.0,2008,2.0,4263.0,4436.0,3598.0
sentiment analysis,8397,1,1.0,0.9984962406015038,2009.0,2007,2.0,7873.0,8521.0,7163.0
latent Dirichlet allocation,25773,1,1.0,1.0,2012.0,2007,5.0,575.0,575.0,552.0
differential privacy,2938,1,0.9977997773122599,0.9977997773122599,2013.0,2010,3.0,1007.0,1005.0,975.0
learning to rank,10753,1,0.9854757339332803,0.9294866110975403,2013.0,2009,4.0,466.0,383.0,265.0
smart grid,1299,1,0.9832738390227617,0.9846193806112719,2009.0,2008,1.0,11056.0,11114.0,8710.0
microgrid,30109,1,0.9999999999999999,0.9965753424657534,2006.0,2002,4.0,16272.0,16271.0,13012.0
vehicle-to-grid,43165,1,0.9973588622956303,0.957343887423043,2012.0,2010,2.0,725.0,667.0,323.0
energy harvesting,12680,1,0.9978252357602841,0.9941253263707572,2005.0,2004,1.0,18674.0,13949.0,9674.0
microbial fuel cell,20473,1,0.9998288110917868,0.9962342247619503,2004.0,2003,1.0,8425.0,8423.0,7880.0
WiMAX,14250,1,1.0,0.9948018193632228,2005.0,2004,1.0,5165.0,5218.0,4754.0
virtual power plant,27192,1,1.0,0.9974161538657828,2014.0,2011,3.0,765.0,765.0,564.0
memristor,18580,1,1.0,1.0,2009.0,2008,1.0,4554.0,4552.0,4317.0
ultra-wideband,2776,0,0.9935643724797504,0.8892847689375768,2002.0,2000,2.0,5983.0,7503.0,2445.0
demand response,40636,1,0.9871132890914008,0.9832462479270176,2007.0,2002,5.0,4825.0,4365.0,3782.0
structural health monitoring,28038,0,0.9995892942533322,0.992607812175264,2001.0,2000,1.0,4776.0,4639.0,3739.0
induced pluripotent stem cell,13409,1,0.9984497457350736,0.9989674752022049,2008.0,2007,1.0,9760.0,9699.0,9478.0
optogenetics,6400,1,0.9992644353546792,0.9941176470588234,2010.0,2009,1.0,3690.0,3554.0,3412.0
RNA-seq,13401,1,0.9641645431958119,0.9806910569105692,2010.0,2009,1.0,7552.0,13686.0,4651.0
genome-wide association study,13262,1,0.9926826228019097,0.968003155969561,2006.0,2000,6.0,12150.0,9509.0,7941.0
exome sequencing,2061,1,1.0,0.982142857142857,2010.0,2010,0.0,6506.0,6328.0,6091.0
synthetic biology,23776,1,0.999674849609353,0.9873131562667095,2007.0,2005,2.0,3237.0,3238.0,2414.0
metagenomics,1884,1,0.9999999999999999,0.9982688872392379,2005.0,2004,1.0,11352.0,8979.0,7909.0
human microbiome,11405,1,0.9919060816333634,0.9535743193470057,2011.0,2008,3.0,911.0,903.0,608.0
cancer stem cell,7001,1,0.9969106190858226,0.9936363924979317,2005.0,2003,2.0,11932.0,12464.0,10175.0
zinc finger nuclease,4506,1,0.9938159466352402,0.9938135643946523,2008.0,2005,3.0,539.0,572.0,516.0
lipidomics,7346,1,1.0,0.9963287604305742,2005.0,2004,1.0,4550.0,3723.0,2732.0
interactome,1205,1,0.9990113692535837,0.9982698961937716,2004.0,2004,0.0,2803.0,2606.0,2249.0
DNA barcoding,17609,1,0.9944787793094503,0.9892822866677289,2005.0,2005,0.0,5894.0,4061.0,3831.0
sirtuin,45027,1,1.0,0.9880971830478307,2006.0,2003,3.0,3270.0,3262.0,2384.0
nanopore sequencing,15761,0,0.9893220081471609,0.9737248840803707,,2012,,804.0,758.0,667.0
severe acute respiratory syndrome,38295,1,0.9983761487907415,0.9482602854630411,2003.0,2003,0.0,7327.0,6323.0,904.0
natural orifice transluminal endoscopic surgery,43689,1,0.9353847924989124,0.9834067116993407,2007.0,2007,0.0,705.0,898.0,588.0
drug-eluting stent,33071,1,0.9993153029784321,0.988021960665999,2003.0,2001,2.0,8237.0,8096.0,5015.0
cardiac resynchronization therapy,27200,0,0.9995054401582592,0.9886251236399604,2002.0,2002,0.0,6663.0,6649.0,6551.0
biosimilar,7522,1,1.0,1.0,2007.0,2006,1.0,6234.0,5986.0,5625.0
pay for performance,27857,1,0.9910973423986089,0.9675075768150012,2005.0,2000,5.0,2159.0,1926.0,779.0
comparative effectiveness research,35291,1,0.9992644353546792,0.9933777523776265,2009.0,2009,0.0,1196.0,1191.0,690.0
chronic traumatic encephalopathy,51314,1,0.9733657928034466,0.9925111827302942,2013.0,2010,3.0,564.0,618.0,562.0
mHealth,40333,0,0.9599097322794867,0.9079734921761642,2001.0,2010,9.0,3631.0,8055.0,5040.0
capsule endoscopy,32225,0,0.9999999999999999,0.9896193771626297,2002.0,2002,0.0,5177.0,5174.0,4972.0
