ci,category
51506,concept
49042,fragment_or_generic
51496,concept
84443,non_english
6066,concept
59016,fragment_or_generic
91703,concept
97174,concept
57395,named_entity
121894,named_entity
17415,concept
107856,named_entity
93896,non_english
81401,concept
79044,concept
90573,concept
20108,fragment_or_generic
31224,non_english
102438,concept
65573,concept
121330,non_english
30084,fragment_or_generic
93882,non_english
78573,named_entity
84841,concept
33912,concept
116578,concept
3557,concept
53055,named_entity
52142,concept
47013,concept
59639,concept
112305,concept
57152,named_entity
62866,concept
81782,named_entity
53048,named_entity
6098,fragment_or_generic
14258,concept
68268,non_english
26135,named_entity
129993,concept
57319,named_entity
96022,named_entity
22222,concept
115971,concept
76954,concept
86457,named_entity
51050,named_entity
57226,concept
31309,concept
3471,concept
22940,concept
81892,concept
106670,fragment_or_generic
64546,concept
109822,named_entity
39899,concept
126267,concept
93501,concept
71201,fragment_or_generic
51255,concept
43168,non_english
36851,concept
24570,non_english
104934,concept
58756,concept
6248,concept
117069,concept
37028,named_entity
72159,named_entity
63366,concept
75178,concept
71104,concept
65939,concept
18877,concept
26242,concept
86705,concept
129362,concept
46183,concept
116402,non_english
32239,concept
65744,named_entity
131904,concept
91738,concept
49226,non_english
30314,non_english
79371,named_entity
20088,non_english
86767,concept
107406,concept
69556,concept
42640,named_entity
7302,concept
43527,named_entity
79960,non_english
15280,non_english
39322,concept
5122,concept
43678,concept
2307,non_english
21186,concept
7065,concept
98351,concept
77679,named_entity
122620,concept
39841,concept
103671,concept
109085,non_english
106548,concept
69304,named_entity
39604,non_english
129118,concept
14981,concept
118617,non_english
74149,non_english
98816,non_english
46598,named_entity
10644,non_english
121996,concept
107878,non_english
83677,non_english
92939,concept
83445,non_english
1036,concept
90346,concept
108023,concept
42696,named_entity
58643,fragment_or_generic
62320,non_english
11092,concept
112428,concept
81693,non_english
2674,concept
110140,non_english
36891,concept
83598,concept
88805,concept
47696,concept
36902,fragment_or_generic
87018,named_entity
113822,concept
5172,concept
127445,named_entity
87257,fragment_or_generic
114364,concept
89710,concept
26501,named_entity
21502,concept
47316,concept
12585,named_entity
103359,named_entity
118852,concept
123985,concept
9055,non_english
40834,non_english
120803,non_english
15854,non_english
7730,concept
8357,concept
4150,named_entity
113669,non_english
115419,concept
416,concept
85051,concept
15364,named_entity
33005,non_english
33981,named_entity
65045,named_entity
39707,named_entity
121860,non_english
119227,fragment_or_generic
51408,concept
22845,concept
88445,concept
120659,concept
58560,concept
108391,concept
61604,concept
85129,named_entity
117412,concept
67083,non_english
93324,concept
51848,non_english
14555,concept
78737,concept
89789,fragment_or_generic
104610,named_entity
115344,non_english
12449,concept
21930,non_english
75003,non_english
65381,concept
32788,named_entity
16350,concept
21747,named_entity
124451,concept
30405,concept
88247,concept
98543,concept
104702,fragment_or_generic
50375,concept
55453,concept
64236,named_entity
78040,concept
119722,non_english
50496,concept
120243,named_entity
105840,concept
15970,concept
129737,concept
55475,concept
122447,named_entity
64257,concept
3761,named_entity
122597,concept
21261,concept
57993,concept
7312,concept
38886,concept
17745,non_english
128299,non_english
84956,named_entity
63982,concept
71239,non_english
2975,concept
75516,concept
98570,concept
89220,concept
4377,concept
31011,concept
78607,non_english
77676,named_entity
95040,non_english
42332,named_entity
109139,named_entity
67959,concept
89219,concept
89174,concept
72624,concept
47802,named_entity
108473,fragment_or_generic
123598,non_english
111833,concept
27734,concept
37433,concept
69756,fragment_or_generic
33978,named_entity
64660,concept
30879,non_english
126752,concept
14435,concept
33674,concept
44972,concept
81788,concept
119525,named_entity
98186,concept
46882,concept
107605,concept
16325,named_entity
75135,named_entity
54275,concept
44951,concept
42632,concept
64444,concept
54031,concept
71090,concept
25740,concept
45978,concept
116762,concept
48398,named_entity
41532,fragment_or_generic
73803,concept
72081,concept
58632,fragment_or_generic
85009,non_english
17136,fragment_or_generic
70321,concept
16841,named_entity
128405,concept
71250,non_english
67897,concept
111839,non_english
46671,concept
82129,named_entity
5305,named_entity
116073,concept
30206,concept
73192,concept
89964,concept
31967,concept
22485,concept
8591,concept
120177,concept
57816,concept
106908,concept
8898,concept
92506,named_entity
97988,named_entity
95543,fragment_or_generic
43350,non_english
93438,concept
37605,concept
33730,concept
127036,fragment_or_generic
57836,concept
7829,named_entity
45808,fragment_or_generic
71561,concept
61763,named_entity
3104,non_english
121871,named_entity
54220,non_english
125399,concept
69951,named_entity
51410,non_english
24671,non_english
126558,concept
7917,concept
83789,non_english
27784,fragment_or_generic
70601,named_entity
81888,concept
59600,concept
86933,concept
46812,named_entity
15961,concept
129340,named_entity
37581,non_english
72717,fragment_or_generic
10985,concept
45035,non_english
105715,named_entity
51259,non_english
64897,non_english
4148,concept
89808,concept
21446,concept
63623,named_entity
47361,named_entity
97790,concept
69726,concept
57561,concept
46916,fragment_or_generic
77071,concept
89197,non_english
42716,concept
52094,concept
116693,concept
66720,concept
2840,non_english
105092,non_english
74767,named_entity
33497,non_english
93365,concept
55998,concept
124567,concept
33821,non_english
95559,concept
94464,fragment_or_generic
83576,non_english
82803,concept
38732,non_english
36158,concept
20890,concept
35843,named_entity
28970,concept
42029,named_entity
105539,concept
67072,named_entity
50665,non_english
120894,concept
24817,named_entity
22865,named_entity
116566,concept
80223,concept
38958,concept
129783,named_entity
97836,concept
96835,non_english
109648,boilerplate
364,concept
102993,concept
108375,named_entity
68364,concept
98506,concept
17639,named_entity
103914,concept
64541,concept
47021,non_english
115492,named_entity
100888,non_english
91715,concept
87707,fragment_or_generic
130755,named_entity
39890,fragment_or_generic
21152,concept
77052,concept
111711,named_entity
94622,concept
26249,concept
118621,concept
89574,concept
122814,concept
61526,concept
5519,concept
11182,concept
109811,concept
1730,non_english
49235,named_entity
81484,concept
86998,named_entity
104451,non_english
59795,concept
64785,concept
35067,named_entity
93109,named_entity
77824,concept
42629,non_english
75218,concept
48943,named_entity
78365,concept
72276,concept
79020,concept
81330,concept
28566,fragment_or_generic
124836,concept
99264,concept
55781,fragment_or_generic
131642,fragment_or_generic
2101,non_english
116478,concept
125700,non_english
101406,concept
47906,concept
31462,named_entity
120442,concept
93479,concept
69088,non_english
106190,concept
25461,concept
94254,concept
99751,concept
98564,non_english
110132,concept
28193,named_entity
109080,concept
76573,concept
25792,concept
96874,concept
112483,concept
28971,concept
16221,non_english
81315,non_english
65893,named_entity
54261,non_english
50739,concept
2611,named_entity
49353,concept
63581,concept
123364,named_entity
26285,concept
34483,concept
92256,concept
110741,named_entity
29219,concept
117960,concept
29590,concept
45354,concept
85615,concept
58159,named_entity
121546,concept
103551,concept
128659,fragment_or_generic
93825,concept
80591,concept
77635,concept
102564,non_english
37745,concept
122246,concept
45414,concept
22952,concept
6566,non_english
65027,concept
7191,named_entity
91350,concept
2430,concept
54003,concept
86929,named_entity
101837,concept
44136,concept
27574,named_entity
61561,concept
74442,concept
19211,concept
43477,concept
128338,concept
46169,concept
99718,named_entity
120692,fragment_or_generic
101097,concept
25404,non_english
19347,concept
76089,concept
26074,concept
51580,concept
91123,concept
30038,concept
11615,concept
59936,fragment_or_generic
48074,non_english
8783,concept
59405,named_entity
47936,concept
111242,non_english
118284,concept
19039,concept
97814,concept
78028,concept
58009,concept
129852,concept
127753,concept
106197,concept
70217,non_english
55215,named_entity
24210,concept
11216,concept
62414,concept
45073,concept
104343,fragment_or_generic
71706,named_entity
25046,named_entity
53095,concept
22460,concept
78503,concept
44342,named_entity
56396,non_english
25827,concept
76167,concept
93248,fragment_or_generic
45434,fragment_or_generic
103135,concept
125408,fragment_or_generic
84441,non_english
110258,concept
473,concept
123693,concept
50188,concept
28076,named_entity
116021,concept
60510,concept
41797,concept
36447,non_english
126501,concept
78483,concept
65721,concept
103409,named_entity
30171,concept
109283,concept
81916,named_entity
7331,concept
21881,concept
36905,concept
55550,concept
42498,concept
44644,named_entity
48606,concept
37311,concept
125257,named_entity
3078,concept
59243,named_entity
3576,concept
33136,concept
45908,concept
54634,named_entity
104166,concept
30088,concept
8792,concept
53612,named_entity
116520,concept
111154,concept
66592,concept
101768,non_english
90063,concept
57669,concept
63284,non_english
126913,concept
53722,concept
87598,non_english
32100,non_english
76263,non_english
30636,named_entity
118064,concept
1047,non_english
73062,named_entity
93588,concept
126826,concept
45111,concept
88148,concept
3653,concept
1972,concept
98009,concept
42459,named_entity
68425,non_english
26482,named_entity
115234,concept
26561,fragment_or_generic
38385,concept
57640,concept
106631,named_entity
45212,concept
41770,concept
88536,concept
41388,concept
53684,concept
113917,concept
122076,concept
48636,concept
132015,concept
75625,non_english
8811,non_english
19672,concept
66746,concept
74100,non_english
73319,named_entity
17170,concept
92111,concept
5423,concept
11872,concept
23973,concept
32574,concept
35965,concept
68416,concept
100478,fragment_or_generic
16378,non_english
132038,non_english
117276,named_entity
45475,concept
29191,fragment_or_generic
6579,concept
42399,concept
88253,concept
75411,concept
14020,concept
88190,concept
11230,concept
140,named_entity
24095,named_entity
19379,concept
22090,concept
65854,fragment_or_generic
42782,concept
42656,concept
80567,concept
129379,fragment_or_generic
120381,concept
22392,non_english
128085,named_entity
120604,concept
18525,fragment_or_generic
56534,concept
17138,concept
67720,concept
69317,named_entity
128206,named_entity
70528,concept
19570,concept
108365,concept
120018,non_english
35425,non_english
29316,non_english
29027,named_entity
50126,fragment_or_generic
78715,non_english
52740,concept
17524,concept
72330,concept
56149,concept
18942,concept
41916,concept
6807,named_entity
19111,concept
23482,concept
12062,concept
59913,non_english
105286,named_entity
30686,concept
39600,fragment_or_generic
126062,concept
9589,concept
57934,named_entity
35904,concept
121785,non_english
109272,non_english
10543,concept
79376,non_english
65617,concept
57436,concept
17683,concept
106875,concept
51846,concept
15727,concept
18567,named_entity
54503,concept
5687,concept
104880,concept
937,concept
8844,concept
53866,concept
15625,named_entity
122771,concept
61716,fragment_or_generic
68906,named_entity
37022,concept
120557,non_english
11395,concept
47310,named_entity
88578,concept
28115,named_entity
27420,non_english
62571,non_english
71682,named_entity
63584,concept
2761,concept
55633,named_entity
37824,named_entity
27595,named_entity
52670,concept
105040,concept
43053,concept
9625,non_english
1977,concept
50679,concept
25584,concept
110219,concept
49843,concept
102943,concept
123475,named_entity
108014,non_english
87362,concept
1024,non_english
16924,concept
24611,concept
76779,named_entity
62912,non_english
96145,concept
71650,concept
15173,concept
126354,concept
33563,concept
47460,concept
88747,concept
23982,named_entity
43982,concept
69486,concept
92582,fragment_or_generic
37690,named_entity
52299,non_english
102439,concept
68847,concept
12553,fragment_or_generic
11033,concept
105253,concept
75415,concept
26889,non_english
100898,concept
72411,named_entity
109407,named_entity
16670,named_entity
5050,concept
75709,concept
123264,named_entity
70047,concept
127558,concept
53652,named_entity
458,non_english
111133,non_english
35943,concept
86402,concept
93980,non_english
40907,concept
17067,named_entity
128533,named_entity
96565,concept
89625,named_entity
22877,concept
60294,named_entity
5463,fragment_or_generic
126089,concept
125323,named_entity
47504,named_entity
47076,fragment_or_generic
44709,named_entity
91384,concept
92661,concept
89472,concept
98999,non_english
11192,concept
117746,concept
106398,non_english
55092,non_english
93827,fragment_or_generic
3641,non_english
128272,concept
105750,named_entity
123021,non_english
85888,concept
25188,non_english
38464,concept
117541,concept
929,fragment_or_generic
3815,concept
32360,concept
28367,non_english
75687,named_entity
101871,non_english
54673,concept
37653,concept
121190,named_entity
77630,non_english
80129,concept
116870,named_entity
97899,concept
88904,concept
15728,named_entity
35266,named_entity
114087,concept
30069,named_entity
70749,concept
80142,concept
130716,concept
78868,concept
27533,named_entity
102727,concept
89961,non_english
115431,concept
59995,named_entity
92994,concept
119088,named_entity
42014,concept
8212,concept
96539,concept
113495,concept
53637,concept
124342,concept
19958,concept
129828,named_entity
57601,concept
63736,concept
21168,non_english
67456,named_entity
30347,named_entity
29995,named_entity
79634,named_entity
47672,concept
77298,named_entity
45905,named_entity
102760,named_entity
2313,concept
43115,concept
96215,concept
33662,named_entity
14917,concept
50202,concept
91587,non_english
59691,concept
77044,named_entity
33420,concept
111209,named_entity
95282,concept
116599,named_entity
116880,concept
915,named_entity
107387,named_entity
59069,concept
43897,named_entity
59194,fragment_or_generic
96489,fragment_or_generic
61178,named_entity
75027,non_english
63768,concept
78776,fragment_or_generic
91925,named_entity
45178,named_entity
112975,fragment_or_generic
46346,concept
91027,non_english
60490,named_entity
130593,concept
80832,named_entity
91765,concept
2782,named_entity
35276,fragment_or_generic
71635,concept
122866,named_entity
72866,concept
12404,non_english
14946,named_entity
101934,concept
12528,concept
90378,named_entity
5057,concept
114295,concept
91933,concept
103558,concept
22347,named_entity
18218,concept
91256,non_english
47990,named_entity
77193,named_entity
20420,named_entity
4248,concept
90688,concept
4090,concept
4716,named_entity
54466,concept
391,concept
124896,non_english
9280,concept
82715,concept
91842,concept
105140,concept
3650,concept
96541,non_english
47012,concept
45987,concept
113020,named_entity
5273,named_entity
20483,fragment_or_generic
125618,concept
87353,concept
106541,concept
46173,concept
74568,named_entity
56833,concept
47421,named_entity
62893,concept
85483,named_entity
55328,non_english
58310,concept
126878,non_english
109286,boilerplate
86359,concept
87854,concept
49453,fragment_or_generic
6910,fragment_or_generic
50309,concept
73952,fragment_or_generic
10824,fragment_or_generic
19109,fragment_or_generic
117158,fragment_or_generic
53676,non_english
75740,fragment_or_generic
71557,non_english
88650,named_entity
4481,named_entity
29183,non_english
22241,concept
92198,named_entity
16454,fragment_or_generic
99866,named_entity
131274,concept
49775,concept
5411,non_english
37559,concept
129363,concept
950,concept
1404,concept
59725,concept
118567,concept
116292,non_english
27612,fragment_or_generic
34192,named_entity
5636,named_entity
49074,named_entity
96267,named_entity
93879,named_entity
31159,named_entity
49119,concept
111146,named_entity
97320,concept
79570,non_english
69968,non_english
72031,named_entity
79358,concept
9201,fragment_or_generic
102859,fragment_or_generic
130322,concept
42831,named_entity
126899,fragment_or_generic
109558,named_entity
68500,fragment_or_generic
121675,concept
118310,fragment_or_generic
96700,concept
76768,named_entity
75228,concept
72689,named_entity
45343,non_english
47534,named_entity
122184,concept
36705,fragment_or_generic
80364,named_entity
107901,fragment_or_generic
74908,non_english
60758,fragment_or_generic
106467,non_english
131012,non_english
40997,concept
32663,fragment_or_generic
129130,fragment_or_generic
29288,fragment_or_generic
112124,fragment_or_generic
40095,concept
92657,concept
52543,concept
113348,named_entity
24582,non_english
85440,fragment_or_generic
69827,fragment_or_generic
103865,concept
118695,concept
30066,concept
23949,fragment_or_generic
89442,concept
56940,named_entity
3637,non_english
43447,non_english
78863,fragment_or_generic
63270,concept
51167,non_english
77695,named_entity
109116,concept
72413,concept
21862,concept
66942,concept
122581,named_entity
83313,concept
119257,non_english
83472,concept
93765,fragment_or_generic
80180,concept
110987,concept
26930,named_entity
26920,concept
35193,named_entity
52795,concept
130689,concept
101319,concept
66520,named_entity
8725,non_english
3134,non_english
62499,concept
95357,non_english
111057,named_entity
88968,fragment_or_generic
26419,non_english
104692,concept
43751,concept
20081,named_entity
116931,named_entity
102772,non_english
11173,concept
106506,concept
119027,concept
6795,concept
100260,concept
25865,non_english
15095,concept
227,named_entity
106183,concept
130968,concept
106895,boilerplate
64371,named_entity
128587,concept
42493,concept
93450,concept
58539,named_entity
52111,concept
51313,named_entity
84755,concept
100572,concept
10344,named_entity
62179,concept
32715,concept
57594,concept
43594,concept
50695,concept
65516,non_english
16135,named_entity
129566,fragment_or_generic
36129,concept
48264,concept
67180,named_entity
5964,named_entity
96376,concept
7125,concept
79245,concept
67576,concept
129945,concept
75854,concept
129523,concept
120792,non_english
86202,named_entity
96327,concept
91259,concept
27470,concept
87069,concept
89125,concept
86592,non_english
121323,concept
128745,concept
38907,non_english
10194,fragment_or_generic
56623,fragment_or_generic
8710,fragment_or_generic
86032,fragment_or_generic
46174,concept
59998,fragment_or_generic
11679,concept
82042,named_entity
5867,concept
75404,concept
956,concept
29544,non_english
116644,concept
82420,named_entity
44920,concept
129144,concept
47870,concept
97288,concept
88530,concept
20686,concept
109039,non_english
51288,named_entity
67973,named_entity
125535,concept
